﻿<LinkSources version="1.02">
  <page ID="DEB1B3FD-EF8B-4F67-82F4-9E5BC60DF71E">
    <linkSource sourcePageID="063F464A-96AC-44FA-B83B-0D7767AD986B" comID="2D661427-F80C-4A6B-BB21-234D53527E14" comLinkType="cltPageLink"/>
    <linkSource sourcePageID="063F464A-96AC-44FA-B83B-0D7767AD986B" comID="8C77ABC2-702A-4EC9-B3DF-FFF0A500CF45" comLinkType="cltPageLink"/>
  </page>
  <page ID="D2DD6C4F-0336-4518-8E33-C728674AA441">
    <linkSource sourcePageID="DEB1B3FD-EF8B-4F67-82F4-9E5BC60DF71E" comID="B42502BC-1A15-49A6-A55F-2BC0659C014D" comLinkType="cltPageLink"/>
  </page>
  <page ID="D6DF3855-CE48-44A3-959A-D1C5DE6007AC">
    <linkSource sourcePageID="DEB1B3FD-EF8B-4F67-82F4-9E5BC60DF71E" comID="F1ABD8D4-9CB6-4467-B5F8-39CD2D92FE26" comLinkType="cltPageLink"/>
    <linkSource sourcePageID="76A4134C-8E18-40B6-9CCC-6307C1565A5A" comID="62FE9EA4-F240-4A84-8991-8EC320EE57CC" comLinkType="cltPageLink"/>
  </page>
  <page ID="7D82D108-6C3C-4B41-8F46-37468D75CF35">
    <linkSource sourcePageID="DEB1B3FD-EF8B-4F67-82F4-9E5BC60DF71E" comID="8584A749-E0F4-4E11-8A06-FFBE29352773" comLinkType="cltPageLink"/>
    <linkSource sourcePageID="4B8D6AE2-1812-48CE-B9CF-E0AE995490FA" comID="B7398C65-5125-4C10-A5BE-A3E926B9D8E4" comLinkType="cltPageLink"/>
    <linkSource sourcePageID="ABAB764A-F1DD-4AF7-B8D1-AC9DE244C844" comID="C174108F-A872-489D-B5A2-5D11A34E27F8" comLinkType="cltPageLink"/>
    <linkSource sourcePageID="7D82D108-6C3C-4B41-8F46-37468D75CF35" comID="21C073CE-5C07-40FB-82BF-974FB075E1EB" comLinkType="cltPageLink"/>
  </page>
  <page ID="4B619D6A-FDC5-40C1-8DC3-3BB202EB5EB4">
    <linkSource sourcePageID="ABAB764A-F1DD-4AF7-B8D1-AC9DE244C844" comID="466F5D17-F01D-4C36-A05F-971617ED69AA" comLinkType="cltPageLink"/>
    <linkSource sourcePageID="7D82D108-6C3C-4B41-8F46-37468D75CF35" comID="B99A1CD8-93E2-493E-AF69-45CF33C2ECBB" comLinkType="cltPageLink"/>
    <linkSource sourcePageID="7D82D108-6C3C-4B41-8F46-37468D75CF35" comID="9D88C87B-0CAD-48D9-B67D-73E6A20663D3" comLinkType="cltPageLink"/>
    <linkSource sourcePageID="7D82D108-6C3C-4B41-8F46-37468D75CF35" comID="21C073CE-5C07-40FB-82BF-974FB075E1EB" comLinkType="cltPageLink"/>
    <linkSource sourcePageID="4B8D6AE2-1812-48CE-B9CF-E0AE995490FA" comID="347FD3F0-BD8B-4024-A66D-E6EBD588534E" comLinkType="cltPageLink"/>
    <linkSource sourcePageID="4B8D6AE2-1812-48CE-B9CF-E0AE995490FA" comID="B7398C65-5125-4C10-A5BE-A3E926B9D8E4" comLinkType="cltPageLink"/>
    <linkSource sourcePageID="ABAB764A-F1DD-4AF7-B8D1-AC9DE244C844" comID="C174108F-A872-489D-B5A2-5D11A34E27F8" comLinkType="cltPageLink"/>
    <linkSource sourcePageID="B421D244-1F5E-46CC-B11B-CDAED1A66D80" comID="85B82E62-9542-4FA5-8916-9F973581245E" comLinkType="cltPageLink"/>
    <linkSource sourcePageID="B421D244-1F5E-46CC-B11B-CDAED1A66D80" comID="1A130DD7-85EB-4B69-ADB0-913717EA0F2F" comLinkType="cltPageLink"/>
    <linkSource sourcePageID="0BD5AFB8-8819-4F07-A08F-43A30A4BA1CB" comID="480DD380-73CC-4AB2-BA75-5CEC0C5E2C3B" comLinkType="cltPageLink"/>
    <linkSource sourcePageID="0BD5AFB8-8819-4F07-A08F-43A30A4BA1CB" comID="0F9DF58B-BC14-4F12-93C0-EC9D565F7398" comLinkType="cltPageLink"/>
    <linkSource sourcePageID="4B619D6A-FDC5-40C1-8DC3-3BB202EB5EB4" comID="2CCBFE08-8274-4203-849E-74863A786383" comLinkType="cltPageLink"/>
  </page>
  <page ID="DC82554D-2385-453B-8686-A83FADB4DD7A">
    <linkSource sourcePageID="7D82D108-6C3C-4B41-8F46-37468D75CF35" comID="16ABFA01-DDDE-45FA-ABD4-B8E5F62F3C3D" comLinkType="cltPageLink"/>
    <linkSource sourcePageID="7D82D108-6C3C-4B41-8F46-37468D75CF35" comID="21C073CE-5C07-40FB-82BF-974FB075E1EB" comLinkType="cltPageLink"/>
    <linkSource sourcePageID="4B619D6A-FDC5-40C1-8DC3-3BB202EB5EB4" comID="74D785AE-024B-4CD2-AB6C-791E2773D8D8" comLinkType="cltPageLink"/>
    <linkSource sourcePageID="B421D244-1F5E-46CC-B11B-CDAED1A66D80" comID="0C1A5A18-EAE0-4F96-8A81-AEAAD0F1B7A8" comLinkType="cltPageLink"/>
    <linkSource sourcePageID="0BD5AFB8-8819-4F07-A08F-43A30A4BA1CB" comID="94FBF9CE-6C75-4B1A-AF0A-8F3B29AFC7AF" comLinkType="cltPageLink"/>
  </page>
  <page ID="4B8D6AE2-1812-48CE-B9CF-E0AE995490FA">
    <linkSource sourcePageID="7D82D108-6C3C-4B41-8F46-37468D75CF35" comID="21C073CE-5C07-40FB-82BF-974FB075E1EB" comLinkType="cltPageLink"/>
    <linkSource sourcePageID="4B8D6AE2-1812-48CE-B9CF-E0AE995490FA" comID="B7398C65-5125-4C10-A5BE-A3E926B9D8E4" comLinkType="cltPageLink"/>
    <linkSource sourcePageID="ABAB764A-F1DD-4AF7-B8D1-AC9DE244C844" comID="C174108F-A872-489D-B5A2-5D11A34E27F8" comLinkType="cltPageLink"/>
  </page>
  <page ID="ABAB764A-F1DD-4AF7-B8D1-AC9DE244C844">
    <linkSource sourcePageID="7D82D108-6C3C-4B41-8F46-37468D75CF35" comID="21C073CE-5C07-40FB-82BF-974FB075E1EB" comLinkType="cltPageLink"/>
    <linkSource sourcePageID="4B8D6AE2-1812-48CE-B9CF-E0AE995490FA" comID="B7398C65-5125-4C10-A5BE-A3E926B9D8E4" comLinkType="cltPageLink"/>
    <linkSource sourcePageID="ABAB764A-F1DD-4AF7-B8D1-AC9DE244C844" comID="C174108F-A872-489D-B5A2-5D11A34E27F8" comLinkType="cltPageLink"/>
    <linkSource sourcePageID="0AF04F2E-5877-4A36-90BC-C8E72C1F03CC" comID="F348F5F4-DF52-4EEA-9D96-7A7F0300BCBD" comLinkType="cltPageLink"/>
    <linkSource sourcePageID="0AF04F2E-5877-4A36-90BC-C8E72C1F03CC" comID="749E3E59-757C-4F35-B547-DF28708FE303" comLinkType="cltPageLink"/>
  </page>
  <page ID="B421D244-1F5E-46CC-B11B-CDAED1A66D80">
    <linkSource sourcePageID="063F464A-96AC-44FA-B83B-0D7767AD986B" comID="9ECA5B4E-C76A-4C08-BBEE-C9BBA8005405" comLinkType="cltPageLink"/>
    <linkSource sourcePageID="61E89ADF-7E36-43FB-95EE-C3882B533EC1" comID="5C561EA4-86AF-4D14-B69A-A315C2C72B13" comLinkType="cltPageLink"/>
    <linkSource sourcePageID="0BD5AFB8-8819-4F07-A08F-43A30A4BA1CB" comID="FE1B0DA6-4779-4DEA-A3CC-66DB16DF332B" comLinkType="cltPageLink"/>
    <linkSource sourcePageID="B421D244-1F5E-46CC-B11B-CDAED1A66D80" comID="D2DFA77A-9165-4F05-90C8-8E78FC09E437" comLinkType="cltPageLink"/>
    <linkSource sourcePageID="B3223A31-70F0-4E7D-B578-FD248C50D114" comID="6C592988-FB3F-4114-BF5D-4F554DA2F0CE" comLinkType="cltPageLink"/>
    <linkSource sourcePageID="6EB601A7-083B-461C-813A-BDB239B468CC" comID="6C592988-FB3F-4114-BF5D-4F554DA2F0CE" comLinkType="cltPageLink"/>
  </page>
  <page ID="0BD5AFB8-8819-4F07-A08F-43A30A4BA1CB">
    <linkSource sourcePageID="063F464A-96AC-44FA-B83B-0D7767AD986B" comID="65DE4044-1A58-4709-B392-46D922644E36" comLinkType="cltPageLink"/>
    <linkSource sourcePageID="61E89ADF-7E36-43FB-95EE-C3882B533EC1" comID="5C561EA4-86AF-4D14-B69A-A315C2C72B13" comLinkType="cltPageLink"/>
    <linkSource sourcePageID="0BD5AFB8-8819-4F07-A08F-43A30A4BA1CB" comID="FE1B0DA6-4779-4DEA-A3CC-66DB16DF332B" comLinkType="cltPageLink"/>
    <linkSource sourcePageID="B421D244-1F5E-46CC-B11B-CDAED1A66D80" comID="D2DFA77A-9165-4F05-90C8-8E78FC09E437" comLinkType="cltPageLink"/>
    <linkSource sourcePageID="B3223A31-70F0-4E7D-B578-FD248C50D114" comID="6C592988-FB3F-4114-BF5D-4F554DA2F0CE" comLinkType="cltPageLink"/>
    <linkSource sourcePageID="6EB601A7-083B-461C-813A-BDB239B468CC" comID="6C592988-FB3F-4114-BF5D-4F554DA2F0CE" comLinkType="cltPageLink"/>
  </page>
  <page ID="B3223A31-70F0-4E7D-B578-FD248C50D114">
    <linkSource sourcePageID="0BD5AFB8-8819-4F07-A08F-43A30A4BA1CB" comID="FE1B0DA6-4779-4DEA-A3CC-66DB16DF332B" comLinkType="cltPageLink"/>
    <linkSource sourcePageID="B421D244-1F5E-46CC-B11B-CDAED1A66D80" comID="D2DFA77A-9165-4F05-90C8-8E78FC09E437" comLinkType="cltPageLink"/>
    <linkSource sourcePageID="B3223A31-70F0-4E7D-B578-FD248C50D114" comID="6C592988-FB3F-4114-BF5D-4F554DA2F0CE" comLinkType="cltPageLink"/>
    <linkSource sourcePageID="6EB601A7-083B-461C-813A-BDB239B468CC" comID="6C592988-FB3F-4114-BF5D-4F554DA2F0CE" comLinkType="cltPageLink"/>
  </page>
  <page ID="6EB601A7-083B-461C-813A-BDB239B468CC">
    <linkSource sourcePageID="0BD5AFB8-8819-4F07-A08F-43A30A4BA1CB" comID="FE1B0DA6-4779-4DEA-A3CC-66DB16DF332B" comLinkType="cltPageLink"/>
    <linkSource sourcePageID="B421D244-1F5E-46CC-B11B-CDAED1A66D80" comID="D2DFA77A-9165-4F05-90C8-8E78FC09E437" comLinkType="cltPageLink"/>
    <linkSource sourcePageID="B3223A31-70F0-4E7D-B578-FD248C50D114" comID="6C592988-FB3F-4114-BF5D-4F554DA2F0CE" comLinkType="cltPageLink"/>
    <linkSource sourcePageID="6EB601A7-083B-461C-813A-BDB239B468CC" comID="6C592988-FB3F-4114-BF5D-4F554DA2F0CE" comLinkType="cltPageLink"/>
  </page>
  <page ID="0F7E7BBC-58A9-4967-85E4-1BB821695E79">
    <linkSource sourcePageID="063F464A-96AC-44FA-B83B-0D7767AD986B" comID="7C6813DC-5067-482F-B5A3-81459751A783" comLinkType="cltPageLink"/>
    <linkSource sourcePageID="86913C8E-8E0B-4AC8-B4E5-7F882B7495EE" comID="D8CFD350-BC46-4F73-A35F-0474F8100BBD" comLinkType="cltPageLink"/>
    <linkSource sourcePageID="E1787FA4-D975-43D9-A1CF-5899AF72778F" comID="C32C2C0B-8BA1-49ED-8E37-142C810AE65F" comLinkType="cltPageLink"/>
  </page>
  <page ID="89E3A6C9-1EE9-4853-94AB-A901A111AE50">
    <linkSource sourcePageID="0F7E7BBC-58A9-4967-85E4-1BB821695E79" comID="A42D5C7F-E8D5-47D7-85AE-57B2E4BB7BB0" comLinkType="cltPageLink"/>
  </page>
  <page ID="2E996C29-BEAB-4E6B-B834-294BBACD4BEA">
    <linkSource sourcePageID="063F464A-96AC-44FA-B83B-0D7767AD986B" comID="D826642D-63CC-426B-9C22-C0AED8192DFB" comLinkType="cltPageLink"/>
    <linkSource sourcePageID="86913C8E-8E0B-4AC8-B4E5-7F882B7495EE" comID="D8CFD350-BC46-4F73-A35F-0474F8100BBD" comLinkType="cltPageLink"/>
    <linkSource sourcePageID="E1787FA4-D975-43D9-A1CF-5899AF72778F" comID="C32C2C0B-8BA1-49ED-8E37-142C810AE65F" comLinkType="cltPageLink"/>
  </page>
  <page ID="41A165FE-99F9-4672-B394-703188EA514A">
    <linkSource sourcePageID="063F464A-96AC-44FA-B83B-0D7767AD986B" comID="9D8E75B5-747E-41C0-89B2-0D7694E34FD7" comLinkType="cltPageLink"/>
    <linkSource sourcePageID="E1787FA4-D975-43D9-A1CF-5899AF72778F" comID="C32C2C0B-8BA1-49ED-8E37-142C810AE65F" comLinkType="cltPageLink"/>
    <linkSource sourcePageID="86913C8E-8E0B-4AC8-B4E5-7F882B7495EE" comID="D8CFD350-BC46-4F73-A35F-0474F8100BBD" comLinkType="cltPageLink"/>
  </page>
  <page ID="3B8E14CC-E4E4-4D0D-819D-D4665FEEE478">
    <linkSource sourcePageID="41A165FE-99F9-4672-B394-703188EA514A" comID="32A34E7D-77A7-4305-8553-E481B676AF73" comLinkType="cltPageLink"/>
    <linkSource sourcePageID="41A165FE-99F9-4672-B394-703188EA514A" comID="706DF533-1ED1-43F1-A199-9D73FB912428" comLinkType="cltPageLink"/>
  </page>
  <page ID="FA897061-9E55-4F76-B0C9-C6D96CC77A1E">
    <linkSource sourcePageID="41A165FE-99F9-4672-B394-703188EA514A" comID="706DF533-1ED1-43F1-A199-9D73FB912428" comLinkType="cltPageLink"/>
  </page>
  <page ID="4BE2CE61-4B4D-4757-8960-99028F8C11B1">
    <linkSource sourcePageID="41A165FE-99F9-4672-B394-703188EA514A" comID="B7D34220-0600-4A98-ADDC-859C03D5E977" comLinkType="cltPageLink"/>
  </page>
  <page ID="8797C893-12B2-40D1-B089-D0379251F13A">
    <linkSource sourcePageID="41A165FE-99F9-4672-B394-703188EA514A" comID="F65C0E25-A52C-43C3-8C31-5EC2A9DC6B13" comLinkType="cltPageLink"/>
  </page>
  <page ID="0AF04F2E-5877-4A36-90BC-C8E72C1F03CC">
    <linkSource sourcePageID="063F464A-96AC-44FA-B83B-0D7767AD986B" comID="CE7B3D1A-620D-4692-B7BE-9A9F07CD0543" comLinkType="cltPageLink"/>
    <linkSource sourcePageID="0AF04F2E-5877-4A36-90BC-C8E72C1F03CC" comID="3C13B897-6293-4AA9-BCCF-72D52E169792" comLinkType="cltPageLink"/>
  </page>
  <page ID="0C8D73B4-2842-4C50-BA32-6691E1BB58AA">
    <linkSource sourcePageID="0AF04F2E-5877-4A36-90BC-C8E72C1F03CC" comID="3C13B897-6293-4AA9-BCCF-72D52E169792" comLinkType="cltPageLink"/>
  </page>
  <page ID="C183388E-E4EF-4DBA-BA1E-091C7B3334B6">
    <linkSource sourcePageID="063F464A-96AC-44FA-B83B-0D7767AD986B" comID="FB81A3F9-D80C-4468-8C5E-34061608E792" comLinkType="cltPageLink"/>
  </page>
  <page ID="8C9178B0-E91D-4A99-9E17-CA6F352678A7">
    <linkSource sourcePageID="063F464A-96AC-44FA-B83B-0D7767AD986B" comID="F4F2F527-1546-4EEE-872C-CB6672AECE62" comLinkType="cltPageLink"/>
    <linkSource sourcePageID="0F7E7BBC-58A9-4967-85E4-1BB821695E79" comID="CC30F404-9958-4842-A2A1-7F0630B06259" comLinkType="cltPageLink"/>
  </page>
  <page ID="E974858F-826C-4F80-BCD6-A7EFA8A1BB0A">
    <linkSource sourcePageID="C183388E-E4EF-4DBA-BA1E-091C7B3334B6" comID="ECAB7B41-94CB-42FE-BA16-E0BE5F06E889" comLinkType="cltPageLink"/>
  </page>
  <page ID="3536D2D3-B4B2-4440-81F7-D6D5E1F28C6E">
    <linkSource sourcePageID="C183388E-E4EF-4DBA-BA1E-091C7B3334B6" comID="ECAB7B41-94CB-42FE-BA16-E0BE5F06E889" comLinkType="cltPageLink"/>
  </page>
  <page ID="85B9936F-F7FC-4D72-9B30-84D3E4202B70">
    <linkSource sourcePageID="C183388E-E4EF-4DBA-BA1E-091C7B3334B6" comID="ECAB7B41-94CB-42FE-BA16-E0BE5F06E889" comLinkType="cltPageLink"/>
  </page>
  <page ID="B293EB83-DE46-4ECB-AD9C-8B0E61D4DA86">
    <linkSource sourcePageID="C183388E-E4EF-4DBA-BA1E-091C7B3334B6" comID="ECAB7B41-94CB-42FE-BA16-E0BE5F06E889" comLinkType="cltPageLink"/>
  </page>
  <page ID="063F464A-96AC-44FA-B83B-0D7767AD986B">
    <linkSource sourcePageID="7D82D108-6C3C-4B41-8F46-37468D75CF35" comID="3CA67599-B558-4D25-8AE2-A58451BCEC81" comLinkType="cltPageLink"/>
    <linkSource sourcePageID="4B619D6A-FDC5-40C1-8DC3-3BB202EB5EB4" comID="34BAE076-B91E-4089-A364-2304CB98992E" comLinkType="cltPageLink"/>
  </page>
  <page ID="5FE4FDE9-FA85-446B-A135-7ACA8CB36CA9">
    <linkSource sourcePageID="4B8D6AE2-1812-48CE-B9CF-E0AE995490FA" comID="6E2902A5-D9F8-482A-8228-5BF622731848" comLinkType="cltPageLink"/>
  </page>
  <page ID="BB805237-3C0D-48A6-AFB5-624B6A844F1A">
    <linkSource sourcePageID="3536D2D3-B4B2-4440-81F7-D6D5E1F28C6E" comID="3CAA8470-436A-4B3A-859D-30B90C9EA6D0" comLinkType="cltPageLink"/>
    <linkSource sourcePageID="063F464A-96AC-44FA-B83B-0D7767AD986B" comID="5589301D-BE59-47D7-BBA1-9591EBA78615" comLinkType="cltPageLink"/>
  </page>
  <page ID="129A7476-250C-4225-A26B-BEC34948C1AE">
    <linkSource sourcePageID="3536D2D3-B4B2-4440-81F7-D6D5E1F28C6E" comID="3CAA8470-436A-4B3A-859D-30B90C9EA6D0" comLinkType="cltPageLink"/>
  </page>
  <page ID="58FB975F-C2DA-4B7B-8E06-AE5FF67ABA18">
    <linkSource sourcePageID="85B9936F-F7FC-4D72-9B30-84D3E4202B70" comID="9B0671DA-DA5C-4C49-9B2C-3110A1B4A9C8" comLinkType="cltPageLink"/>
  </page>
  <page ID="AF3B573E-9649-458B-B112-E600287D2A89">
    <linkSource sourcePageID="85B9936F-F7FC-4D72-9B30-84D3E4202B70" comID="9B0671DA-DA5C-4C49-9B2C-3110A1B4A9C8" comLinkType="cltPageLink"/>
  </page>
  <page ID="472FCEAF-FED9-4F9B-B63F-41A88013F422">
    <linkSource sourcePageID="85B9936F-F7FC-4D72-9B30-84D3E4202B70" comID="9B0671DA-DA5C-4C49-9B2C-3110A1B4A9C8" comLinkType="cltPageLink"/>
  </page>
  <page ID="76A4134C-8E18-40B6-9CCC-6307C1565A5A">
    <linkSource sourcePageID="85B9936F-F7FC-4D72-9B30-84D3E4202B70" comID="9B0671DA-DA5C-4C49-9B2C-3110A1B4A9C8" comLinkType="cltPageLink"/>
  </page>
  <page ID="ADFD2C6A-BFD2-4BD0-B37F-C69A258AB47C">
    <linkSource sourcePageID="85B9936F-F7FC-4D72-9B30-84D3E4202B70" comID="9B0671DA-DA5C-4C49-9B2C-3110A1B4A9C8" comLinkType="cltPageLink"/>
  </page>
  <page ID="B0C01994-97E2-4005-B919-C9DD5AFE1D46">
    <linkSource sourcePageID="3536D2D3-B4B2-4440-81F7-D6D5E1F28C6E" comID="3CAA8470-436A-4B3A-859D-30B90C9EA6D0" comLinkType="cltPageLink"/>
  </page>
  <page ID="CF04A20C-5B9D-4815-BBD3-4AC951038AAE">
    <linkSource sourcePageID="B3223A31-70F0-4E7D-B578-FD248C50D114" comID="DB85702F-7C34-410B-874B-A71F39AB2097" comLinkType="cltPageLink"/>
  </page>
  <page ID="A92FA5FF-178D-4AE2-88DC-7244E16190A7">
    <linkSource sourcePageID="89E3A6C9-1EE9-4853-94AB-A901A111AE50" comID="B95AD49E-E318-4E3A-BB0F-F4021D64DA94" comLinkType="cltPageLink"/>
    <linkSource sourcePageID="89E3A6C9-1EE9-4853-94AB-A901A111AE50" comID="8AA41413-0AC8-4E5A-A864-8F9E7F3D7576" comLinkType="cltPageLink"/>
  </page>
  <page ID="E1787FA4-D975-43D9-A1CF-5899AF72778F">
    <linkSource sourcePageID="B3223A31-70F0-4E7D-B578-FD248C50D114" comID="42948ABC-A1E0-449E-9B17-5850BB5CF5ED" comLinkType="cltPageLink"/>
    <linkSource sourcePageID="61E89ADF-7E36-43FB-95EE-C3882B533EC1" comID="5C561EA4-86AF-4D14-B69A-A315C2C72B13" comLinkType="cltPageLink"/>
    <linkSource sourcePageID="86913C8E-8E0B-4AC8-B4E5-7F882B7495EE" comID="D8CFD350-BC46-4F73-A35F-0474F8100BBD" comLinkType="cltPageLink"/>
    <linkSource sourcePageID="76A4134C-8E18-40B6-9CCC-6307C1565A5A" comID="62FE9EA4-F240-4A84-8991-8EC320EE57CC" comLinkType="cltPageLink"/>
    <linkSource sourcePageID="B3223A31-70F0-4E7D-B578-FD248C50D114" comID="A07D246E-2DFB-4FC4-8A87-43508907399B" comLinkType="cltPageLink"/>
  </page>
  <page ID="7068EA60-E55E-4438-9B17-DF7E566C47E0">
    <linkSource sourcePageID="61E89ADF-7E36-43FB-95EE-C3882B533EC1" comID="5C561EA4-86AF-4D14-B69A-A315C2C72B13" comLinkType="cltPageLink"/>
    <linkSource sourcePageID="86913C8E-8E0B-4AC8-B4E5-7F882B7495EE" comID="D8CFD350-BC46-4F73-A35F-0474F8100BBD" comLinkType="cltPageLink"/>
  </page>
  <page ID="86913C8E-8E0B-4AC8-B4E5-7F882B7495EE">
    <linkSource sourcePageID="B421D244-1F5E-46CC-B11B-CDAED1A66D80" comID="4C1BD414-CCED-4270-974A-D10ABC30CAC9" comLinkType="cltPageLink"/>
    <linkSource sourcePageID="0BD5AFB8-8819-4F07-A08F-43A30A4BA1CB" comID="1239F52D-CCE9-43CC-9699-786B52C0D65B" comLinkType="cltPageLink"/>
    <linkSource sourcePageID="B3223A31-70F0-4E7D-B578-FD248C50D114" comID="B29CBBE9-9EA2-4378-AE9B-1FB50936E082" comLinkType="cltPageLink"/>
    <linkSource sourcePageID="6EB601A7-083B-461C-813A-BDB239B468CC" comID="B29CBBE9-9EA2-4378-AE9B-1FB50936E082" comLinkType="cltPageLink"/>
  </page>
  <page ID="61E89ADF-7E36-43FB-95EE-C3882B533EC1">
    <linkSource sourcePageID="4B619D6A-FDC5-40C1-8DC3-3BB202EB5EB4" comID="421E19E8-1242-422A-8341-0C843F2C1A1B" comLinkType="cltPageLink"/>
  </page>
  <page ID="E35DCA7C-F3D0-40A5-B3F2-5E3D2F2BAA33">
    <linkSource sourcePageID="86913C8E-8E0B-4AC8-B4E5-7F882B7495EE" comID="D8CFD350-BC46-4F73-A35F-0474F8100BBD" comLinkType="cltPageLink"/>
  </page>
</LinkSources>