﻿<mockup version="5.1" minAllowVersion="5.1" ID="063F464A-96AC-44FA-B83B-0D7767AD986B" platform="MtMobile" defaultW="360" defaultH="640" measureW="360" measureH="640" screenOrientation="MoPortrait" mobileScreenScale="1.77777779102325" clipArea="(0,0,0,0)">
  <controls controlCount="27">
    <control controlID="A2C328CA-5034-4B5D-A8FA-2C845CEB59D0" controlTypeID="__group__" x="39" y="90" w="281" h="434" zOrder="0">
      <groupChildrenDescriptors>
        <control controlID="B529FB56-61CC-40D3-93D2-B6030CFD3E64" controlTypeID="__group__" x="0" y="0" w="281" h="434" zOrder="0">
          <groupChildrenDescriptors>
            <control controlID="2E1CDA07-CA35-4D38-A4B1-903D2373332F" controlTypeID="Shape" x="0" y="0" w="280" h="429" zOrder="0">
              <font family="Segoe+UI" displayName="Segoe+UI" postScript="" weightStyle="Regular" weight="400" isBold="False" isItalic="False"/>
              <textSize>14</textSize>
              <selectedIndex>-1</selectedIndex>
            </control>
            <control controlID="FC3C6289-D08F-4E8C-806D-3FB2B9A97956" controlTypeID="Circle" x="91" y="12" w="86" h="65" zOrder="1">
              <font family="Segoe+UI" displayName="Segoe+UI" postScript="" weightStyle="Regular" weight="400" isBold="False" isItalic="False"/>
              <text>logo</text>
              <textSize>14</textSize>
              <selectedIndex>-1</selectedIndex>
              <shapeBorderType>SbEllipse</shapeBorderType>
            </control>
            <control controlID="C698047A-E989-4A7D-B9BF-AECBE8FC0BC7" controlTypeID="__group__" x="1" y="82" w="280" h="352" zOrder="2">
              <groupChildrenDescriptors>
                <control controlID="9ECA5B4E-C76A-4C08-BBEE-C9BBA8005405" controlTypeID="Shape" x="0" y="0" w="280" h="33" zOrder="0">
                  <links eventType="AtClick" animate="AmPushRight" animateAutoDelay="0" animateDuration="500">
                    <link targetPageID="B421D244-1F5E-46CC-B11B-CDAED1A66D80" linkType="ltPageLink" isApplyIncludePage="False" title="My+Page">
                      <area shape="0" alt="" ID="{65664202-1FE6-4423-8EC8-DF689F9407F5}" coords="(0,0,280,33)"/>
                    </link>
                  </links>
                  <font family="Segoe+UI" displayName="Segoe+UI" postScript="" weightStyle="Regular" weight="400" isBold="False" isItalic="False"/>
                  <text>my+page</text>
                  <textSize>14</textSize>
                  <selectedIndex>-1</selectedIndex>
                </control>
                <control controlID="D826642D-63CC-426B-9C22-C0AED8192DFB" controlTypeID="Shape" x="0" y="64" w="280" h="33" zOrder="1">
                  <links eventType="AtClick" animate="AmPushRight" animateAutoDelay="0" animateDuration="500">
                    <link targetPageID="2E996C29-BEAB-4E6B-B834-294BBACD4BEA" linkType="ltPageLink" isApplyIncludePage="False" title="Invitation">
                      <area shape="0" alt="" ID="{BB899C6E-4979-47D0-AC3F-8ADFC15E0E46}" coords="(0,0,280,33)"/>
                    </link>
                  </links>
                  <font family="Segoe+UI" displayName="Segoe+UI" postScript="" weightStyle="Regular" weight="400" isBold="False" isItalic="False"/>
                  <text>invitation</text>
                  <textSize>14</textSize>
                  <selectedIndex>-1</selectedIndex>
                </control>
                <control controlID="7C6813DC-5067-482F-B5A3-81459751A783" controlTypeID="Shape" x="0" y="96" w="280" h="33" zOrder="2">
                  <links eventType="AtClick" animate="AmPushRight" animateAutoDelay="0" animateDuration="500">
                    <link targetPageID="0F7E7BBC-58A9-4967-85E4-1BB821695E79" linkType="ltPageLink" isApplyIncludePage="False" title="Marketing">
                      <area shape="0" alt="" ID="{E6F72137-C79D-4CCD-B8A2-B5D8DEFD9AF7}" coords="(0,0,280,33)"/>
                    </link>
                  </links>
                  <font family="Segoe+UI" displayName="Segoe+UI" postScript="" weightStyle="Regular" weight="400" isBold="False" isItalic="False"/>
                  <text>marketing</text>
                  <textSize>14</textSize>
                  <selectedIndex>-1</selectedIndex>
                </control>
                <control controlID="9D8E75B5-747E-41C0-89B2-0D7694E34FD7" controlTypeID="Shape" x="0" y="128" w="280" h="33" zOrder="3">
                  <links eventType="AtClick" animate="AmPushRight" animateAutoDelay="0" animateDuration="500">
                    <link targetPageID="41A165FE-99F9-4672-B394-703188EA514A" linkType="ltPageLink" isApplyIncludePage="False" title="Investment">
                      <area shape="0" alt="" ID="{E7AA3662-07DE-4AFF-A638-41C2CC9FBBBB}" coords="(0,0,280,33)"/>
                    </link>
                  </links>
                  <font family="Segoe+UI" displayName="Segoe+UI" postScript="" weightStyle="Regular" weight="400" isBold="False" isItalic="False"/>
                  <text>investment</text>
                  <textSize>14</textSize>
                  <selectedIndex>-1</selectedIndex>
                </control>
                <control controlID="CE7B3D1A-620D-4692-B7BE-9A9F07CD0543" controlTypeID="Shape" x="0" y="160" w="280" h="33" zOrder="4">
                  <links eventType="AtClick" animate="AmPushRight" animateAutoDelay="0" animateDuration="500">
                    <link targetPageID="0AF04F2E-5877-4A36-90BC-C8E72C1F03CC" linkType="ltPageLink" isApplyIncludePage="False" title="Promotion">
                      <area shape="0" alt="" ID="{C586227D-4D5D-428B-BFB0-717D83C1387C}" coords="(0,0,280,33)"/>
                    </link>
                  </links>
                  <font family="Segoe+UI" displayName="Segoe+UI" postScript="" weightStyle="Regular" weight="400" isBold="False" isItalic="False"/>
                  <text>promotion</text>
                  <textSize>14</textSize>
                  <selectedIndex>-1</selectedIndex>
                </control>
                <control controlID="F4F2F527-1546-4EEE-872C-CB6672AECE62" controlTypeID="Shape" x="0" y="32" w="280" h="33" zOrder="5">
                  <links eventType="AtClick" animate="AmPushRight" animateAutoDelay="0" animateDuration="500">
                    <link targetPageID="8C9178B0-E91D-4A99-9E17-CA6F352678A7" linkType="ltPageLink" isApplyIncludePage="False" title="Dashboard">
                      <area shape="0" alt="" ID="{04B74F91-F56C-44AA-A35F-98D76418B709}" coords="(0,0,280,33)"/>
                    </link>
                  </links>
                  <font family="Segoe+UI" displayName="Segoe+UI" postScript="" weightStyle="Regular" weight="400" isBold="False" isItalic="False"/>
                  <text>dashboard</text>
                  <textSize>14</textSize>
                  <selectedIndex>-1</selectedIndex>
                </control>
                <control controlID="65DE4044-1A58-4709-B392-46D922644E36" controlTypeID="Shape" x="0" y="192" w="280" h="33" zOrder="6">
                  <links eventType="AtClick" animate="AmPushRight" animateAutoDelay="0" animateDuration="500">
                    <link targetPageID="0BD5AFB8-8819-4F07-A08F-43A30A4BA1CB" linkType="ltPageLink" isApplyIncludePage="False" title="My+page+-+my+library">
                      <area shape="0" alt="" ID="{3BEE2780-8B88-44B0-98B3-4573BB64CB6F}" coords="(0,0,280,33)"/>
                    </link>
                  </links>
                  <font family="Segoe+UI" displayName="Segoe+UI" postScript="" weightStyle="Regular" weight="400" isBold="False" isItalic="False"/>
                  <text>my+library</text>
                  <textSize>14</textSize>
                  <selectedIndex>-1</selectedIndex>
                </control>
                <control controlID="FB81A3F9-D80C-4468-8C5E-34061608E792" controlTypeID="Shape" x="0" y="224" w="280" h="33" zOrder="7">
                  <links eventType="AtClick" animate="AmPushRight" animateAutoDelay="0" animateDuration="500">
                    <link targetPageID="C183388E-E4EF-4DBA-BA1E-091C7B3334B6" linkType="ltPageLink" isApplyIncludePage="False" title="Settings">
                      <area shape="0" alt="" ID="{D28B61BF-6570-436C-9F13-465226BD49A2}" coords="(0,0,280,33)"/>
                    </link>
                  </links>
                  <font family="Segoe+UI" displayName="Segoe+UI" postScript="" weightStyle="Regular" weight="400" isBold="False" isItalic="False"/>
                  <text>settings</text>
                  <textSize>14</textSize>
                  <selectedIndex>-1</selectedIndex>
                </control>
                <control controlID="2D661427-F80C-4A6B-BB21-234D53527E14" controlTypeID="Shape" x="0" y="288" w="280" h="33" zOrder="8">
                  <links eventType="AtClick" animate="AmPushRight" animateAutoDelay="0" animateDuration="500">
                    <link targetPageID="DEB1B3FD-EF8B-4F67-82F4-9E5BC60DF71E" linkType="ltPageLink" isApplyIncludePage="False" title="Login">
                      <area shape="0" alt="" ID="{201A77C5-D11A-47E7-8454-9C480BEF8BBD}" coords="(0,0,280,33)"/>
                    </link>
                  </links>
                  <font family="Segoe+UI" displayName="Segoe+UI" postScript="" weightStyle="Regular" weight="400" isBold="False" isItalic="False"/>
                  <text>sign+in%2Fsign+up</text>
                  <textSize>14</textSize>
                  <selectedIndex>-1</selectedIndex>
                </control>
                <control controlID="5589301D-BE59-47D7-BBA1-9591EBA78615" controlTypeID="Shape" x="0" y="256" w="280" h="33" zOrder="9">
                  <links eventType="AtClick" animate="AmSlideUp" animateAutoDelay="0" animateDuration="500">
                    <link targetPageID="BB805237-3C0D-48A6-AFB5-624B6A844F1A" linkType="ltPageLink" isApplyIncludePage="False" title="web+view">
                      <area shape="0" alt="" ID="{BAFB27EA-5FFD-4BD1-A640-41B910FA03B7}" coords="(0,0,280,33)"/>
                    </link>
                  </links>
                  <font family="Segoe+UI" displayName="Segoe+UI" postScript="" weightStyle="Regular" weight="400" isBold="False" isItalic="False"/>
                  <text>forum</text>
                  <textSize>14</textSize>
                  <selectedIndex>-1</selectedIndex>
                </control>
                <control controlID="8C77ABC2-702A-4EC9-B3DF-FFF0A500CF45" controlTypeID="Shape" x="0" y="319" w="280" h="33" zOrder="10">
                  <links eventType="AtClick" animate="AmPushRight" animateAutoDelay="0" animateDuration="500">
                    <link targetPageID="DEB1B3FD-EF8B-4F67-82F4-9E5BC60DF71E" linkType="ltPageLink" isApplyIncludePage="False" title="Login">
                      <area shape="0" alt="" ID="{8A2414E8-8454-43B5-9CA0-4866558DA36C}" coords="(0,0,280,33)"/>
                    </link>
                  </links>
                  <font family="Segoe+UI" displayName="Segoe+UI" postScript="" weightStyle="Regular" weight="400" isBold="False" isItalic="False"/>
                  <text>sign+out</text>
                  <textSize>14</textSize>
                  <selectedIndex>-1</selectedIndex>
                </control>
              </groupChildrenDescriptors>
            </control>
          </groupChildrenDescriptors>
        </control>
        <control controlID="2778C896-4F5D-4932-9790-6883ACC59711" controlTypeID="Circle" x="81" y="121" w="22" h="20" zOrder="1">
          <font family="Segoe+UI" displayName="Segoe+UI" postScript="" weightStyle="Regular" weight="400" isBold="False" isItalic="False"/>
          <textSize>14</textSize>
          <selectedIndex>-1</selectedIndex>
          <shapeBorderType>SbEllipse</shapeBorderType>
        </control>
        <control controlID="31D47471-9720-46A1-88F9-5B10F01F6847" controlTypeID="Circle" x="86" y="153" w="22" h="20" zOrder="2">
          <font family="Segoe+UI" displayName="Segoe+UI" postScript="" weightStyle="Regular" weight="400" isBold="False" isItalic="False"/>
          <textSize>14</textSize>
          <selectedIndex>-1</selectedIndex>
          <shapeBorderType>SbEllipse</shapeBorderType>
        </control>
        <control controlID="F01ADD8D-E44D-4E45-A3F8-B3299D3D3D7C" controlTypeID="Circle" x="84" y="184" w="22" h="20" zOrder="3">
          <font family="Segoe+UI" displayName="Segoe+UI" postScript="" weightStyle="Regular" weight="400" isBold="False" isItalic="False"/>
          <textSize>14</textSize>
          <selectedIndex>-1</selectedIndex>
          <shapeBorderType>SbEllipse</shapeBorderType>
        </control>
        <control controlID="F68E6D95-6F83-44E2-B431-201DF2696C07" controlTypeID="Circle" x="81" y="216" w="22" h="20" zOrder="4">
          <font family="Segoe+UI" displayName="Segoe+UI" postScript="" weightStyle="Regular" weight="400" isBold="False" isItalic="False"/>
          <textSize>14</textSize>
          <selectedIndex>-1</selectedIndex>
          <shapeBorderType>SbEllipse</shapeBorderType>
        </control>
        <control controlID="18EB7649-0A21-49DC-80AD-ABE8CB153F7A" controlTypeID="Circle" x="82" y="248" w="22" h="20" zOrder="5">
          <font family="Segoe+UI" displayName="Segoe+UI" postScript="" weightStyle="Regular" weight="400" isBold="False" isItalic="False"/>
          <textSize>14</textSize>
          <selectedIndex>-1</selectedIndex>
          <shapeBorderType>SbEllipse</shapeBorderType>
        </control>
        <control controlID="62429575-6ED7-4256-8D68-1C1C9E7DED18" controlTypeID="Circle" x="84" y="282" w="22" h="20" zOrder="6">
          <font family="Segoe+UI" displayName="Segoe+UI" postScript="" weightStyle="Regular" weight="400" isBold="False" isItalic="False"/>
          <textSize>14</textSize>
          <selectedIndex>-1</selectedIndex>
          <shapeBorderType>SbEllipse</shapeBorderType>
        </control>
        <control controlID="6C47535D-32F9-4536-9684-62D15EC3322C" controlTypeID="Circle" x="90" y="312" w="22" h="20" zOrder="7">
          <font family="Segoe+UI" displayName="Segoe+UI" postScript="" weightStyle="Regular" weight="400" isBold="False" isItalic="False"/>
          <textSize>14</textSize>
          <selectedIndex>-1</selectedIndex>
          <shapeBorderType>SbEllipse</shapeBorderType>
        </control>
        <control controlID="EEE7B403-79AA-4A7E-A960-6C27CB4EA507" controlTypeID="Circle" x="96" y="344" w="22" h="20" zOrder="8">
          <font family="Segoe+UI" displayName="Segoe+UI" postScript="" weightStyle="Regular" weight="400" isBold="False" isItalic="False"/>
          <textSize>14</textSize>
          <selectedIndex>-1</selectedIndex>
          <shapeBorderType>SbEllipse</shapeBorderType>
        </control>
        <control controlID="3DB0099A-1A2A-4342-8947-82E34D835A63" controlTypeID="Circle" x="69" y="376" w="22" h="20" zOrder="9">
          <font family="Segoe+UI" displayName="Segoe+UI" postScript="" weightStyle="Regular" weight="400" isBold="False" isItalic="False"/>
          <textSize>14</textSize>
          <selectedIndex>-1</selectedIndex>
          <shapeBorderType>SbEllipse</shapeBorderType>
        </control>
        <control controlID="E8FAFB8C-20E3-4744-A2D9-F08708A7362F" controlTypeID="Circle" x="90" y="407" w="22" h="20" zOrder="10">
          <font family="Segoe+UI" displayName="Segoe+UI" postScript="" weightStyle="Regular" weight="400" isBold="False" isItalic="False"/>
          <textSize>14</textSize>
          <selectedIndex>-1</selectedIndex>
          <shapeBorderType>SbEllipse</shapeBorderType>
        </control>
        <control controlID="D2E36095-418E-4341-BC38-3A0DC0FF02F3" controlTypeID="Circle" x="87" y="87" w="22" h="20" zOrder="11">
          <font family="Segoe+UI" displayName="Segoe+UI" postScript="" weightStyle="Regular" weight="400" isBold="False" isItalic="False"/>
          <textSize>14</textSize>
          <selectedIndex>-1</selectedIndex>
          <shapeBorderType>SbEllipse</shapeBorderType>
        </control>
      </groupChildrenDescriptors>
    </control>
  </controls>
  <param>
    <backgroundColor>4294967295</backgroundColor>
    <fontSize>0</fontSize>
    <fontFamily/>
    <guideLines/>
  </param>
</mockup>