﻿<mockup version="5.1" minAllowVersion="5.1" ID="0AF04F2E-5877-4A36-90BC-C8E72C1F03CC" platform="MtMobile" defaultW="360" defaultH="640" measureW="360" measureH="640" screenOrientation="MoPortrait" mobileScreenScale="1.77777779102325" clipArea="(0,0,0,0)">
  <controls controlCount="29">
    <control controlID="8A0E5DB2-1244-4229-B833-150EFB65A716" controlTypeID="__group__" x="-2" y="0" w="367" h="643" zOrder="0">
      <groupChildrenDescriptors>
        <control controlID="C3F6721D-6614-449D-B2F6-5668C99129A7" controlTypeID="TitleWindow" x="1" y="0" w="365" h="643" zOrder="0">
          <borderVisible>False</borderVisible>
          <font family="Segoe+UI" displayName="Segoe+UI" postScript="" weightStyle="Regular" weight="400" isBold="False" isItalic="False"/>
          <text>237First</text>
          <textSize>14</textSize>
          <textVAlign>VaTop</textVAlign>
          <lineSpacing>0</lineSpacing>
          <selectedIndex>-1</selectedIndex>
        </control>
        <control controlID="5C38088B-D5BB-4809-86A4-669273238396" controlTypeID="Top ActionBar" x="1" y="30" w="365" h="32" zOrder="1">
          <color>4292730333</color>
          <font family="Segoe+UI" displayName="Segoe+UI" postScript="" weightStyle="Regular" weight="400" isBold="False" isItalic="False"/>
          <text>Promotion</text>
          <textSize>14</textSize>
          <lineSpacing>0</lineSpacing>
        </control>
        <control controlID="5F65C2FD-0A90-4BFD-B436-3BDE4F301163" controlTypeID="TextArea" x="1" y="62" w="366" h="76" zOrder="2">
          <font family="Segoe+UI" displayName="Segoe+UI" postScript="" weightStyle="Regular" weight="400" isBold="False" isItalic="False"/>
          <text>Join+237First+in+promoting+our+Cameroonian+artists.+You+can+promote+your+brands%2C+events%2C+products%2C+and+much+more.+Let+users+know+about+what+you+do+behind+the+scenes!</text>
          <selectedIndex>-1</selectedIndex>
        </control>
        <control controlID="75DF63F2-5BE6-4E82-9DC2-A506C83254A5" controlTypeID="__group__" x="5" y="169" w="357" h="129" zOrder="3">
          <groupChildrenDescriptors>
            <control controlID="F348F5F4-DF52-4EEA-9D96-7A7F0300BCBD" controlTypeID="TextArea" x="50" y="0" w="240" h="24" zOrder="0">
              <links eventType="AtClick" animate="AmSlideRight" animateAutoDelay="0" animateDuration="500">
                <link targetPageID="ABAB764A-F1DD-4AF7-B8D1-AC9DE244C844" linkType="ltPageLink" isApplyIncludePage="False" title="Blog">
                  <area shape="0" alt="" ID="{88A9684B-BB86-4E72-8A0D-CFC99DD0896B}" coords="(0,0,240,24)"/>
                </link>
              </links>
              <font family="Segoe+UI" displayName="Segoe+UI" postScript="" weightStyle="Regular" weight="400" isBold="False" isItalic="False"/>
              <text>Latest+promotions</text>
              <textAlign>HaCenter</textAlign>
              <selectedIndex>-1</selectedIndex>
            </control>
            <control controlID="749E3E59-757C-4F35-B547-DF28708FE303" controlTypeID="__group__" x="0" y="24" w="357" h="105" zOrder="1">
              <links eventType="AtClick" animate="AmSlideRight" animateAutoDelay="0" animateDuration="500">
                <link targetPageID="ABAB764A-F1DD-4AF7-B8D1-AC9DE244C844" linkType="ltPageLink" isApplyIncludePage="False" title="Blog">
                  <area shape="0" alt="" ID="{AC8BB7D1-FC79-4925-942F-F81F6B376CD7}" coords="(0,0,357,105)"/>
                </link>
              </links>
              <groupChildrenDescriptors>
                <control controlID="A79D67B3-140B-42BD-9362-0045515F1024" controlTypeID="Shape" x="0" y="0" w="109" h="105" zOrder="0">
                  <font family="Segoe+UI" displayName="Segoe+UI" postScript="" weightStyle="Regular" weight="400" isBold="False" isItalic="False"/>
                  <textSize>14</textSize>
                  <selectedIndex>-1</selectedIndex>
                </control>
                <control controlID="B7CD3FDE-3EBF-4090-8914-EFB8882D006E" controlTypeID="Shape" x="119" y="0" w="115" h="105" zOrder="1">
                  <font family="Segoe+UI" displayName="Segoe+UI" postScript="" weightStyle="Regular" weight="400" isBold="False" isItalic="False"/>
                  <textSize>14</textSize>
                  <selectedIndex>-1</selectedIndex>
                </control>
                <control controlID="4BD651DE-E167-4D81-80D4-2952A114BB38" controlTypeID="Shape" x="246" y="0" w="111" h="104" zOrder="2">
                  <font family="Segoe+UI" displayName="Segoe+UI" postScript="" weightStyle="Regular" weight="400" isBold="False" isItalic="False"/>
                  <textSize>14</textSize>
                  <selectedIndex>-1</selectedIndex>
                </control>
                <control controlID="95387333-A0B1-4C95-9DB2-99A7E6016B60" controlTypeID="Icon" x="40" y="42" w="24" h="24" zOrder="3">
                  <icon>
                    <ID/>
                    <iconFontName>jdIonicons</iconFontName>
                    <iconCode>62600</iconCode>
                  </icon>
                  <URL>F1A083532284A2F27691E1826CCF3A21.svg</URL>
                </control>
                <control controlID="37D9AE40-D9D4-4B6D-A333-3B8BCE03E2EA" controlTypeID="Icon" x="165" y="40" w="24" h="24" zOrder="4">
                  <icon>
                    <ID/>
                    <iconFontName>jdIonicons</iconFontName>
                    <iconCode>62600</iconCode>
                  </icon>
                  <URL>F1A083532284A2F27691E1826CCF3A21.svg</URL>
                </control>
                <control controlID="8635FAED-1813-44C1-B3B7-4F9D381BD353" controlTypeID="Icon" x="291" y="41" w="24" h="24" zOrder="5">
                  <icon>
                    <ID/>
                    <iconFontName>jdIonicons</iconFontName>
                    <iconCode>62600</iconCode>
                  </icon>
                  <URL>F1A083532284A2F27691E1826CCF3A21.svg</URL>
                </control>
              </groupChildrenDescriptors>
            </control>
          </groupChildrenDescriptors>
        </control>
        <control controlID="582567D2-4B9B-4BEA-A0A6-B1822D121215" controlTypeID="__group__" x="0" y="309" w="367" h="278" zOrder="4">
          <groupChildrenDescriptors>
            <control controlID="6E2255A2-644B-4679-AA87-9F8FDAF738F9" controlTypeID="TextArea" x="54" y="0" w="240" h="35" zOrder="0">
              <font family="Segoe+UI" displayName="Segoe+UI" postScript="" weightStyle="Regular" weight="400" isBold="False" isItalic="False"/>
              <text>my+promotions</text>
              <textAlign>HaCenter</textAlign>
              <textVAlign>VaMiddle</textVAlign>
              <selectedIndex>-1</selectedIndex>
            </control>
            <control controlID="3C13B897-6293-4AA9-BCCF-72D52E169792" controlTypeID="Shape" x="0" y="39" w="367" h="120" zOrder="1">
              <links eventType="AtClick" animate="AmSlideUp" animateAutoDelay="0" animateDuration="500">
                <link targetPageID="0C8D73B4-2842-4C50-BA32-6691E1BB58AA" linkType="ltPageLink" isApplyIncludePage="False" title="Start+Promoting">
                  <area shape="0" alt="" ID="{9F63136E-3A2C-45D9-A380-0695F7968529}" coords="(0,0,367,120)"/>
                </link>
              </links>
              <font family="Segoe+UI" displayName="Segoe+UI" postScript="" weightStyle="Regular" weight="400" isBold="False" isItalic="False"/>
              <textSize>14</textSize>
              <selectedIndex>-1</selectedIndex>
            </control>
            <control controlID="B78AD09E-ABB6-4036-AB0B-02FAE11C4D15" controlTypeID="Shape" x="0" y="158" w="367" h="120" zOrder="2">
              <font family="Segoe+UI" displayName="Segoe+UI" postScript="" weightStyle="Regular" weight="400" isBold="False" isItalic="False"/>
              <textSize>14</textSize>
              <selectedIndex>-1</selectedIndex>
            </control>
          </groupChildrenDescriptors>
        </control>
        <control controlID="C49B618F-2051-4BBA-A508-A46C6D9BB4B2" controlTypeID="IconButton2" x="17" y="393" w="38" h="38" zOrder="5">
          <groupChildrenDescriptors>
            <control controlID="548AD3A1-C9F8-407B-8262-0F7A2475E7AF" controlTypeID="Shape" x="0" y="0" w="38" h="38" zOrder="0">
              <canMove>False</canMove>
              <alias>shape</alias>
              <font family="Segoe+UI" displayName="Segoe+UI" postScript="" weightStyle="Regular" weight="400" isBold="False" isItalic="False"/>
              <textSize>14</textSize>
              <selectedIndex>-1</selectedIndex>
              <shapeBorderType>SbEllipse</shapeBorderType>
            </control>
            <control controlID="A017578C-82BD-48DA-B60D-588B3FE2D6E8" controlTypeID="Icon" x="7" y="7" w="24" h="24" zOrder="1">
              <canMove>False</canMove>
              <alias>icon</alias>
              <icon>
                <ID/>
                <iconFontName/>
                <iconCode>-1</iconCode>
              </icon>
            </control>
            <control controlID="6E5F331B-20FA-49EB-AB63-AF81D6970D47" controlTypeID="Label" x="0" y="2" w="32" h="16" zOrder="2">
              <canMove>False</canMove>
              <alias>label</alias>
              <font family="Segoe+UI" displayName="Segoe+UI" postScript="" weightStyle="Regular" weight="400" isBold="False" isItalic="False"/>
              <text>Label</text>
              <textSize>12</textSize>
              <textAlign>HaCenter</textAlign>
              <lineSpacing>0</lineSpacing>
              <selectedIndex>-1</selectedIndex>
            </control>
            <control controlID="87525C9C-59EE-44D1-A0A8-3BDAC2221DB9" controlTypeID="Shape" x="25" y="0" w="13" h="13" zOrder="3">
              <color>4294901760</color>
              <borderVisible>False</borderVisible>
              <canMove>False</canMove>
              <alias>alarm</alias>
              <font family="Segoe+UI" displayName="Segoe+UI" postScript="" weightStyle="Regular" weight="400" isBold="False" isItalic="False"/>
              <text>2</text>
              <textColor>4294967295</textColor>
              <textSize>8</textSize>
              <selectedIndex>-1</selectedIndex>
              <radius>100</radius>
              <radiusIsPercent>True</radiusIsPercent>
            </control>
          </groupChildrenDescriptors>
        </control>
        <control controlID="8F67DFFC-B70C-4C3F-A85B-3993E6FF22DB" controlTypeID="IconButton2" x="16" y="514" w="38" h="38" zOrder="6">
          <groupChildrenDescriptors>
            <control controlID="AB953D03-F1FF-4295-9CD2-8237BD3C7DD5" controlTypeID="Shape" x="0" y="0" w="38" h="38" zOrder="0">
              <canMove>False</canMove>
              <alias>shape</alias>
              <font family="Segoe+UI" displayName="Segoe+UI" postScript="" weightStyle="Regular" weight="400" isBold="False" isItalic="False"/>
              <textSize>14</textSize>
              <selectedIndex>-1</selectedIndex>
              <shapeBorderType>SbEllipse</shapeBorderType>
            </control>
            <control controlID="63A452C7-DD53-4870-A720-6ABC04728170" controlTypeID="Icon" x="7" y="7" w="24" h="24" zOrder="1">
              <canMove>False</canMove>
              <alias>icon</alias>
              <icon>
                <ID/>
                <iconFontName/>
                <iconCode>-1</iconCode>
              </icon>
            </control>
            <control controlID="ED7C166E-EF19-4C45-B367-6A16CBC3FC5F" controlTypeID="Label" x="0" y="2" w="32" h="16" zOrder="2">
              <canMove>False</canMove>
              <alias>label</alias>
              <font family="Segoe+UI" displayName="Segoe+UI" postScript="" weightStyle="Regular" weight="400" isBold="False" isItalic="False"/>
              <text>Label</text>
              <textSize>12</textSize>
              <textAlign>HaCenter</textAlign>
              <lineSpacing>0</lineSpacing>
              <selectedIndex>-1</selectedIndex>
            </control>
            <control controlID="1B308EF9-F16E-4DBB-B0CF-2987A918486F" controlTypeID="Shape" x="25" y="0" w="13" h="13" zOrder="3">
              <color>4294901760</color>
              <borderVisible>False</borderVisible>
              <canMove>False</canMove>
              <alias>alarm</alias>
              <font family="Segoe+UI" displayName="Segoe+UI" postScript="" weightStyle="Regular" weight="400" isBold="False" isItalic="False"/>
              <text>2</text>
              <textColor>4294967295</textColor>
              <textSize>8</textSize>
              <selectedIndex>-1</selectedIndex>
              <radius>100</radius>
              <radiusIsPercent>True</radiusIsPercent>
            </control>
          </groupChildrenDescriptors>
        </control>
        <control controlID="46C0FF53-77BA-4041-82D7-D26D7F642FAF" controlTypeID="TextArea" x="69" y="395" w="240" h="32" zOrder="7">
          <font family="Segoe+UI" displayName="Segoe+UI" postScript="" weightStyle="Regular" weight="400" isBold="False" isItalic="False"/>
          <text>new+promotion</text>
          <textVAlign>VaMiddle</textVAlign>
          <selectedIndex>-1</selectedIndex>
        </control>
        <control controlID="09B4DC9B-44C5-4C60-B074-D505DC0828AB" controlTypeID="TextArea" x="66" y="517" w="240" h="33" zOrder="8">
          <font family="Segoe+UI" displayName="Segoe+UI" postScript="" weightStyle="Regular" weight="400" isBold="False" isItalic="False"/>
          <text>my+new+promotion</text>
          <textVAlign>VaMiddle</textVAlign>
          <selectedIndex>-1</selectedIndex>
        </control>
      </groupChildrenDescriptors>
    </control>
  </controls>
  <param>
    <backgroundColor>4294967295</backgroundColor>
    <fontSize>0</fontSize>
    <fontFamily/>
    <guideLines/>
  </param>
</mockup>