﻿<mockup version="5.1" minAllowVersion="5.1" ID="0BD5AFB8-8819-4F07-A08F-43A30A4BA1CB" platform="MtMobile" defaultW="360" defaultH="640" measureW="360" measureH="640" screenOrientation="MoPortrait" mobileScreenScale="1.77777779102325" clipArea="(0,0,0,0)">
  <controls controlCount="30">
    <control controlID="2A8C65F8-0638-429F-BB80-07A290B6A596" controlTypeID="__group__" x="-2" y="0" w="362" h="640" zOrder="0">
      <groupChildrenDescriptors>
        <control controlID="61E8939A-C727-4CD9-A3FE-9C7E1C166E9F" controlTypeID="TitleWindow" x="0" y="0" w="361" h="640" zOrder="0">
          <borderVisible>False</borderVisible>
          <font family="Segoe+UI" displayName="Segoe+UI" postScript="" weightStyle="Regular" weight="400" isBold="False" isItalic="False"/>
          <text>237First</text>
          <textSize>14</textSize>
          <textVAlign>VaTop</textVAlign>
          <lineSpacing>0</lineSpacing>
          <selectedIndex>-1</selectedIndex>
        </control>
        <control controlID="A358C3D0-F7FF-4D25-9E95-6883D63ED4B4" controlTypeID="__group__" x="0" y="61" w="361" h="93" zOrder="1">
          <groupChildrenDescriptors>
            <control controlID="A77CD8E2-B83C-4D3B-949F-8D83D9DABEBF" controlTypeID="Shape" x="0" y="0" w="361" h="93" zOrder="0">
              <font family="Segoe+UI" displayName="Segoe+UI" postScript="" weightStyle="Regular" weight="400" isBold="False" isItalic="False"/>
              <textSize>14</textSize>
              <selectedIndex>-1</selectedIndex>
            </control>
            <control controlID="B22DA624-FF5A-425E-941B-5FC8BC4C32EE" controlTypeID="Circle" x="7" y="14" w="82" h="70" zOrder="1">
              <font family="Segoe+UI" displayName="Segoe+UI" postScript="" weightStyle="Regular" weight="400" isBold="False" isItalic="False"/>
              <textSize>14</textSize>
              <selectedIndex>-1</selectedIndex>
              <shapeBorderType>SbEllipse</shapeBorderType>
            </control>
            <control controlID="ADCA11E3-BDF5-408E-901B-3BACD8A0DA9B" controlTypeID="TextArea" x="91" y="30" w="85" h="40" zOrder="2">
              <font family="Segoe+UI" displayName="Segoe+UI" postScript="" weightStyle="Regular" weight="400" isBold="False" isItalic="False"/>
              <text>username%0D%0Aaccount+type</text>
              <selectedIndex>-1</selectedIndex>
            </control>
            <control controlID="202EA4FC-744A-47E2-AB32-0E988D500595" controlTypeID="Button" x="255" y="11" w="99" h="20" zOrder="3">
              <font family="Segoe+UI" displayName="Segoe+UI" postScript="" weightStyle="Regular" weight="400" isBold="False" isItalic="False"/>
              <text>donate</text>
              <lineSpacing>0</lineSpacing>
              <selectedIndex>-1</selectedIndex>
            </control>
            <control controlID="B9D9101C-3FD8-4F6D-B417-B43E0EA17E16" controlTypeID="SwitchIOS" x="293" y="36" w="59" h="22" zOrder="4"/>
            <control controlID="1239F52D-CCE9-43CC-9699-786B52C0D65B" controlTypeID="Icon" x="332" y="66" w="18" h="18" zOrder="5">
              <links eventType="AtClick" animate="AmSlideUp" animateAutoDelay="0" animateDuration="500">
                <link targetPageID="86913C8E-8E0B-4AC8-B4E5-7F882B7495EE" linkType="ltPageLink" isApplyIncludePage="False" title="my+page+settings">
                  <area shape="0" alt="" ID="{D474CBC6-4549-4F80-8485-431228D4AE46}" coords="(0,0,18,18)"/>
                </link>
              </links>
              <icon>
                <ID/>
                <iconFontName>jdIonicons</iconFontName>
                <iconCode>62359</iconCode>
              </icon>
              <URL>92A37C37F1C55861F795B008D0D7225E.svg</URL>
            </control>
          </groupChildrenDescriptors>
        </control>
        <control controlID="FE1B0DA6-4779-4DEA-A3CC-66DB16DF332B" controlTypeID="Tabs" x="2" y="153" w="360" h="40" zOrder="2">
          <links eventType="AtClick" animate="AmSlideUp" animateAutoDelay="0" animateDuration="500">
            <link targetPageID="B421D244-1F5E-46CC-B11B-CDAED1A66D80" linkType="ltPageLink" isApplyIncludePage="False" title="My+Page">
              <area shape="0" alt="" ID="{2EA061C9-861F-48ED-8876-B03EE96EF979}" coords="(0,0,89,40)"/>
            </link>
            <link targetPageID="0BD5AFB8-8819-4F07-A08F-43A30A4BA1CB" linkType="ltPageLink" isApplyIncludePage="False" title="My+page+-+my+library">
              <area shape="0" alt="" ID="{6F8D15B7-C658-4DE0-BD81-0183047AB4B6}" coords="(90,0,179,40)"/>
            </link>
            <link targetPageID="B3223A31-70F0-4E7D-B578-FD248C50D114" linkType="ltPageLink" isApplyIncludePage="False" title="My+page+-+network">
              <area shape="0" alt="" ID="{1B5D7DBD-5614-4976-81E1-81A5CA12D6A6}" coords="(180,0,269,40)"/>
            </link>
            <link targetPageID="6EB601A7-083B-461C-813A-BDB239B468CC" linkType="ltPageLink" isApplyIncludePage="False" title="My+page+-+statistics">
              <area shape="0" alt="" ID="{188A5F28-D1A9-4C71-9B5A-8A39F10C5536}" coords="(270,0,359,40)"/>
            </link>
          </links>
          <font family="Segoe+UI" displayName="Segoe+UI" postScript="" weightStyle="Regular" weight="400" isBold="False" isItalic="False"/>
          <text>My+playlist%2Cmy+library%2C+network%2Cstatistics</text>
          <textSize>14</textSize>
          <lineSpacing>0</lineSpacing>
        </control>
        <control controlID="E4B4FE1D-F715-4330-A4B9-7319DFE5D758" controlTypeID="Top ActionBar" x="1" y="29" w="360" h="32" zOrder="3">
          <color>4292730333</color>
          <font family="Segoe+UI" displayName="Segoe+UI" postScript="" weightStyle="Regular" weight="400" isBold="False" isItalic="False"/>
          <text>My+page</text>
          <textSize>14</textSize>
          <lineSpacing>0</lineSpacing>
        </control>
        <control controlID="A4CA0C05-A2F5-4CE7-8D10-3C1B1D4642D1" controlTypeID="Shape" x="86" y="238" w="188" h="28" zOrder="4">
          <borderVisible>False</borderVisible>
          <font family="Segoe+UI" displayName="Segoe+UI" postScript="" weightStyle="Regular" weight="400" isBold="False" isItalic="False"/>
          <text>albums+%26+mixtapes</text>
          <textSize>14</textSize>
          <selectedIndex>-1</selectedIndex>
        </control>
        <control controlID="E4A32818-0CF0-426D-99BC-5AC5BBCA39C9" controlTypeID="Shape" x="81" y="331" w="188" h="23" zOrder="5">
          <borderVisible>False</borderVisible>
          <font family="Segoe+UI" displayName="Segoe+UI" postScript="" weightStyle="Regular" weight="400" isBold="False" isItalic="False"/>
          <text>songs</text>
          <textSize>14</textSize>
          <selectedIndex>-1</selectedIndex>
        </control>
        <control controlID="0725D7AB-BE72-47A5-8378-5D2B191C5D93" controlTypeID="Shape" x="80" y="420" w="188" h="28" zOrder="6">
          <borderVisible>False</borderVisible>
          <font family="Segoe+UI" displayName="Segoe+UI" postScript="" weightStyle="Regular" weight="400" isBold="False" isItalic="False"/>
          <text>videos</text>
          <textSize>14</textSize>
          <selectedIndex>-1</selectedIndex>
        </control>
        <control controlID="CE133953-FE56-4BE3-A99D-DA61D8B10240" controlTypeID="Shape" x="83" y="523" w="188" h="23" zOrder="7">
          <borderVisible>False</borderVisible>
          <font family="Segoe+UI" displayName="Segoe+UI" postScript="" weightStyle="Regular" weight="400" isBold="False" isItalic="False"/>
          <text>lyrics</text>
          <textSize>14</textSize>
          <selectedIndex>-1</selectedIndex>
        </control>
        <control controlID="94FBF9CE-6C75-4B1A-AF0A-8F3B29AFC7AF" controlTypeID="Image" x="22" y="273" w="84" h="56" zOrder="8">
          <links eventType="AtClick" animate="AmSlideRight" animateAutoDelay="0" animateDuration="500">
            <link targetPageID="DC82554D-2385-453B-8686-A83FADB4DD7A" linkType="ltPageLink" isApplyIncludePage="False" title="Media+player">
              <area shape="0" alt="" ID="{5028B17C-2D90-482C-8851-8235BD73165C}" coords="(0,0,84,56)"/>
            </link>
          </links>
        </control>
        <control controlID="8609750D-94EB-48D0-BC4C-26616B849CFA" controlTypeID="Image" x="142" y="271" w="84" h="56" zOrder="9"/>
        <control controlID="480DD380-73CC-4AB2-BA75-5CEC0C5E2C3B" controlTypeID="Shape" x="257" y="271" w="78" h="56" zOrder="10">
          <links eventType="AtClick" animate="AmSlideRight" animateAutoDelay="0" animateDuration="500">
            <link targetPageID="4B619D6A-FDC5-40C1-8DC3-3BB202EB5EB4" linkType="ltPageLink" isApplyIncludePage="False" title="Browse+List">
              <area shape="0" alt="" ID="{E9955F35-ED0C-407C-AE8A-51C85C8946DA}" coords="(0,0,78,56)"/>
            </link>
          </links>
          <font family="Segoe+UI" displayName="Segoe+UI" postScript="" weightStyle="Regular" weight="400" isBold="False" isItalic="False"/>
          <text>browse</text>
          <textSize>14</textSize>
          <selectedIndex>-1</selectedIndex>
        </control>
        <control controlID="60A5F945-3BCA-4271-BFC9-CD1338E8146A" controlTypeID="Icon" x="24" y="244" w="24" h="24" zOrder="11">
          <icon>
            <ID/>
            <iconFontName>jdIonicons</iconFontName>
            <iconCode>61732</iconCode>
          </icon>
          <URL>CFAC147583A1C602F91FE6F2C39DA488.svg</URL>
        </control>
        <control controlID="879BC980-D75C-4A3B-9B57-78127EF93167" controlTypeID="Icon" x="313" y="242" w="24" h="24" zOrder="12">
          <icon>
            <ID/>
            <iconFontName>jdIonicons</iconFontName>
            <iconCode>61733</iconCode>
          </icon>
          <URL>2D780716D3D89B2EFB0155599BA0A89F.svg</URL>
        </control>
        <control controlID="0F8FD04B-0276-491A-99E3-6A19DD689C97" controlTypeID="Image" x="22" y="360" w="84" h="56" zOrder="13"/>
        <control controlID="21692C80-CC4F-4472-9789-E56B2CA79197" controlTypeID="Image" x="142" y="360" w="84" h="56" zOrder="14"/>
        <control controlID="E877CAA3-5731-4C92-B153-A2600EA3069C" controlTypeID="Shape" x="257" y="360" w="78" h="56" zOrder="15">
          <font family="Segoe+UI" displayName="Segoe+UI" postScript="" weightStyle="Regular" weight="400" isBold="False" isItalic="False"/>
          <text>browse</text>
          <textSize>14</textSize>
          <selectedIndex>-1</selectedIndex>
        </control>
        <control controlID="7442E394-F35C-4D7C-B4AE-0B8A007D3EAE" controlTypeID="Image" x="22" y="454" w="84" h="67" zOrder="16"/>
        <control controlID="EB1AA982-5E71-4425-8800-9FA64B8A5C83" controlTypeID="Image" x="142" y="452" w="84" h="67" zOrder="17"/>
        <control controlID="96574AE6-FC8C-4247-92EF-752F7C2B9FAA" controlTypeID="Shape" x="257" y="452" w="78" h="67" zOrder="18">
          <font family="Segoe+UI" displayName="Segoe+UI" postScript="" weightStyle="Regular" weight="400" isBold="False" isItalic="False"/>
          <text>browse</text>
          <textSize>14</textSize>
          <selectedIndex>-1</selectedIndex>
        </control>
        <control controlID="968EF5F9-4FEC-435E-B437-6FFFF17907C4" controlTypeID="Image" x="19" y="550" w="84" h="62" zOrder="19"/>
        <control controlID="111A989D-63BA-4A3F-8913-1D7C25BA6503" controlTypeID="Image" x="139" y="550" w="84" h="62" zOrder="20"/>
        <control controlID="F69341A0-A92B-4BE9-8044-D8F2642DCFF6" controlTypeID="Shape" x="254" y="550" w="78" h="62" zOrder="21">
          <font family="Segoe+UI" displayName="Segoe+UI" postScript="" weightStyle="Regular" weight="400" isBold="False" isItalic="False"/>
          <text>browse</text>
          <textSize>14</textSize>
          <selectedIndex>-1</selectedIndex>
        </control>
        <control controlID="0F9DF58B-BC14-4F12-93C0-EC9D565F7398" controlTypeID="Search" x="203" y="201" w="143" h="31" zOrder="22">
          <links eventType="AtClick" animate="AmSlideRight" animateAutoDelay="0" animateDuration="500">
            <link targetPageID="4B619D6A-FDC5-40C1-8DC3-3BB202EB5EB4" linkType="ltPageLink" isApplyIncludePage="False" title="Browse+List">
              <area shape="0" alt="" ID="{EACE7144-8029-4ED2-B840-296CA5117F17}" coords="(0,0,143,31)"/>
            </link>
          </links>
          <font family="Segoe+UI" displayName="Segoe+UI" postScript="" weightStyle="Regular" weight="400" isBold="False" isItalic="False"/>
          <text>search</text>
          <textSize>14</textSize>
          <textVAlign>VaTop</textVAlign>
          <lineSpacing>0</lineSpacing>
          <selectedIndex>-1</selectedIndex>
        </control>
      </groupChildrenDescriptors>
    </control>
  </controls>
  <param>
    <backgroundColor>4294967295</backgroundColor>
    <fontSize>0</fontSize>
    <fontFamily/>
    <guideLines/>
  </param>
</mockup>