﻿<mockup version="5.1" minAllowVersion="5.1" ID="0C8D73B4-2842-4C50-BA32-6691E1BB58AA" platform="MtMobile" defaultW="360" defaultH="640" measureW="360" measureH="640" screenOrientation="MoPortrait" mobileScreenScale="1.77777779102325" clipArea="(0,0,0,0)">
  <controls controlCount="27">
    <control controlID="5F7203CD-6D33-4831-8459-5D3F995F5C97" controlTypeID="__group__" x="-1" y="-1" w="368" h="643" zOrder="0">
      <groupChildrenDescriptors>
        <control controlID="1418C218-2815-4BC2-8837-7686E2A6FD3A" controlTypeID="TitleWindow" x="1" y="0" w="367" h="643" zOrder="0">
          <borderVisible>False</borderVisible>
          <font family="Segoe+UI" displayName="Segoe+UI" postScript="" weightStyle="Regular" weight="400" isBold="False" isItalic="False"/>
          <text>237First</text>
          <textSize>14</textSize>
          <textVAlign>VaTop</textVAlign>
          <lineSpacing>0</lineSpacing>
          <selectedIndex>-1</selectedIndex>
        </control>
        <control controlID="A00B3214-7F46-4D29-8914-E70B7027A538" controlTypeID="Top ActionBar" x="1" y="28" w="367" h="32" zOrder="1">
          <color>4292730333</color>
          <font family="Segoe+UI" displayName="Segoe+UI" postScript="" weightStyle="Regular" weight="400" isBold="False" isItalic="False"/>
          <text>Start+Promoting</text>
          <textSize>14</textSize>
          <lineSpacing>0</lineSpacing>
        </control>
        <control controlID="0BDF6095-392D-49B0-A1FE-E4BEAFE983EB" controlTypeID="TextArea" x="0" y="58" w="368" h="61" zOrder="2">
          <font family="Segoe+UI" displayName="Segoe+UI" postScript="" weightStyle="Regular" weight="400" isBold="False" isItalic="False"/>
          <text>before+chosing+your+promotion+we+have+to+know+who+you+are+and+your+objectives...</text>
          <textAlign>HaCenter</textAlign>
          <textVAlign>VaMiddle</textVAlign>
          <selectedIndex>-1</selectedIndex>
        </control>
        <control controlID="77CA5E88-2DF9-4B64-9A7C-29EE56BD82F7" controlTypeID="Shape" x="1" y="111" w="367" h="508" zOrder="3">
          <font family="Segoe+UI" displayName="Segoe+UI" postScript="" weightStyle="Regular" weight="400" isBold="False" isItalic="False"/>
          <textSize>14</textSize>
          <selectedIndex>-1</selectedIndex>
        </control>
        <control controlID="1961D9C3-7BA3-4A6A-B6B5-F23499CC9F75" controlTypeID="TextArea" x="7" y="111" w="145" h="20" zOrder="4">
          <font family="Segoe+UI" displayName="Segoe+UI" postScript="" weightStyle="Regular" weight="400" isBold="False" isItalic="False"/>
          <text>enter+your+information</text>
          <selectedIndex>-1</selectedIndex>
        </control>
        <control controlID="47A30512-9ABD-432C-B373-AD8E50E372C8" controlTypeID="LabelTextInput" x="9" y="141" w="149" h="28" zOrder="5">
          <font family="Segoe+UI" displayName="Segoe+UI" postScript="" weightStyle="Regular" weight="400" isBold="False" isItalic="False"/>
          <text>Name</text>
          <textSize>14</textSize>
          <lineSpacing>0</lineSpacing>
          <selectedIndex>-1</selectedIndex>
        </control>
        <control controlID="351A710B-433A-4369-AE74-F59B4F7BF556" controlTypeID="LabelTextInput" x="177" y="139" w="182" h="29" zOrder="6">
          <font family="Segoe+UI" displayName="Segoe+UI" postScript="" weightStyle="Regular" weight="400" isBold="False" isItalic="False"/>
          <text>Company</text>
          <textSize>14</textSize>
          <lineSpacing>0</lineSpacing>
          <selectedIndex>-1</selectedIndex>
        </control>
        <control controlID="57A47346-23B5-4787-BB00-6397D4DD86AD" controlTypeID="LabelTextInput" x="9" y="175" w="149" h="28" zOrder="7">
          <font family="Segoe+UI" displayName="Segoe+UI" postScript="" weightStyle="Regular" weight="400" isBold="False" isItalic="False"/>
          <text>Job</text>
          <textSize>14</textSize>
          <lineSpacing>0</lineSpacing>
          <selectedIndex>-1</selectedIndex>
        </control>
        <control controlID="676E2116-03FB-4917-8AB7-C53E6603D8B1" controlTypeID="LabelTextInput" x="177" y="174" w="182" h="29" zOrder="8">
          <font family="Segoe+UI" displayName="Segoe+UI" postScript="" weightStyle="Regular" weight="400" isBold="False" isItalic="False"/>
          <text>Country%2C+Matt</text>
          <textSize>14</textSize>
          <lineSpacing>0</lineSpacing>
          <selectedIndex>-1</selectedIndex>
        </control>
        <control controlID="52B38D26-6712-4EBA-AE5E-D9EF4721A8C1" controlTypeID="LabelTextInput" x="8" y="208" w="149" h="28" zOrder="9">
          <font family="Segoe+UI" displayName="Segoe+UI" postScript="" weightStyle="Regular" weight="400" isBold="False" isItalic="False"/>
          <text>Address%2C+Matt</text>
          <textSize>14</textSize>
          <lineSpacing>0</lineSpacing>
          <selectedIndex>-1</selectedIndex>
        </control>
        <control controlID="C84B88EB-96BC-43B0-81B5-E65F51BAAD1A" controlTypeID="LabelTextInput" x="176" y="209" w="182" h="29" zOrder="10">
          <font family="Segoe+UI" displayName="Segoe+UI" postScript="" weightStyle="Regular" weight="400" isBold="False" isItalic="False"/>
          <text>Mobile+Number%2C+Matt</text>
          <textSize>14</textSize>
          <lineSpacing>0</lineSpacing>
          <selectedIndex>-1</selectedIndex>
        </control>
        <control controlID="E991C17C-13C3-43F1-9290-9596A199B6DE" controlTypeID="LabelTextInput" x="9" y="246" w="149" h="28" zOrder="11">
          <font family="Segoe+UI" displayName="Segoe+UI" postScript="" weightStyle="Regular" weight="400" isBold="False" isItalic="False"/>
          <text>Office+number%2C+Matt</text>
          <textSize>14</textSize>
          <lineSpacing>0</lineSpacing>
          <selectedIndex>-1</selectedIndex>
        </control>
        <control controlID="01842EF5-9FD6-4EB0-8233-1C1488148E3A" controlTypeID="LabelTextInput" x="177" y="244" w="182" h="29" zOrder="12">
          <font family="Segoe+UI" displayName="Segoe+UI" postScript="" weightStyle="Regular" weight="400" isBold="False" isItalic="False"/>
          <text>Email%2C+Matt</text>
          <textSize>14</textSize>
          <lineSpacing>0</lineSpacing>
          <selectedIndex>-1</selectedIndex>
        </control>
        <control controlID="68024A51-AC9F-4195-B245-42A072A36097" controlTypeID="LabelTextInput" x="10" y="283" w="149" h="28" zOrder="13">
          <font family="Segoe+UI" displayName="Segoe+UI" postScript="" weightStyle="Regular" weight="400" isBold="False" isItalic="False"/>
          <text>Website%2C+Matt</text>
          <textSize>14</textSize>
          <lineSpacing>0</lineSpacing>
          <selectedIndex>-1</selectedIndex>
        </control>
        <control controlID="5630C643-A2EC-4291-822F-7FA46572BDBD" controlTypeID="DateTimePicker" x="104" y="319" w="144" h="36" zOrder="14">
          <font family="Segoe+UI" displayName="Segoe+UI" postScript="" weightStyle="Regular" weight="400" isBold="False" isItalic="False"/>
          <text>03+%2F+10+%2F+2014</text>
          <textSize>14</textSize>
          <lineSpacing>0</lineSpacing>
          <selectedIndex>-1</selectedIndex>
        </control>
        <control controlID="F2815137-AD8D-419E-9301-3053D9F9E3A6" controlTypeID="Shape" x="11" y="334" w="90" h="21" zOrder="15">
          <borderVisible>False</borderVisible>
          <font family="Segoe+UI" displayName="Segoe+UI" postScript="" weightStyle="Regular" weight="400" isBold="False" isItalic="False"/>
          <text>date+of+birth</text>
          <textSize>14</textSize>
          <textAlign>HaLeft</textAlign>
          <textVAlign>VaTop</textVAlign>
          <selectedIndex>-1</selectedIndex>
        </control>
        <control controlID="DCEDA7B2-027B-4C42-B147-087B623F67E0" controlTypeID="CompositeComboBox" x="219" y="281" w="139" h="27" zOrder="16">
          <groupChildrenDescriptors>
            <control controlID="8936B367-B4ED-4BED-BAB4-DBD9D899B96A" controlTypeID="TextInput" x="0" y="0" w="116" h="27" zOrder="0">
              <locked>True</locked>
              <canMove>False</canMove>
              <alias>input</alias>
              <font family="Segoe+UI" displayName="Segoe+UI" postScript="" weightStyle="Regular" weight="400" isBold="False" isItalic="False"/>
              <text>Item1</text>
              <lineSpacing>0</lineSpacing>
              <selectedIndex>-1</selectedIndex>
            </control>
            <control controlID="FBFF7A6C-6107-4022-B8CA-E0B32171B0C4" controlTypeID="Button" x="115" y="0" w="24" h="27" zOrder="1">
              <locked>True</locked>
              <canMove>False</canMove>
              <alias>button</alias>
              <font family="Segoe+UI" displayName="Segoe+UI" postScript="" weightStyle="Regular" weight="400" isBold="False" isItalic="False"/>
              <lineSpacing>0</lineSpacing>
              <selectedIndex>-1</selectedIndex>
              <radius>0</radius>
            </control>
            <control controlID="A563B6D2-08A5-414C-A72C-A67E743DC731" controlTypeID="List" x="0" y="27" w="139" h="122" zOrder="2">
              <isShow>False</isShow>
              <canMove>False</canMove>
              <alias>dropDown</alias>
              <font family="Segoe+UI" displayName="Segoe+UI" postScript="" weightStyle="Regular" weight="400" isBold="False" isItalic="False"/>
              <text>Item1%0D%0AItem2%0D%0AItem3%0D%0AItem4</text>
              <textSize>14</textSize>
              <lineSpacing>0</lineSpacing>
              <itemHeight>27</itemHeight>
              <interlaceColor>4294967295</interlaceColor>
            </control>
          </groupChildrenDescriptors>
          <baseHeight>27</baseHeight>
          <font family="Segoe+UI"/>
          <textSize>14</textSize>
        </control>
        <control controlID="397A9A31-FCEB-44AF-B8B4-B0E874AA6077" controlTypeID="Shape" x="176" y="286" w="39" h="21" zOrder="17">
          <borderVisible>False</borderVisible>
          <font family="Segoe+UI" displayName="Segoe+UI" postScript="" weightStyle="Regular" weight="400" isBold="False" isItalic="False"/>
          <text>sex</text>
          <textSize>14</textSize>
          <textAlign>HaLeft</textAlign>
          <textVAlign>VaTop</textVAlign>
          <selectedIndex>-1</selectedIndex>
        </control>
        <control controlID="B6FEEDB0-997F-4505-986C-8F7433E5FB51" controlTypeID="TextArea" x="11" y="474" w="343" h="54" zOrder="18">
          <borderVisible>True</borderVisible>
          <font family="Segoe+UI" displayName="Segoe+UI" postScript="" weightStyle="Regular" weight="400" isBold="False" isItalic="False"/>
          <text>goal+of+investment+(750+-1000words)</text>
          <textAlign>HaCenter</textAlign>
          <textVAlign>VaMiddle</textVAlign>
          <selectedIndex>-1</selectedIndex>
        </control>
        <control controlID="0637A0A2-C331-4FF1-B013-D9ED247B6C78" controlTypeID="TextArea" x="10" y="533" w="343" h="50" zOrder="19">
          <borderVisible>True</borderVisible>
          <font family="Segoe+UI" displayName="Segoe+UI" postScript="" weightStyle="Regular" weight="400" isBold="False" isItalic="False"/>
          <text>Plan+of+promotion+(1000+-1000words)</text>
          <textAlign>HaCenter</textAlign>
          <textVAlign>VaMiddle</textVAlign>
          <selectedIndex>-1</selectedIndex>
        </control>
        <control controlID="FAC2C195-5E54-49FE-9628-59793F636B14" controlTypeID="Button" x="139" y="586" w="89" h="30" zOrder="20">
          <font family="Segoe+UI" displayName="Segoe+UI" postScript="" weightStyle="Regular" weight="400" isBold="False" isItalic="False"/>
          <text>submit</text>
          <lineSpacing>0</lineSpacing>
          <selectedIndex>-1</selectedIndex>
        </control>
        <control controlID="4116AF31-A93A-4F95-894B-A83BF67F412A" controlTypeID="TextArea" x="10" y="360" w="343" h="54" zOrder="21">
          <borderVisible>True</borderVisible>
          <font family="Segoe+UI" displayName="Segoe+UI" postScript="" weightStyle="Regular" weight="400" isBold="False" isItalic="False"/>
          <text>describe+your+product+(750+-+1000+words)</text>
          <textAlign>HaCenter</textAlign>
          <textVAlign>VaMiddle</textVAlign>
          <selectedIndex>-1</selectedIndex>
        </control>
        <control controlID="E34B7EEF-F92B-496F-ACAB-25371F4DD459" controlTypeID="TextArea" x="10" y="419" w="343" h="50" zOrder="22">
          <borderVisible>True</borderVisible>
          <font family="Segoe+UI" displayName="Segoe+UI" postScript="" weightStyle="Regular" weight="400" isBold="False" isItalic="False"/>
          <text>purpose+of+investment+(1000+-+1500+words)</text>
          <textAlign>HaCenter</textAlign>
          <textVAlign>VaMiddle</textVAlign>
          <selectedIndex>-1</selectedIndex>
        </control>
      </groupChildrenDescriptors>
    </control>
  </controls>
  <param>
    <backgroundColor>4294967295</backgroundColor>
    <fontSize>0</fontSize>
    <fontFamily/>
    <guideLines/>
  </param>
</mockup>