﻿<mockup version="5.1" minAllowVersion="5.1" ID="0F7E7BBC-58A9-4967-85E4-1BB821695E79" platform="MtMobile" defaultW="360" defaultH="640" measureW="360" measureH="640" screenOrientation="MoPortrait" mobileScreenScale="1.77777779102325" clipArea="(0,0,0,0)">
  <controls controlCount="13">
    <control controlID="98FCD5CA-1DAD-40A9-8DAD-2DE26843D1B7" controlTypeID="__group__" x="0" y="-3" w="365" h="643" zOrder="0">
      <groupChildrenDescriptors>
        <control controlID="D8221484-00BA-4235-8C2B-42647D5884C2" controlTypeID="TitleWindow" x="0" y="0" w="365" h="643" zOrder="0">
          <borderVisible>False</borderVisible>
          <font family="Segoe+UI" displayName="Segoe+UI" postScript="" weightStyle="Regular" weight="400" isBold="False" isItalic="False"/>
          <text>237First</text>
          <textSize>14</textSize>
          <textVAlign>VaTop</textVAlign>
          <lineSpacing>0</lineSpacing>
          <selectedIndex>-1</selectedIndex>
        </control>
        <control controlID="FB1AE0FC-AA2B-43B7-8CB9-FF4349F5BBC4" controlTypeID="Top ActionBar" x="0" y="31" w="365" h="32" zOrder="1">
          <color>4292730333</color>
          <font family="Segoe+UI" displayName="Segoe+UI" postScript="" weightStyle="Regular" weight="400" isBold="False" isItalic="False"/>
          <text>Marketing</text>
          <textSize>14</textSize>
          <lineSpacing>0</lineSpacing>
        </control>
        <control controlID="49BDABEE-BDA6-4802-93D6-72693B40CEDB" controlTypeID="Shape" x="0" y="62" w="365" h="121" zOrder="2">
          <font family="Segoe+UI" displayName="Segoe+UI" postScript="" weightStyle="Regular" weight="400" isBold="False" isItalic="False"/>
          <text>Target+a+specific+audience.+Increase+you+income%2C+fans%2C+shares%2C+downloads</text>
          <textSize>14</textSize>
          <selectedIndex>-1</selectedIndex>
        </control>
        <control controlID="CC30F404-9958-4842-A2A1-7F0630B06259" controlTypeID="Button" x="25" y="198" w="312" h="48" zOrder="3">
          <links eventType="AtClick" animate="AmSlideUp" animateAutoDelay="0" animateDuration="500">
            <link targetPageID="8C9178B0-E91D-4A99-9E17-CA6F352678A7" linkType="ltPageLink" isApplyIncludePage="False" title="Dashboard">
              <area shape="0" alt="" ID="{8A8E02C3-4777-4787-BA7B-2C863089B636}" coords="(0,0,312,48)"/>
            </link>
          </links>
          <font family="Segoe+UI" displayName="Segoe+UI" postScript="" weightStyle="Regular" weight="400" isBold="False" isItalic="False"/>
          <text>My+dashboard</text>
          <lineSpacing>0</lineSpacing>
          <selectedIndex>-1</selectedIndex>
        </control>
        <control controlID="6D512F0C-FF16-4FF1-8A88-90DD43DB39C7" controlTypeID="TextArea" x="74" y="301" w="241" h="66" zOrder="4">
          <font family="Segoe+UI" displayName="Segoe+UI" postScript="" weightStyle="Regular" weight="400" isBold="False" isItalic="False"/>
          <text>ou+campaign+plans</text>
          <textAlign>HaCenter</textAlign>
          <textVAlign>VaMiddle</textVAlign>
          <selectedIndex>-1</selectedIndex>
        </control>
        <control controlID="23361BD2-B6DC-4928-8694-6866BC6A0402" controlTypeID="Shape" x="5" y="378" w="356" h="121" zOrder="5">
          <font family="Segoe+UI" displayName="Segoe+UI" postScript="" weightStyle="Regular" weight="400" isBold="False" isItalic="False"/>
          <textSize>14</textSize>
          <selectedIndex>-1</selectedIndex>
        </control>
        <control controlID="79B3172C-3D3F-4A13-A2CA-5723BD935782" controlTypeID="IconButton2" x="24" y="418" w="38" h="38" zOrder="6">
          <groupChildrenDescriptors>
            <control controlID="05B7A4FB-5AD0-4DE8-89E2-35B716B11276" controlTypeID="Shape" x="0" y="0" w="38" h="38" zOrder="0">
              <canMove>False</canMove>
              <alias>shape</alias>
              <font family="Segoe+UI" displayName="Segoe+UI" postScript="" weightStyle="Regular" weight="400" isBold="False" isItalic="False"/>
              <textSize>14</textSize>
              <selectedIndex>-1</selectedIndex>
              <shapeBorderType>SbEllipse</shapeBorderType>
            </control>
            <control controlID="4C46A1E4-46BD-4688-BDFF-BA2E7926E998" controlTypeID="Icon" x="7" y="7" w="24" h="24" zOrder="1">
              <canMove>False</canMove>
              <alias>icon</alias>
              <icon>
                <ID/>
                <iconFontName/>
                <iconCode>-1</iconCode>
              </icon>
            </control>
            <control controlID="F41E7A47-9745-4593-881A-D8A8F5B0208A" controlTypeID="Label" x="0" y="2" w="32" h="16" zOrder="2">
              <canMove>False</canMove>
              <alias>label</alias>
              <font family="Segoe+UI" displayName="Segoe+UI" postScript="" weightStyle="Regular" weight="400" isBold="False" isItalic="False"/>
              <text>Label</text>
              <textSize>12</textSize>
              <textAlign>HaCenter</textAlign>
              <lineSpacing>0</lineSpacing>
              <selectedIndex>-1</selectedIndex>
            </control>
            <control controlID="FEEAF8F5-2427-445E-A14A-FAA6F7B30ED5" controlTypeID="Shape" x="25" y="0" w="13" h="13" zOrder="3">
              <color>4294901760</color>
              <borderVisible>False</borderVisible>
              <canMove>False</canMove>
              <alias>alarm</alias>
              <font family="Segoe+UI" displayName="Segoe+UI" postScript="" weightStyle="Regular" weight="400" isBold="False" isItalic="False"/>
              <text>2</text>
              <textColor>4294967295</textColor>
              <textSize>8</textSize>
              <selectedIndex>-1</selectedIndex>
              <radius>100</radius>
              <radiusIsPercent>True</radiusIsPercent>
            </control>
          </groupChildrenDescriptors>
        </control>
        <control controlID="A42D5C7F-E8D5-47D7-85AE-57B2E4BB7BB0" controlTypeID="TextArea" x="67" y="402" w="179" h="66" zOrder="7">
          <links eventType="AtClick" animate="AmSlideRight" animateAutoDelay="0" animateDuration="500">
            <link targetPageID="89E3A6C9-1EE9-4853-94AB-A901A111AE50" linkType="ltPageLink" isApplyIncludePage="False" title="Region+Based+Campaign">
              <area shape="0" alt="" ID="{48B04809-E316-49F1-BA43-4FCCFC5BC1EC}" coords="(0,0,179,66)"/>
            </link>
          </links>
          <font family="Segoe+UI" displayName="Segoe+UI" postScript="" weightStyle="Regular" weight="400" isBold="False" isItalic="False"/>
          <text>New+Marketing+campaign</text>
          <textAlign>HaCenter</textAlign>
          <textVAlign>VaMiddle</textVAlign>
          <selectedIndex>-1</selectedIndex>
        </control>
      </groupChildrenDescriptors>
    </control>
  </controls>
  <param>
    <backgroundColor>4294967295</backgroundColor>
    <fontSize>0</fontSize>
    <fontFamily/>
    <guideLines/>
  </param>
</mockup>