﻿<mockup version="5.1" minAllowVersion="5.1" ID="129A7476-250C-4225-A26B-BEC34948C1AE" platform="MtMobile" defaultW="360" defaultH="640" measureW="360" measureH="640" screenOrientation="MoPortrait" mobileScreenScale="1.77777779102325" clipArea="(0,0,0,0)">
  <controls controlCount="8">
    <control controlID="4F977D18-8047-4010-B339-B8D982B8067B" controlTypeID="__group__" x="83" y="213" w="205" h="175" zOrder="0">
      <groupChildrenDescriptors>
        <control controlID="9D5C793C-83E0-4881-9252-7AE997B27C96" controlTypeID="Shape" x="0" y="0" w="205" h="175" zOrder="0">
          <font family="Segoe+UI" displayName="Segoe+UI" postScript="" weightStyle="Regular" weight="400" isBold="False" isItalic="False"/>
          <textSize>14</textSize>
          <selectedIndex>-1</selectedIndex>
        </control>
        <control controlID="83887F33-2B81-4890-A63E-99B710E9F5D3" controlTypeID="CompositeComboBox" x="42" y="50" w="119" h="36" zOrder="1">
          <groupChildrenDescriptors>
            <control controlID="D2221E27-6995-40C6-B74B-4DD9227FBCE5" controlTypeID="TextInput" x="0" y="0" w="96" h="36" zOrder="0">
              <canMove>False</canMove>
              <alias>input</alias>
              <font family="Segoe+UI" displayName="Segoe+UI" postScript="" weightStyle="Regular" weight="400" isBold="False" isItalic="False"/>
              <text>Item1</text>
              <lineSpacing>0</lineSpacing>
              <selectedIndex>-1</selectedIndex>
            </control>
            <control controlID="540C831C-7EDF-468A-9D83-0C22CA4FB65A" controlTypeID="Button" x="95" y="0" w="24" h="36" zOrder="1">
              <canMove>False</canMove>
              <alias>button</alias>
              <font family="Segoe+UI" displayName="Segoe+UI" postScript="" weightStyle="Regular" weight="400" isBold="False" isItalic="False"/>
              <lineSpacing>0</lineSpacing>
              <selectedIndex>-1</selectedIndex>
              <radius>0</radius>
            </control>
            <control controlID="D093E2B8-5642-4BB1-8465-9E05A962A655" controlTypeID="List" x="0" y="36" w="119" h="252" zOrder="2">
              <isShow>False</isShow>
              <canMove>False</canMove>
              <alias>dropDown</alias>
              <font family="Segoe+UI" displayName="Segoe+UI" postScript="" weightStyle="Regular" weight="400" isBold="False" isItalic="False"/>
              <text>Item1%0D%0AItem2%0D%0AItem3%0D%0AItem4</text>
              <textSize>14</textSize>
              <lineSpacing>0</lineSpacing>
              <itemHeight>36</itemHeight>
              <interlaceColor>4294967295</interlaceColor>
            </control>
          </groupChildrenDescriptors>
          <baseHeight>36</baseHeight>
          <font family="Segoe+UI"/>
          <textSize>14</textSize>
        </control>
        <control controlID="F7E2FB01-7A00-48AB-AE8F-4A1E4AFD7E25" controlTypeID="TextArea" x="0" y="0" w="205" h="32" zOrder="2">
          <font family="Segoe+UI" displayName="Segoe+UI" postScript="" weightStyle="Regular" weight="400" isBold="False" isItalic="False"/>
          <text>select+a+network</text>
          <textAlign>HaCenter</textAlign>
          <textVAlign>VaMiddle</textVAlign>
          <selectedIndex>-1</selectedIndex>
        </control>
        <control controlID="2B8F933F-A5FA-45D7-A441-53CEFD8AD9FD" controlTypeID="Button" x="48" y="112" w="101" h="45" zOrder="3">
          <font family="Segoe+UI" displayName="Segoe+UI" postScript="" weightStyle="Regular" weight="400" isBold="False" isItalic="False"/>
          <text>Proceed</text>
          <lineSpacing>0</lineSpacing>
          <selectedIndex>-1</selectedIndex>
        </control>
      </groupChildrenDescriptors>
    </control>
  </controls>
  <param>
    <backgroundColor>4294967295</backgroundColor>
    <fontSize>0</fontSize>
    <fontFamily/>
    <guideLines/>
  </param>
</mockup>