﻿<mockup version="5.1" minAllowVersion="5.1" ID="2E996C29-BEAB-4E6B-B834-294BBACD4BEA" platform="MtMobile" defaultW="360" defaultH="640" measureW="360" measureH="640" screenOrientation="MoPortrait" mobileScreenScale="1.77777779102325" clipArea="(0,0,0,0)">
  <controls controlCount="16">
    <control controlID="112281F8-9819-4BE1-8DCC-13EA46CAE5B2" controlTypeID="__group__" x="-1" y="-1" w="367" h="643" zOrder="0">
      <groupChildrenDescriptors>
        <control controlID="8F53AB8E-EF9D-44F9-AC12-2C52948EF5F4" controlTypeID="TitleWindow" x="1" y="0" w="365" h="643" zOrder="0">
          <borderVisible>False</borderVisible>
          <font family="Segoe+UI" displayName="Segoe+UI" postScript="" weightStyle="Regular" weight="400" isBold="False" isItalic="False"/>
          <text>237First</text>
          <textSize>14</textSize>
          <textVAlign>VaTop</textVAlign>
          <lineSpacing>0</lineSpacing>
          <selectedIndex>-1</selectedIndex>
        </control>
        <control controlID="703D0F31-D88B-4233-8ADB-86CDF7DADD11" controlTypeID="Top ActionBar" x="1" y="31" w="365" h="32" zOrder="1">
          <color>4292730333</color>
          <font family="Segoe+UI" displayName="Segoe+UI" postScript="" weightStyle="Regular" weight="400" isBold="False" isItalic="False"/>
          <text>Invitation</text>
          <textSize>14</textSize>
          <lineSpacing>0</lineSpacing>
        </control>
        <control controlID="0A619B42-C020-4DE8-A7D5-54CB3A9F8337" controlTypeID="Shape" x="0" y="63" w="367" h="93" zOrder="2">
          <font family="Segoe+UI" displayName="Segoe+UI" postScript="" weightStyle="Regular" weight="400" isBold="False" isItalic="False"/>
          <text>invtiation+overview</text>
          <textSize>14</textSize>
          <selectedIndex>-1</selectedIndex>
        </control>
        <control controlID="82F9E187-4B14-4BEF-896A-BF50E6B1FBB4" controlTypeID="TextArea" x="8" y="171" w="202" h="22" zOrder="3">
          <font family="Segoe+UI" displayName="Segoe+UI" postScript="" weightStyle="Regular" weight="400" isBold="False" isItalic="False"/>
          <text>select+the+number+of+invitations%3A</text>
          <selectedIndex>-1</selectedIndex>
        </control>
        <control controlID="F43CAE58-FFB9-41B3-9E7C-0CA324229982" controlTypeID="RadioButtonGroup" x="8" y="198" w="120" h="220" zOrder="4">
          <font family="Segoe+UI" displayName="Segoe+UI" postScript="" weightStyle="Regular" weight="400" isBold="False" isItalic="False"/>
          <text>1%0D%0A5%0D%0A10%0D%0A15%0D%0A20%0D%0A</text>
          <textSize>14</textSize>
          <lineSpacing>0</lineSpacing>
          <size>15</size>
          <itemHeight>36</itemHeight>
          <itemRect>[{"left":0,"top":0,"right":120,"bottom":36},{"left":0,"top":46,"right":120,"bottom":82},{"left":0,"top":92,"right":120,"bottom":128},{"left":0,"top":138,"right":120,"bottom":174},{"left":0,"top":184,"right":120,"bottom":220}]</itemRect>
        </control>
        <control controlID="DA28500F-7F9B-452E-A976-A780BFBAB04D" controlTypeID="TextArea" x="9" y="423" w="138" h="21" zOrder="5">
          <font family="Segoe+UI" displayName="Segoe+UI" postScript="" weightStyle="Regular" weight="400" isBold="False" isItalic="False"/>
          <text>enter+all+the+contacts%3A</text>
          <selectedIndex>-1</selectedIndex>
        </control>
        <control controlID="29ABD9BB-1AC8-4B72-90BA-A956B5755076" controlTypeID="Icon" x="7" y="456" w="24" h="24" zOrder="6">
          <icon>
            <ID/>
            <iconFontName>jdIonicons</iconFontName>
            <iconCode>62489</iconCode>
          </icon>
          <URL>E7D27E7A00FA7023CB70F7694DE9F06F.svg</URL>
        </control>
        <control controlID="BC39CE8E-07F7-441F-AEA0-08A0557BED61" controlTypeID="CompositeComboBox" x="37" y="455" w="113" h="25" zOrder="7">
          <groupChildrenDescriptors>
            <control controlID="354457A1-5C9E-4E44-8E3B-8F3665E7E5D5" controlTypeID="TextInput" x="0" y="0" w="90" h="25" zOrder="0">
              <canMove>False</canMove>
              <alias>input</alias>
              <font family="Segoe+UI" displayName="Segoe+UI" postScript="" weightStyle="Regular" weight="400" isBold="False" isItalic="False"/>
              <text>Item1</text>
              <lineSpacing>0</lineSpacing>
              <selectedIndex>-1</selectedIndex>
            </control>
            <control controlID="40E63640-82EC-4F29-9DA4-A2BDB07FCC9A" controlTypeID="Button" x="89" y="0" w="24" h="25" zOrder="1">
              <canMove>False</canMove>
              <alias>button</alias>
              <font family="Segoe+UI" displayName="Segoe+UI" postScript="" weightStyle="Regular" weight="400" isBold="False" isItalic="False"/>
              <lineSpacing>0</lineSpacing>
              <selectedIndex>-1</selectedIndex>
              <radius>0</radius>
            </control>
            <control controlID="BA67C4C9-0D9C-4E40-8BF1-697D7B1ACB3B" controlTypeID="List" x="0" y="25" w="113" h="252" zOrder="2">
              <isShow>False</isShow>
              <canMove>False</canMove>
              <alias>dropDown</alias>
              <font family="Segoe+UI" displayName="Segoe+UI" postScript="" weightStyle="Regular" weight="400" isBold="False" isItalic="False"/>
              <text>Item1%0D%0AItem2%0D%0AItem3%0D%0AItem4</text>
              <textSize>14</textSize>
              <lineSpacing>0</lineSpacing>
              <interlaceColor>4294967295</interlaceColor>
            </control>
          </groupChildrenDescriptors>
          <baseHeight>25</baseHeight>
          <font family="Segoe+UI"/>
          <textSize>14</textSize>
        </control>
        <control controlID="ED9A4137-CF2B-49FF-94BE-A65546F6D8CB" controlTypeID="TextInput" x="153" y="455" w="97" h="25" zOrder="8">
          <font family="Segoe+UI" displayName="Segoe+UI" postScript="" weightStyle="Regular" weight="400" isBold="False" isItalic="False"/>
          <lineSpacing>0</lineSpacing>
          <selectedIndex>-1</selectedIndex>
        </control>
        <control controlID="BEC5F17B-B787-491D-BF6F-F15C3CB20409" controlTypeID="TextInput" x="253" y="455" w="104" h="25" zOrder="9">
          <font family="Segoe+UI" displayName="Segoe+UI" postScript="" weightStyle="Regular" weight="400" isBold="False" isItalic="False"/>
          <lineSpacing>0</lineSpacing>
          <selectedIndex>-1</selectedIndex>
        </control>
        <control controlID="6017A386-1B3B-4608-B358-3641890E35A0" controlTypeID="Shape" x="8" y="484" w="349" h="74" zOrder="10">
          <font family="Segoe+UI" displayName="Segoe+UI" postScript="" weightStyle="Regular" weight="400" isBold="False" isItalic="False"/>
          <text>summary%0D%0ACOST+OF+INVITATION</text>
          <textSize>14</textSize>
          <selectedIndex>-1</selectedIndex>
        </control>
        <control controlID="BF2132C3-0481-4B6E-BA01-A9CD8BF3EADC" controlTypeID="Button" x="121" y="565" w="120" h="48" zOrder="11">
          <font family="Segoe+UI" displayName="Segoe+UI" postScript="" weightStyle="Regular" weight="400" isBold="False" isItalic="False"/>
          <text>SEND</text>
          <lineSpacing>0</lineSpacing>
          <selectedIndex>-1</selectedIndex>
        </control>
      </groupChildrenDescriptors>
    </control>
  </controls>
  <param>
    <backgroundColor>4294967295</backgroundColor>
    <fontSize>0</fontSize>
    <fontFamily/>
    <guideLines/>
  </param>
</mockup>