﻿<mockup version="5.1" minAllowVersion="5.1" ID="3536D2D3-B4B2-4440-81F7-D6D5E1F28C6E" platform="MtMobile" defaultW="360" defaultH="640" measureW="360" measureH="640" screenOrientation="MoPortrait" mobileScreenScale="1.77777779102325" clipArea="(0,0,0,0)">
  <controls controlCount="5">
    <control controlID="34D0F6EC-88F8-4DB4-9533-D26D256D23AE" controlTypeID="__group__" x="0" y="-2" w="361" h="642" zOrder="0">
      <groupChildrenDescriptors>
        <control controlID="3E83F4A6-B2DD-4465-904A-17E0A0DF58D0" controlTypeID="TitleWindow" x="0" y="0" w="361" h="642" zOrder="0">
          <font family="Segoe+UI" displayName="Segoe+UI" postScript="" weightStyle="Regular" weight="400" isBold="False" isItalic="False"/>
          <text>237First</text>
          <textSize>14</textSize>
          <textVAlign>VaTop</textVAlign>
          <lineSpacing>0</lineSpacing>
          <selectedIndex>-1</selectedIndex>
        </control>
        <control controlID="2CE892F1-59F1-4DD0-962E-52FB58048433" controlTypeID="Top ActionBar" x="2" y="31" w="357" h="32" zOrder="1">
          <color>4292730333</color>
          <font family="Segoe+UI" displayName="Segoe+UI" postScript="" weightStyle="Regular" weight="400" isBold="False" isItalic="False"/>
          <text>About+Us</text>
          <textSize>14</textSize>
          <lineSpacing>0</lineSpacing>
        </control>
        <control controlID="3CAA8470-436A-4B3A-859D-30B90C9EA6D0" controlTypeID="List" x="2" y="63" w="359" h="353" zOrder="2">
          <links eventType="AtClick" animate="AmSlideUp" animateAutoDelay="0" animateDuration="500">
            <link targetPageID="BB805237-3C0D-48A6-AFB5-624B6A844F1A" linkType="ltPageLink" isApplyIncludePage="False" title="web+view">
              <area shape="0" alt="" ID="{71F9CD2B-DF83-4470-9265-961DFC8BDE02}" coords="(1,1,358,49)"/>
            </link>
            <link targetPageID="BB805237-3C0D-48A6-AFB5-624B6A844F1A" linkType="ltPageLink" isApplyIncludePage="False" title="web+view">
              <area shape="0" alt="" ID="{6084DD3A-4FC6-4A0D-87E2-73CCD60F5521}" coords="(1,49,358,97)"/>
            </link>
            <link targetPageID="BB805237-3C0D-48A6-AFB5-624B6A844F1A" linkType="ltPageLink" isApplyIncludePage="False" title="web+view">
              <area shape="0" alt="" ID="{71CDF274-5E83-445C-BA19-EFC0E8DDCE7B}" coords="(1,97,358,145)"/>
            </link>
            <link targetPageID="BB805237-3C0D-48A6-AFB5-624B6A844F1A" linkType="ltPageLink" isApplyIncludePage="False" title="Help">
              <area shape="0" alt="" ID="{A5C1DFF2-58EA-463D-B8BA-AA12B16A4821}" coords="(1,145,358,193)"/>
            </link>
            <link targetPageID="B0C01994-97E2-4005-B919-C9DD5AFE1D46" linkType="ltPageLink" isApplyIncludePage="False" title="rate+us">
              <area shape="0" alt="" ID="{767C5984-3712-4ECB-8CDC-B7A865132190}" coords="(1,193,358,241)"/>
            </link>
            <link targetPageID="" linkType="ltPageLink" isApplyIncludePage="False" title="Latest+Update">
              <area shape="0" alt="" ID="{C12A8F78-7C2E-4603-B073-22F2466A4381}" coords="(1,241,358,289)"/>
            </link>
          </links>
          <font family="Segoe+UI" displayName="Segoe+UI" postScript="" weightStyle="Regular" weight="400" isBold="False" isItalic="False"/>
          <text>Privacy+Policy%0D%0ATerms+of+Service%0D%0ACopyright+Policy%0D%0AHelp%0D%0ARate+Us%0D%0ALatest+Update</text>
          <textSize>14</textSize>
          <lineSpacing>0</lineSpacing>
          <itemHeight>48</itemHeight>
        </control>
        <control controlID="80A19DA1-0659-43F1-AAC0-4B931B6BA84B" controlTypeID="TextArea" x="116" y="312" w="240" h="32" zOrder="3">
          <font family="Segoe+UI" displayName="Segoe+UI" postScript="" weightStyle="Regular" weight="400" isBold="False" isItalic="False"/>
          <text>date</text>
          <textAlign>HaRight</textAlign>
          <textVAlign>VaMiddle</textVAlign>
          <selectedIndex>-1</selectedIndex>
        </control>
      </groupChildrenDescriptors>
    </control>
  </controls>
  <param>
    <backgroundColor>4294967295</backgroundColor>
    <fontSize>0</fontSize>
    <fontFamily/>
    <guideLines/>
  </param>
</mockup>