﻿<mockup version="5.1" minAllowVersion="5.1" ID="3B8E14CC-E4E4-4D0D-819D-D4665FEEE478" platform="MtMobile" defaultW="360" defaultH="640" measureW="360" measureH="640" screenOrientation="MoPortrait" mobileScreenScale="1.77777779102325" clipArea="(0,0,0,0)">
  <controls controlCount="30">
    <control controlID="B38BFCC4-DE83-4C28-8F58-E53DC1F6C1DA" controlTypeID="__group__" x="-2" y="-1" w="368" h="643" zOrder="0">
      <groupChildrenDescriptors>
        <control controlID="772CFC27-E2AB-46E2-AD31-3989F3795331" controlTypeID="TitleWindow" x="1" y="0" w="367" h="643" zOrder="0">
          <borderVisible>False</borderVisible>
          <font family="Segoe+UI" displayName="Segoe+UI" postScript="" weightStyle="Regular" weight="400" isBold="False" isItalic="False"/>
          <text>237First</text>
          <textSize>14</textSize>
          <textVAlign>VaTop</textVAlign>
          <lineSpacing>0</lineSpacing>
          <selectedIndex>-1</selectedIndex>
        </control>
        <control controlID="E37D2A03-98BE-4CC6-9FCD-E18AB3387226" controlTypeID="Top ActionBar" x="1" y="28" w="367" h="32" zOrder="1">
          <color>4292730333</color>
          <font family="Segoe+UI" displayName="Segoe+UI" postScript="" weightStyle="Regular" weight="400" isBold="False" isItalic="False"/>
          <text>ONE-TO-ONE+INVESTMENT</text>
          <textSize>14</textSize>
          <lineSpacing>0</lineSpacing>
        </control>
        <control controlID="3B3E1854-FD94-42FE-8AF9-2B1721BAC4FB" controlTypeID="TextArea" x="0" y="58" w="368" h="73" zOrder="2">
          <font family="Segoe+UI" displayName="Segoe+UI" postScript="" weightStyle="Regular" weight="400" isBold="False" isItalic="False"/>
          <text>with+this+module+one+investor+choses+a+single+artist+to+invest+in+...</text>
          <textAlign>HaCenter</textAlign>
          <textVAlign>VaMiddle</textVAlign>
          <selectedIndex>-1</selectedIndex>
        </control>
        <control controlID="A9D2E4F7-3019-4FEB-B3E0-3CFFE45BED6B" controlTypeID="Shape" x="1" y="140" w="367" h="487" zOrder="3">
          <font family="Segoe+UI" displayName="Segoe+UI" postScript="" weightStyle="Regular" weight="400" isBold="False" isItalic="False"/>
          <textSize>14</textSize>
          <selectedIndex>-1</selectedIndex>
        </control>
        <control controlID="A91948B0-814D-41C1-87E6-37CE330C80DC" controlTypeID="TextArea" x="7" y="146" w="145" h="20" zOrder="4">
          <font family="Segoe+UI" displayName="Segoe+UI" postScript="" weightStyle="Regular" weight="400" isBold="False" isItalic="False"/>
          <text>enter+your+information</text>
          <selectedIndex>-1</selectedIndex>
        </control>
        <control controlID="6501A5B1-1B4F-4118-A7F2-537691B5907D" controlTypeID="LabelTextInput" x="8" y="175" w="149" h="28" zOrder="5">
          <font family="Segoe+UI" displayName="Segoe+UI" postScript="" weightStyle="Regular" weight="400" isBold="False" isItalic="False"/>
          <text>Name</text>
          <textSize>14</textSize>
          <lineSpacing>0</lineSpacing>
          <selectedIndex>-1</selectedIndex>
        </control>
        <control controlID="17FAE17B-323A-4063-85DB-CD6B03E704AC" controlTypeID="LabelTextInput" x="176" y="173" w="182" h="29" zOrder="6">
          <font family="Segoe+UI" displayName="Segoe+UI" postScript="" weightStyle="Regular" weight="400" isBold="False" isItalic="False"/>
          <text>Company</text>
          <textSize>14</textSize>
          <lineSpacing>0</lineSpacing>
          <selectedIndex>-1</selectedIndex>
        </control>
        <control controlID="EEDB63CC-0914-4D75-8C82-2547B13E37DB" controlTypeID="LabelTextInput" x="8" y="209" w="149" h="28" zOrder="7">
          <font family="Segoe+UI" displayName="Segoe+UI" postScript="" weightStyle="Regular" weight="400" isBold="False" isItalic="False"/>
          <text>Job</text>
          <textSize>14</textSize>
          <lineSpacing>0</lineSpacing>
          <selectedIndex>-1</selectedIndex>
        </control>
        <control controlID="9A782D74-A1E9-4771-833D-2D2EF9621334" controlTypeID="LabelTextInput" x="176" y="208" w="182" h="29" zOrder="8">
          <font family="Segoe+UI" displayName="Segoe+UI" postScript="" weightStyle="Regular" weight="400" isBold="False" isItalic="False"/>
          <text>Country%2C+Matt</text>
          <textSize>14</textSize>
          <lineSpacing>0</lineSpacing>
          <selectedIndex>-1</selectedIndex>
        </control>
        <control controlID="B64F8F78-CAA0-4A97-9324-53B1E0A966CC" controlTypeID="LabelTextInput" x="7" y="242" w="149" h="28" zOrder="9">
          <font family="Segoe+UI" displayName="Segoe+UI" postScript="" weightStyle="Regular" weight="400" isBold="False" isItalic="False"/>
          <text>Address%2C+Matt</text>
          <textSize>14</textSize>
          <lineSpacing>0</lineSpacing>
          <selectedIndex>-1</selectedIndex>
        </control>
        <control controlID="E456394A-0E18-4662-A0DD-B7F7B529EE9B" controlTypeID="LabelTextInput" x="175" y="243" w="182" h="29" zOrder="10">
          <font family="Segoe+UI" displayName="Segoe+UI" postScript="" weightStyle="Regular" weight="400" isBold="False" isItalic="False"/>
          <text>Mobile+Number%2C+Matt</text>
          <textSize>14</textSize>
          <lineSpacing>0</lineSpacing>
          <selectedIndex>-1</selectedIndex>
        </control>
        <control controlID="6FFF6B58-E550-4F62-A7EE-B9BA449C64BA" controlTypeID="LabelTextInput" x="8" y="280" w="149" h="28" zOrder="11">
          <font family="Segoe+UI" displayName="Segoe+UI" postScript="" weightStyle="Regular" weight="400" isBold="False" isItalic="False"/>
          <text>Office+number%2C+Matt</text>
          <textSize>14</textSize>
          <lineSpacing>0</lineSpacing>
          <selectedIndex>-1</selectedIndex>
        </control>
        <control controlID="F614FBE0-A1CF-43CE-803C-FEE10AFF0CDC" controlTypeID="LabelTextInput" x="176" y="278" w="182" h="29" zOrder="12">
          <font family="Segoe+UI" displayName="Segoe+UI" postScript="" weightStyle="Regular" weight="400" isBold="False" isItalic="False"/>
          <text>Email%2C+Matt</text>
          <textSize>14</textSize>
          <lineSpacing>0</lineSpacing>
          <selectedIndex>-1</selectedIndex>
        </control>
        <control controlID="ACA9F034-D3E3-40A0-8FDC-668EBE6920F8" controlTypeID="LabelTextInput" x="9" y="317" w="149" h="28" zOrder="13">
          <font family="Segoe+UI" displayName="Segoe+UI" postScript="" weightStyle="Regular" weight="400" isBold="False" isItalic="False"/>
          <text>Website%2C+Matt</text>
          <textSize>14</textSize>
          <lineSpacing>0</lineSpacing>
          <selectedIndex>-1</selectedIndex>
        </control>
        <control controlID="E1B389AD-78F2-4B00-8DE9-F05BFB71EAF9" controlTypeID="DateTimePicker" x="103" y="353" w="144" h="36" zOrder="14">
          <font family="Segoe+UI" displayName="Segoe+UI" postScript="" weightStyle="Regular" weight="400" isBold="False" isItalic="False"/>
          <text>03+%2F+10+%2F+2014</text>
          <textSize>14</textSize>
          <lineSpacing>0</lineSpacing>
          <selectedIndex>-1</selectedIndex>
        </control>
        <control controlID="59AFEE3A-88C8-4717-B3FB-80CDA00447CF" controlTypeID="Shape" x="10" y="368" w="90" h="21" zOrder="15">
          <borderVisible>False</borderVisible>
          <font family="Segoe+UI" displayName="Segoe+UI" postScript="" weightStyle="Regular" weight="400" isBold="False" isItalic="False"/>
          <text>date+of+birth</text>
          <textSize>14</textSize>
          <textAlign>HaLeft</textAlign>
          <textVAlign>VaTop</textVAlign>
          <selectedIndex>-1</selectedIndex>
        </control>
        <control controlID="392D79F8-1770-474D-BDFB-57400524CEBD" controlTypeID="CompositeComboBox" x="218" y="315" w="139" h="27" zOrder="16">
          <groupChildrenDescriptors>
            <control controlID="C5A4C5F8-7B69-472F-A73C-237BC177C837" controlTypeID="TextInput" x="0" y="0" w="116" h="27" zOrder="0">
              <locked>True</locked>
              <canMove>False</canMove>
              <alias>input</alias>
              <font family="Segoe+UI" displayName="Segoe+UI" postScript="" weightStyle="Regular" weight="400" isBold="False" isItalic="False"/>
              <text>Item1</text>
              <lineSpacing>0</lineSpacing>
              <selectedIndex>-1</selectedIndex>
            </control>
            <control controlID="D08C75B7-10E3-4774-83B0-4BD58DF5CFC8" controlTypeID="Button" x="115" y="0" w="24" h="27" zOrder="1">
              <locked>True</locked>
              <canMove>False</canMove>
              <alias>button</alias>
              <font family="Segoe+UI" displayName="Segoe+UI" postScript="" weightStyle="Regular" weight="400" isBold="False" isItalic="False"/>
              <lineSpacing>0</lineSpacing>
              <selectedIndex>-1</selectedIndex>
              <radius>0</radius>
            </control>
            <control controlID="742C5D18-A636-4F39-9FE9-0602A617225B" controlTypeID="List" x="0" y="27" w="139" h="122" zOrder="2">
              <isShow>False</isShow>
              <canMove>False</canMove>
              <alias>dropDown</alias>
              <font family="Segoe+UI" displayName="Segoe+UI" postScript="" weightStyle="Regular" weight="400" isBold="False" isItalic="False"/>
              <text>Item1%0D%0AItem2%0D%0AItem3%0D%0AItem4</text>
              <textSize>14</textSize>
              <lineSpacing>0</lineSpacing>
              <itemHeight>27</itemHeight>
              <interlaceColor>4294967295</interlaceColor>
            </control>
          </groupChildrenDescriptors>
          <baseHeight>27</baseHeight>
          <font family="Segoe+UI"/>
          <textSize>14</textSize>
        </control>
        <control controlID="563E781B-433F-48DA-B20E-6A6F2D4D59EE" controlTypeID="Shape" x="177" y="318" w="39" h="21" zOrder="17">
          <borderVisible>False</borderVisible>
          <font family="Segoe+UI" displayName="Segoe+UI" postScript="" weightStyle="Regular" weight="400" isBold="False" isItalic="False"/>
          <text>sex</text>
          <textSize>14</textSize>
          <textAlign>HaLeft</textAlign>
          <textVAlign>VaTop</textVAlign>
          <selectedIndex>-1</selectedIndex>
        </control>
        <control controlID="189FF255-56E6-4E42-A2C8-F07AB3F292A1" controlTypeID="TextArea" x="12" y="398" w="343" h="69" zOrder="18">
          <borderVisible>True</borderVisible>
          <font family="Segoe+UI" displayName="Segoe+UI" postScript="" weightStyle="Regular" weight="400" isBold="False" isItalic="False"/>
          <text>purpose+of+investment+(1000-1500+words)</text>
          <textAlign>HaCenter</textAlign>
          <textVAlign>VaMiddle</textVAlign>
          <selectedIndex>-1</selectedIndex>
        </control>
        <control controlID="00CA7DF2-FD7C-4512-BD7B-F6F0614AB9DF" controlTypeID="TextArea" x="12" y="471" w="343" h="64" zOrder="19">
          <borderVisible>True</borderVisible>
          <font family="Segoe+UI" displayName="Segoe+UI" postScript="" weightStyle="Regular" weight="400" isBold="False" isItalic="False"/>
          <text>goal+of+investment+(750+-1000words)</text>
          <textAlign>HaCenter</textAlign>
          <textVAlign>VaMiddle</textVAlign>
          <selectedIndex>-1</selectedIndex>
        </control>
        <control controlID="42477553-A7DB-4107-A2A7-F3A219EAB24E" controlTypeID="Button" x="139" y="588" w="89" h="30" zOrder="20">
          <font family="Segoe+UI" displayName="Segoe+UI" postScript="" weightStyle="Regular" weight="400" isBold="False" isItalic="False"/>
          <text>submit</text>
          <lineSpacing>0</lineSpacing>
          <selectedIndex>-1</selectedIndex>
        </control>
      </groupChildrenDescriptors>
    </control>
    <control controlID="F86AF1C3-8A57-4E24-90EA-D8983A5D580C" controlTypeID="CompositeComboBox" x="110" y="553" w="211" h="22" zOrder="1">
      <groupChildrenDescriptors>
        <control controlID="3C89BB01-BFE6-4BD0-8B55-18E91F03A148" controlTypeID="TextInput" x="0" y="0" w="188" h="22" zOrder="0">
          <canMove>False</canMove>
          <alias>input</alias>
          <font family="Segoe+UI" displayName="Segoe+UI" postScript="" weightStyle="Regular" weight="400" isBold="False" isItalic="False"/>
          <text>Item1</text>
          <lineSpacing>0</lineSpacing>
          <selectedIndex>-1</selectedIndex>
        </control>
        <control controlID="1D4C6FC5-313F-4504-9E01-73AD639D3FEC" controlTypeID="Button" x="187" y="0" w="24" h="22" zOrder="1">
          <canMove>False</canMove>
          <alias>button</alias>
          <font family="Segoe+UI" displayName="Segoe+UI" postScript="" weightStyle="Regular" weight="400" isBold="False" isItalic="False"/>
          <lineSpacing>0</lineSpacing>
          <selectedIndex>-1</selectedIndex>
          <radius>0</radius>
        </control>
        <control controlID="510027F4-DF06-4F85-8852-7B48B70D4625" controlTypeID="List" x="0" y="22" w="211" h="252" zOrder="2">
          <isShow>False</isShow>
          <canMove>False</canMove>
          <alias>dropDown</alias>
          <font family="Segoe+UI" displayName="Segoe+UI" postScript="" weightStyle="Regular" weight="400" isBold="False" isItalic="False"/>
          <text>Item1%0D%0AItem2%0D%0AItem3%0D%0AItem4</text>
          <textSize>14</textSize>
          <lineSpacing>0</lineSpacing>
          <itemHeight>22</itemHeight>
          <interlaceColor>4294967295</interlaceColor>
        </control>
      </groupChildrenDescriptors>
      <baseHeight>22</baseHeight>
      <font family="Segoe+UI"/>
      <textSize>14</textSize>
    </control>
    <control controlID="1BF14D89-F37B-4F75-BDDE-E7A0237DB97D" controlTypeID="Shape" x="11" y="551" w="96" h="24" zOrder="2">
      <borderVisible>False</borderVisible>
      <font family="Segoe+UI" displayName="Segoe+UI" postScript="" weightStyle="Regular" weight="400" isBold="False" isItalic="False"/>
      <text>choose+artist</text>
      <textSize>14</textSize>
      <textAlign>HaLeft</textAlign>
      <selectedIndex>-1</selectedIndex>
    </control>
  </controls>
  <param>
    <backgroundColor>4294967295</backgroundColor>
    <fontSize>0</fontSize>
    <fontFamily/>
    <guideLines/>
  </param>
</mockup>