﻿<mockup version="5.1" minAllowVersion="5.1" ID="41A165FE-99F9-4672-B394-703188EA514A" platform="MtMobile" defaultW="360" defaultH="640" measureW="360" measureH="640" screenOrientation="MoPortrait" mobileScreenScale="1.77777779102325" clipArea="(0,0,0,0)">
  <controls controlCount="13">
    <control controlID="7186861E-4463-4BC7-8B43-8F531223E36D" controlTypeID="__group__" x="0" y="1" w="369" h="643" zOrder="0">
      <groupChildrenDescriptors>
        <control controlID="3A1E8239-029F-46B7-8A78-695927523055" controlTypeID="TitleWindow" x="1" y="0" w="367" h="643" zOrder="0">
          <borderVisible>False</borderVisible>
          <font family="Segoe+UI" displayName="Segoe+UI" postScript="" weightStyle="Regular" weight="400" isBold="False" isItalic="False"/>
          <text>237First</text>
          <textSize>14</textSize>
          <textVAlign>VaTop</textVAlign>
          <lineSpacing>0</lineSpacing>
          <selectedIndex>-1</selectedIndex>
        </control>
        <control controlID="1DB78DFC-54F1-49D4-95C4-D90D137002E9" controlTypeID="Top ActionBar" x="0" y="28" w="367" h="32" zOrder="1">
          <color>4292730333</color>
          <font family="Segoe+UI" displayName="Segoe+UI" postScript="" weightStyle="Regular" weight="400" isBold="False" isItalic="False"/>
          <text>INVESTMENT</text>
          <textSize>14</textSize>
          <lineSpacing>0</lineSpacing>
        </control>
        <control controlID="3A53068F-E13B-437D-BC89-481F8DCD56A9" controlTypeID="Shape" x="0" y="60" w="368" h="120" zOrder="2">
          <font family="Segoe+UI" displayName="Segoe+UI" postScript="" weightStyle="Regular" weight="400" isBold="False" isItalic="False"/>
          <text>WELCOME+TO+OUR+INVESTMENT+PAGE</text>
          <textSize>14</textSize>
          <selectedIndex>-1</selectedIndex>
        </control>
        <control controlID="C10B9883-7315-4743-AABE-91134BEB583A" controlTypeID="TextArea" x="65" y="193" w="240" h="47" zOrder="3">
          <font family="Segoe+UI" displayName="Segoe+UI" postScript="" weightStyle="Regular" weight="400" isBold="False" isItalic="False"/>
          <text>OUR+INVESTMENT+PLANS</text>
          <textAlign>HaCenter</textAlign>
          <textVAlign>VaMiddle</textVAlign>
          <selectedIndex>-1</selectedIndex>
        </control>
        <control controlID="DB5E97CC-798E-499B-9480-9B8372C30B2E" controlTypeID="__group__" x="0" y="239" w="369" h="338" zOrder="4">
          <groupChildrenDescriptors>
            <control controlID="32A34E7D-77A7-4305-8553-E481B676AF73" controlTypeID="Shape" x="0" y="0" w="369" h="50" zOrder="0">
              <links eventType="AtClick" animate="AmSlideUp" animateAutoDelay="0" animateDuration="500">
                <link targetPageID="3B8E14CC-E4E4-4D0D-819D-D4665FEEE478" linkType="ltPageLink" isApplyIncludePage="False" title="One-to-One+investment">
                  <area shape="0" alt="" ID="{2E5538D7-D97F-4CBF-8FC9-C5A8C90AC747}" coords="(0,0,369,50)"/>
                </link>
              </links>
              <font family="Segoe+UI" displayName="Segoe+UI" postScript="" weightStyle="Regular" weight="400" isBold="False" isItalic="False"/>
              <text>ONE-TO-ONE+INVESTMENT</text>
              <textSize>14</textSize>
              <textAlign>HaLeft</textAlign>
              <selectedIndex>-1</selectedIndex>
            </control>
            <control controlID="706DF533-1ED1-43F1-A199-9D73FB912428" controlTypeID="Shape" x="0" y="49" w="369" h="50" zOrder="1">
              <links eventType="AtClick" animate="AmSlideUp" animateAutoDelay="0" animateDuration="500">
                <link targetPageID="FA897061-9E55-4F76-B0C9-C6D96CC77A1E" linkType="ltPageLink" isApplyIncludePage="False" title="One-to-+Many+investment">
                  <area shape="0" alt="" ID="{8DCA7C0C-18E9-4CC3-92D6-9FB6B31F1419}" coords="(0,0,369,50)"/>
                </link>
              </links>
              <font family="Segoe+UI" displayName="Segoe+UI" postScript="" weightStyle="Regular" weight="400" isBold="False" isItalic="False"/>
              <text>ONE-TO-MANY+INVESTMENT</text>
              <textSize>14</textSize>
              <textAlign>HaLeft</textAlign>
              <selectedIndex>-1</selectedIndex>
            </control>
            <control controlID="B7D34220-0600-4A98-ADDC-859C03D5E977" controlTypeID="Shape" x="0" y="98" w="369" h="50" zOrder="2">
              <links eventType="AtClick" animate="AmSlideUp" animateAutoDelay="0" animateDuration="500">
                <link targetPageID="4BE2CE61-4B4D-4757-8960-99028F8C11B1" linkType="ltPageLink" isApplyIncludePage="False" title="Many-to-One+investment">
                  <area shape="0" alt="" ID="{DB292E13-DD30-4A8A-8FF9-66E7B315BE56}" coords="(0,0,369,50)"/>
                </link>
              </links>
              <font family="Segoe+UI" displayName="Segoe+UI" postScript="" weightStyle="Regular" weight="400" isBold="False" isItalic="False"/>
              <text>MANY-TO-ONE+INVESTMENT</text>
              <textSize>14</textSize>
              <textAlign>HaLeft</textAlign>
              <selectedIndex>-1</selectedIndex>
            </control>
            <control controlID="F65C0E25-A52C-43C3-8C31-5EC2A9DC6B13" controlTypeID="Shape" x="0" y="146" w="369" h="50" zOrder="3">
              <links eventType="AtClick" animate="AmSlideUp" animateAutoDelay="0" animateDuration="500">
                <link targetPageID="8797C893-12B2-40D1-B089-D0379251F13A" linkType="ltPageLink" isApplyIncludePage="False" title="Many-to-+Many+investment">
                  <area shape="0" alt="" ID="{8535882E-7C0C-472F-9589-915ED78C63DC}" coords="(0,0,369,50)"/>
                </link>
              </links>
              <font family="Segoe+UI" displayName="Segoe+UI" postScript="" weightStyle="Regular" weight="400" isBold="False" isItalic="False"/>
              <text>MANY-TO-MANY+INVESTMENT</text>
              <textSize>14</textSize>
              <textAlign>HaLeft</textAlign>
              <selectedIndex>-1</selectedIndex>
            </control>
            <control controlID="8F931BD7-AEBD-43C0-9D38-999C5B7EA780" controlTypeID="Shape" x="0" y="240" w="369" h="50" zOrder="4">
              <font family="Segoe+UI" displayName="Segoe+UI" postScript="" weightStyle="Regular" weight="400" isBold="False" isItalic="False"/>
              <text>MANY-TO-MANY+INVESTMENT</text>
              <textSize>14</textSize>
              <textAlign>HaLeft</textAlign>
              <selectedIndex>-1</selectedIndex>
            </control>
            <control controlID="2D49FCFB-167F-48E8-9D4A-DB1FFAD3D9ED" controlTypeID="Shape" x="0" y="288" w="369" h="50" zOrder="5">
              <font family="Segoe+UI" displayName="Segoe+UI" postScript="" weightStyle="Regular" weight="400" isBold="False" isItalic="False"/>
              <text>MANY-TO-MANY+INVESTMENT</text>
              <textSize>14</textSize>
              <textAlign>HaLeft</textAlign>
              <selectedIndex>-1</selectedIndex>
            </control>
          </groupChildrenDescriptors>
        </control>
        <control controlID="BD53064C-2D51-4EC6-8038-053E4840AFA5" controlTypeID="TextArea" x="61" y="447" w="240" h="33" zOrder="5">
          <font family="Segoe+UI" displayName="Segoe+UI" postScript="" weightStyle="Regular" weight="400" isBold="False" isItalic="False"/>
          <text>MY+INVESTMENTS</text>
          <textAlign>HaCenter</textAlign>
          <textVAlign>VaMiddle</textVAlign>
          <selectedIndex>-1</selectedIndex>
        </control>
      </groupChildrenDescriptors>
    </control>
  </controls>
  <param>
    <backgroundColor>4294967295</backgroundColor>
    <fontSize>0</fontSize>
    <fontFamily/>
    <guideLines/>
  </param>
</mockup>