﻿<mockup version="5.1" minAllowVersion="5.1" ID="472FCEAF-FED9-4F9B-B63F-41A88013F422" platform="MtMobile" defaultW="360" defaultH="640" measureW="360" measureH="640" screenOrientation="MoPortrait" mobileScreenScale="1.77777779102325">
  <controls controlCount="1">
    <control controlID="919AAECB-3B78-474A-9FDC-1AFF8B19F4D8" controlTypeID="List" x="71" y="190" w="256" h="282" zOrder="0">
      <font family="Segoe+UI" displayName="Segoe+UI" postScript="" weightStyle="Regular" weight="400" isBold="False" isItalic="False"/>
      <text>username+-+name%0D%0Aaccount+type+-+type%0D%0Aemail+address+-+email%0D%0Acountry+-+country%0D%0Asex++-+sex%0D%0Aaddress+-+sex%0D%0Aregion+-+region%0D%0Aage+-+age</text>
      <textSize>14</textSize>
      <lineSpacing>0</lineSpacing>
      <itemHeight>48</itemHeight>
    </control>
  </controls>
  <param>
    <backgroundColor>4294967295</backgroundColor>
    <fontSize>0</fontSize>
    <fontFamily/>
    <guideLines/>
  </param>
</mockup>