﻿<mockup version="5.1" minAllowVersion="5.1" ID="4B619D6A-FDC5-40C1-8DC3-3BB202EB5EB4" platform="MtMobile" defaultW="360" defaultH="640" measureW="360" measureH="640" screenOrientation="MoPortrait" mobileScreenScale="1.77777779102325" clipArea="(0,0,0,0)">
  <controls controlCount="22">
    <control controlID="CE5E141D-B998-4909-8ACD-8814E981A292" controlTypeID="TitleWindow" x="-1" y="0" w="363" h="640" zOrder="0">
      <font family="Segoe+UI" displayName="Segoe+UI" postScript="" weightStyle="Regular" weight="400" isBold="False" isItalic="False"/>
      <text>237First</text>
      <textSize>14</textSize>
      <textVAlign>VaTop</textVAlign>
      <lineSpacing>0</lineSpacing>
      <selectedIndex>-1</selectedIndex>
    </control>
    <control controlID="9BD40BDF-B3FF-4E7B-B56B-EF9E7DDD8833" controlTypeID="Shape" x="1" y="32" w="359" h="30" zOrder="1">
      <font family="Segoe+UI" displayName="Segoe+UI" postScript="" weightStyle="Regular" weight="400" isBold="False" isItalic="False"/>
      <text>++++++++NEWS+FEED</text>
      <textSize>14</textSize>
      <textAlign>HaLeft</textAlign>
      <selectedIndex>-1</selectedIndex>
    </control>
    <control controlID="34BAE076-B91E-4089-A364-2304CB98992E" controlTypeID="Icon" x="7" y="37" w="24" h="24" zOrder="2">
      <links eventType="AtClick" animate="AmSlideUp" animateAutoDelay="0" animateDuration="500">
        <link targetPageID="063F464A-96AC-44FA-B83B-0D7767AD986B" linkType="ltPageLink" isApplyIncludePage="False" title="Drawer">
          <area shape="0" alt="" ID="{56D9E768-5C30-4D06-BA95-A6F2695357FD}" coords="(0,0,24,24)"/>
        </link>
      </links>
      <icon>
        <ID/>
        <iconFontName>jdIonicons</iconFontName>
        <iconCode>61744</iconCode>
      </icon>
      <URL>EE04925DDE4EB9BF58D807978ECA60CB.svg</URL>
    </control>
    <control controlID="2CCBFE08-8274-4203-849E-74863A786383" controlTypeID="Search" x="201" y="69" w="156" h="25" zOrder="3">
      <links eventType="AtClick" animate="AmSlideUp" animateAutoDelay="0" animateDuration="500">
        <link targetPageID="4B619D6A-FDC5-40C1-8DC3-3BB202EB5EB4" linkType="ltPageLink" isApplyIncludePage="False" title="Browse+List">
          <area shape="0" alt="" ID="{A6372EAE-31A5-4011-B052-9C1D15F3E7CC}" coords="(0,0,156,25)"/>
        </link>
      </links>
      <font family="Segoe+UI" displayName="Segoe+UI" postScript="" weightStyle="Regular" weight="400" isBold="False" isItalic="False"/>
      <text>search</text>
      <textSize>14</textSize>
      <textVAlign>VaTop</textVAlign>
      <lineSpacing>0</lineSpacing>
      <selectedIndex>-1</selectedIndex>
    </control>
    <control controlID="74D785AE-024B-4CD2-AB6C-791E2773D8D8" controlTypeID="__group__" x="1" y="109" w="359" h="134" zOrder="4">
      <links eventType="AtClick" animate="AmSlideRight" animateAutoDelay="0" animateDuration="500">
        <link targetPageID="DC82554D-2385-453B-8686-A83FADB4DD7A" linkType="ltPageLink" isApplyIncludePage="False" title="Media+player">
          <area shape="0" alt="" ID="{ACB14541-2FB7-452E-A718-74A7466154CC}" coords="(0,0,359,134)"/>
        </link>
      </links>
      <groupChildrenDescriptors>
        <control controlID="4BB57917-8A4C-49AE-8E0D-22E3BF70FF58" controlTypeID="Shape" x="0" y="0" w="359" h="134" zOrder="0">
          <font family="Segoe+UI" displayName="Segoe+UI" postScript="" weightStyle="Regular" weight="400" isBold="False" isItalic="False"/>
          <textSize>14</textSize>
          <selectedIndex>-1</selectedIndex>
        </control>
        <control controlID="565DBD3B-7543-476B-A862-F02044D288DE" controlTypeID="__group__" x="9" y="21" w="340" h="97" zOrder="1">
          <groupChildrenDescriptors>
            <control controlID="C5157C04-F816-4D47-A8F7-36A087337041" controlTypeID="Image" x="0" y="5" w="90" h="86" zOrder="0"/>
            <control controlID="56AE65CC-A365-477C-8CD8-C028C7E68D2C" controlTypeID="TextArea" x="95" y="0" w="117" h="97" zOrder="1">
              <font family="Segoe+UI" displayName="Segoe+UI" postScript="" weightStyle="Regular" weight="400" isBold="False" isItalic="False"/>
              <text>artist+name%0D%0Atitle%0D%0Atype+%0D%0Alabel%0D%0Aviews</text>
              <selectedIndex>-1</selectedIndex>
            </control>
            <control controlID="421E19E8-1242-422A-8341-0C843F2C1A1B" controlTypeID="Icon" x="316" y="67" w="24" h="24" zOrder="2">
              <links eventType="AtClick" animate="AmSlideUp" animateAutoDelay="0" animateDuration="500">
                <link targetPageID="61E89ADF-7E36-43FB-95EE-C3882B533EC1" linkType="ltPageLink" isApplyIncludePage="False" title="content+settings">
                  <area shape="0" alt="" ID="{D8046B6C-A0D5-433E-BDDB-E98D479912C5}" coords="(0,0,24,24)"/>
                </link>
              </links>
              <icon>
                <ID/>
                <iconFontName>jdIonicons</iconFontName>
                <iconCode>62359</iconCode>
              </icon>
              <URL>92A37C37F1C55861F795B008D0D7225E.svg</URL>
            </control>
          </groupChildrenDescriptors>
        </control>
      </groupChildrenDescriptors>
    </control>
    <control controlID="B9826A87-B60C-4FED-9CA5-1CE9328DB0C7" controlTypeID="__group__" x="1" y="270" w="359" h="136" zOrder="5">
      <groupChildrenDescriptors>
        <control controlID="88F21E30-4EFC-4737-B09E-FB4D633DCCF2" controlTypeID="Shape" x="0" y="0" w="359" h="136" zOrder="0">
          <font family="Segoe+UI" displayName="Segoe+UI" postScript="" weightStyle="Regular" weight="400" isBold="False" isItalic="False"/>
          <textSize>14</textSize>
          <selectedIndex>-1</selectedIndex>
        </control>
        <control controlID="BA9342AE-5FBB-45C3-947D-70AA6F0D337C" controlTypeID="__group__" x="7" y="20" w="340" h="97" zOrder="1">
          <groupChildrenDescriptors>
            <control controlID="FC20909A-35C0-4061-9191-25CCA56F213B" controlTypeID="Image" x="0" y="5" w="90" h="86" zOrder="0"/>
            <control controlID="53CBDC4E-9CC3-4743-8853-68577DA2EBC8" controlTypeID="TextArea" x="95" y="0" w="117" h="97" zOrder="1">
              <font family="Segoe+UI" displayName="Segoe+UI" postScript="" weightStyle="Regular" weight="400" isBold="False" isItalic="False"/>
              <text>artist+name%0D%0Atitle%0D%0Atype+%0D%0Alabel%0D%0Aviews</text>
              <selectedIndex>-1</selectedIndex>
            </control>
            <control controlID="439D9E9E-A34F-4E26-B0E2-51AE0A71CF47" controlTypeID="Icon" x="316" y="67" w="24" h="24" zOrder="2">
              <icon>
                <ID/>
                <iconFontName>jdIonicons</iconFontName>
                <iconCode>62359</iconCode>
              </icon>
              <URL>92A37C37F1C55861F795B008D0D7225E.svg</URL>
            </control>
          </groupChildrenDescriptors>
        </control>
      </groupChildrenDescriptors>
    </control>
    <control controlID="4553A02D-FF7C-498D-889F-4C9AEBE13A93" controlTypeID="__group__" x="1" y="431" w="360" h="139" zOrder="6">
      <groupChildrenDescriptors>
        <control controlID="C45BE992-431A-4343-B9C4-C43EB652C967" controlTypeID="Shape" x="0" y="0" w="360" h="139" zOrder="0">
          <font family="Segoe+UI" displayName="Segoe+UI" postScript="" weightStyle="Regular" weight="400" isBold="False" isItalic="False"/>
          <textSize>14</textSize>
          <selectedIndex>-1</selectedIndex>
        </control>
        <control controlID="EB49E1A4-B8E8-48EB-B01D-342E61577762" controlTypeID="__group__" x="8" y="24" w="340" h="97" zOrder="1">
          <groupChildrenDescriptors>
            <control controlID="B5ECCF1F-B43D-48B9-B5B6-6FD7A5BE02CA" controlTypeID="Image" x="0" y="5" w="90" h="86" zOrder="0"/>
            <control controlID="9FED0A8E-0810-4AA1-8C6F-5C5B2F93086B" controlTypeID="TextArea" x="95" y="0" w="117" h="97" zOrder="1">
              <font family="Segoe+UI" displayName="Segoe+UI" postScript="" weightStyle="Regular" weight="400" isBold="False" isItalic="False"/>
              <text>artist+name%0D%0Atitle%0D%0Atype+%0D%0Alabel%0D%0Aviews</text>
              <selectedIndex>-1</selectedIndex>
            </control>
            <control controlID="20B7E9DD-4306-47C7-A4A2-774FEAA211EA" controlTypeID="Icon" x="316" y="67" w="24" h="24" zOrder="2">
              <icon>
                <ID/>
                <iconFontName>jdIonicons</iconFontName>
                <iconCode>62359</iconCode>
              </icon>
              <URL>92A37C37F1C55861F795B008D0D7225E.svg</URL>
            </control>
          </groupChildrenDescriptors>
        </control>
      </groupChildrenDescriptors>
    </control>
  </controls>
  <param>
    <backgroundColor>4294967295</backgroundColor>
    <fontSize>0</fontSize>
    <fontFamily/>
    <guideLines/>
  </param>
</mockup>