﻿<mockup version="5.1" minAllowVersion="5.1" ID="4B8D6AE2-1812-48CE-B9CF-E0AE995490FA" platform="MtMobile" defaultW="360" defaultH="640" measureW="360" measureH="640" screenOrientation="MoPortrait" mobileScreenScale="1.77777779102325" clipArea="(0,0,0,0)">
  <controls controlCount="24">
    <control controlID="68F01ECD-6431-4B88-99CF-803FE631A5B6" controlTypeID="__group__" x="-3" y="1" w="361" h="640" zOrder="0">
      <groupChildrenDescriptors>
        <control controlID="0AE6B691-3F61-4570-B6AE-6D42090251AC" controlTypeID="TitleWindow" x="0" y="0" w="361" h="640" zOrder="0">
          <font family="Segoe+UI" displayName="Segoe+UI" postScript="" weightStyle="Regular" weight="400" isBold="False" isItalic="False"/>
          <text>237First</text>
          <textSize>14</textSize>
          <textVAlign>VaTop</textVAlign>
          <lineSpacing>0</lineSpacing>
          <selectedIndex>-1</selectedIndex>
        </control>
        <control controlID="B7398C65-5125-4C10-A5BE-A3E926B9D8E4" controlTypeID="Tab" x="2" y="62" w="357" h="553" zOrder="1">
          <links eventType="AtClick" animate="AmSlideRight" animateAutoDelay="0" animateDuration="500">
            <link targetPageID="7D82D108-6C3C-4B41-8F46-37468D75CF35" linkType="ltPageLink" isApplyIncludePage="False" title="News+Feed">
              <area shape="0" alt="" ID="{2C7DC078-CC19-44B9-A5F8-6EC74CB698AF}" coords="(0,0,100,18)"/>
            </link>
            <link targetPageID="4B8D6AE2-1812-48CE-B9CF-E0AE995490FA" linkType="ltPageLink" isApplyIncludePage="False" title="Timeline">
              <area shape="0" alt="" ID="{0524C16A-B7E4-4739-BD79-94093C6A4176}" coords="(99,0,167,18)"/>
            </link>
            <link targetPageID="ABAB764A-F1DD-4AF7-B8D1-AC9DE244C844" linkType="ltPageLink" isApplyIncludePage="False" title="+Blog">
              <area shape="0" alt="" ID="{2FE521FD-CA97-47C5-AEA2-742BF89812C4}" coords="(166,0,213,18)"/>
            </link>
          </links>
          <font family="Segoe+UI" displayName="Segoe+UI" postScript="" weightStyle="Regular" weight="400" isBold="False" isItalic="False"/>
          <text>Browse+Music%2CTimeline%2C+Blog</text>
          <textSize>14</textSize>
          <lineSpacing>0</lineSpacing>
        </control>
        <control controlID="161DC355-B33B-422E-B6DD-329CA06A6323" controlTypeID="__group__" x="0" y="90" w="360" h="524" zOrder="2">
          <groupChildrenDescriptors>
            <control controlID="347FD3F0-BD8B-4024-A66D-E6EBD588534E" controlTypeID="Search" x="236" y="0" w="117" h="29" zOrder="0">
              <links eventType="AtClick" animate="AmSlideRight" animateAutoDelay="0" animateDuration="500">
                <link targetPageID="4B619D6A-FDC5-40C1-8DC3-3BB202EB5EB4" linkType="ltPageLink" isApplyIncludePage="False" title="Browse+List">
                  <area shape="0" alt="" ID="{2CC5E3B4-23EA-48AB-AC27-6A4C5FAD940E}" coords="(0,0,117,29)"/>
                </link>
              </links>
              <font family="Segoe+UI" displayName="Segoe+UI" postScript="" weightStyle="Regular" weight="400" isBold="False" isItalic="False"/>
              <text>search</text>
              <textSize>14</textSize>
              <textVAlign>VaTop</textVAlign>
              <lineSpacing>0</lineSpacing>
              <selectedIndex>-1</selectedIndex>
            </control>
            <control controlID="6A8A04D3-C3D5-46D9-AC7C-79637DBD7C6F" controlTypeID="Shape" x="5" y="42" w="170" h="46" zOrder="1">
              <font family="Segoe+UI" displayName="Segoe+UI" postScript="" weightStyle="Regular" weight="400" isBold="False" isItalic="False"/>
              <text>wirte+a+post...</text>
              <textSize>14</textSize>
              <selectedIndex>-1</selectedIndex>
            </control>
            <control controlID="876305CC-D054-4500-999B-9CFBE183E190" controlTypeID="Button" x="267" y="42" w="85" h="46" zOrder="2">
              <font family="Segoe+UI" displayName="Segoe+UI" postScript="" weightStyle="Regular" weight="400" isBold="False" isItalic="False"/>
              <text>upload</text>
              <lineSpacing>0</lineSpacing>
              <selectedIndex>-1</selectedIndex>
            </control>
            <control controlID="A436BD09-5F8A-4067-BE5A-627B59C224C1" controlTypeID="Button" x="178" y="42" w="85" h="46" zOrder="3">
              <interactiveData>
                <entry title="">
                  <area shape="0" alt="" ID="{C9503D33-0A8D-4BCB-9F6A-CD86AAD1A48F}" coords="(0,0,85,46)"/>
                  <events title="">
                    <event eventType="atClick" isChecked="True">
                      <behaviour title="" isChecked="True" isWait="False" isLoop="False" execMode="emParallel">
                        <target targetID="F26D0FA1-BF0C-4925-A4C0-23F07F0B151A" isChecked="True" isAutoRecovery="False" isLoop="False" execMode="emSequence">
                          <command name="Change Visibility" isChecked="True" descrition="">
                            <param name="AniInterpolation" value="1" varType="3" description=""/>
                            <param name="AniDuration" value="200" varType="3" description=""/>
                            <param name="AniAutoReverse" value="False" varType="11" description=""/>
                            <param name="AniLoop" value="False" varType="11" description=""/>
                            <param name="AniInterpolationTypeOut" value="False" varType="11" description=""/>
                            <param name="Delay" value="0" varType="3" description=""/>
                            <param name="ValueFromCurrent" value="True" varType="11" description=""/>
                            <param name="ForceFromInitValue" value="False" varType="11" description=""/>
                            <param name="ForceSetVisible" value="False" varType="11" description=""/>
                            <param name="Value" value="2" varType="3" description=""/>
                            <param name="TerminateLoopByClick" value="True" varType="11" description=""/>
                          </command>
                        </target>
                        <target targetID="5C9AC4C4-0AFD-4C94-9E51-8D07433B6DD0" isChecked="True" isAutoRecovery="False" isLoop="False" execMode="emSequence">
                          <command name="Change Visibility" isChecked="True" descrition="">
                            <param name="AniInterpolation" value="1" varType="3" description=""/>
                            <param name="AniDuration" value="200" varType="3" description=""/>
                            <param name="AniAutoReverse" value="False" varType="11" description=""/>
                            <param name="AniLoop" value="False" varType="11" description=""/>
                            <param name="AniInterpolationTypeOut" value="False" varType="11" description=""/>
                            <param name="Delay" value="0" varType="3" description=""/>
                            <param name="ValueFromCurrent" value="True" varType="11" description=""/>
                            <param name="ForceFromInitValue" value="False" varType="11" description=""/>
                            <param name="ForceSetVisible" value="False" varType="11" description=""/>
                            <param name="Value" value="2" varType="3" description=""/>
                            <param name="TerminateLoopByClick" value="True" varType="11" description=""/>
                          </command>
                        </target>
                      </behaviour>
                    </event>
                  </events>
                </entry>
              </interactiveData>
              <font family="Segoe+UI" displayName="Segoe+UI" postScript="" weightStyle="Regular" weight="400" isBold="False" isItalic="False"/>
              <text>Post</text>
              <lineSpacing>0</lineSpacing>
              <selectedIndex>-1</selectedIndex>
            </control>
            <control controlID="F26D0FA1-BF0C-4925-A4C0-23F07F0B151A" controlTypeID="__group__" x="0" y="91" w="360" h="194" zOrder="4">
              <groupChildrenDescriptors>
                <control controlID="17956172-C89C-485A-8BF1-AA0795BAD66C" controlTypeID="Shape" x="0" y="0" w="360" h="194" zOrder="0">
                  <font family="Segoe+UI" displayName="Segoe+UI" postScript="" weightStyle="Regular" weight="400" isBold="False" isItalic="False"/>
                  <textSize>14</textSize>
                  <selectedIndex>-1</selectedIndex>
                </control>
                <control controlID="DD53631E-1CEE-4A2F-8769-BBAA34D97C0C" controlTypeID="__group__" x="6" y="13" w="345" h="172" zOrder="1">
                  <groupChildrenDescriptors>
                    <control controlID="22836E96-22E5-4FA3-87B1-C81961C49CD2" controlTypeID="Circle" x="0" y="0" w="66" h="57" zOrder="0">
                      <font family="Segoe+UI" displayName="Segoe+UI" postScript="" weightStyle="Regular" weight="400" isBold="False" isItalic="False"/>
                      <textSize>14</textSize>
                      <selectedIndex>-1</selectedIndex>
                      <shapeBorderType>SbEllipse</shapeBorderType>
                    </control>
                    <control controlID="DFF2D910-1EE1-4299-85EF-FD911F81EED4" controlTypeID="TextArea" x="71" y="3" w="76" h="55" zOrder="1">
                      <font family="Segoe+UI" displayName="Segoe+UI" postScript="" weightStyle="Regular" weight="400" isBold="False" isItalic="False"/>
                      <text>username%0D%0Aactivity%0D%0Adate</text>
                      <selectedIndex>-1</selectedIndex>
                    </control>
                    <control controlID="23D23370-F0AA-4E01-A85B-28E55321AF2A" controlTypeID="Shape" x="6" y="74" w="339" h="98" zOrder="2">
                      <font family="Segoe+UI" displayName="Segoe+UI" postScript="" weightStyle="Regular" weight="400" isBold="False" isItalic="False"/>
                      <text>post+here</text>
                      <textSize>14</textSize>
                      <selectedIndex>-1</selectedIndex>
                    </control>
                  </groupChildrenDescriptors>
                </control>
              </groupChildrenDescriptors>
            </control>
            <control controlID="6E2902A5-D9F8-482A-8228-5BF622731848" controlTypeID="Shape" x="4" y="483" w="356" h="41" zOrder="5">
              <links eventType="AtClick" animate="AmPushUp" animateAutoDelay="0" animateDuration="500">
                <link targetPageID="5FE4FDE9-FA85-446B-A135-7ACA8CB36CA9" linkType="ltPageLink" isApplyIncludePage="False" title="User+list">
                  <area shape="0" alt="" ID="{422BF543-1F5A-43C6-8047-71AC1C117853}" coords="(0,0,356,41)"/>
                </link>
              </links>
              <font family="Segoe+UI" displayName="Segoe+UI" postScript="" weightStyle="Regular" weight="400" isBold="False" isItalic="False"/>
              <text>user+list</text>
              <textSize>14</textSize>
              <selectedIndex>-1</selectedIndex>
            </control>
          </groupChildrenDescriptors>
        </control>
        <control controlID="5C9AC4C4-0AFD-4C94-9E51-8D07433B6DD0" controlTypeID="__group__" x="2" y="374" w="358" h="194" zOrder="3">
          <groupChildrenDescriptors>
            <control controlID="8DB8B33F-6895-4274-8517-F0440AD362DA" controlTypeID="Shape" x="0" y="0" w="358" h="194" zOrder="0">
              <font family="Segoe+UI" displayName="Segoe+UI" postScript="" weightStyle="Regular" weight="400" isBold="False" isItalic="False"/>
              <textSize>14</textSize>
              <selectedIndex>-1</selectedIndex>
            </control>
            <control controlID="2BDC3A2F-2EB4-4023-9DCB-213BE86A7D24" controlTypeID="__group__" x="6" y="13" w="343" h="172" zOrder="1">
              <groupChildrenDescriptors>
                <control controlID="A8CCD19E-EE9F-4F1E-9BF2-2FD291C2BDC4" controlTypeID="Circle" x="0" y="0" w="66" h="57" zOrder="0">
                  <font family="Segoe+UI" displayName="Segoe+UI" postScript="" weightStyle="Regular" weight="400" isBold="False" isItalic="False"/>
                  <textSize>14</textSize>
                  <selectedIndex>-1</selectedIndex>
                  <shapeBorderType>SbEllipse</shapeBorderType>
                </control>
                <control controlID="6465203D-8F90-462F-9B40-C746727A4790" controlTypeID="TextArea" x="71" y="3" w="76" h="55" zOrder="1">
                  <font family="Segoe+UI" displayName="Segoe+UI" postScript="" weightStyle="Regular" weight="400" isBold="False" isItalic="False"/>
                  <text>username%0D%0Aactivity%0D%0Adate</text>
                  <selectedIndex>-1</selectedIndex>
                </control>
                <control controlID="7CD52AD6-6723-49DA-BE1D-59C5B16A0367" controlTypeID="Shape" x="6" y="74" w="337" h="98" zOrder="2">
                  <font family="Segoe+UI" displayName="Segoe+UI" postScript="" weightStyle="Regular" weight="400" isBold="False" isItalic="False"/>
                  <text>post+here</text>
                  <textSize>14</textSize>
                  <selectedIndex>-1</selectedIndex>
                </control>
              </groupChildrenDescriptors>
            </control>
          </groupChildrenDescriptors>
        </control>
        <control controlID="BECFFCA5-7AA1-4C37-8236-70D952BA8B88" controlTypeID="__group__" x="2" y="32" w="357" h="30" zOrder="4">
          <groupChildrenDescriptors>
            <control controlID="5CC3C143-3AB4-4B0C-9AE6-B2C1C35147A6" controlTypeID="Shape" x="0" y="0" w="357" h="30" zOrder="0">
              <font family="Segoe+UI" displayName="Segoe+UI" postScript="" weightStyle="Regular" weight="400" isBold="False" isItalic="False"/>
              <text>++++++++NEWS+FEED</text>
              <textSize>14</textSize>
              <textAlign>HaLeft</textAlign>
              <selectedIndex>-1</selectedIndex>
            </control>
            <control controlID="315DFF38-CB53-4C13-A4C0-1AAE7671D12C" controlTypeID="Icon" x="7" y="3" w="24" h="24" zOrder="1">
              <icon>
                <ID/>
                <iconFontName>jdIonicons</iconFontName>
                <iconCode>61744</iconCode>
              </icon>
              <URL>EE04925DDE4EB9BF58D807978ECA60CB.svg</URL>
            </control>
          </groupChildrenDescriptors>
        </control>
      </groupChildrenDescriptors>
    </control>
  </controls>
  <param>
    <backgroundColor>4294967295</backgroundColor>
    <fontSize>0</fontSize>
    <fontFamily/>
    <guideLines/>
  </param>
</mockup>