﻿<mockup version="5.1" minAllowVersion="5.1" ID="3B8E14CC-E4E4-4D0D-819D-D4665FEEE478" platform="MtMobile" defaultW="360" defaultH="640" measureW="360" measureH="640" screenOrientation="MoPortrait" mobileScreenScale="1.77777779102325" clipArea="(0,0,0,0)">
  <controls controlCount="37">
    <control controlID="027C8C72-4F4B-416E-973F-1E1BD67D95D1" controlTypeID="__group__" x="-4" y="0" w="368" h="643" zOrder="0">
      <groupChildrenDescriptors>
        <control controlID="60A8AAC2-A4A3-49DE-AE99-AAAE6C2D42D6" controlTypeID="TitleWindow" x="1" y="0" w="367" h="643" zOrder="0">
          <borderVisible>False</borderVisible>
          <font family="Segoe+UI" displayName="Segoe+UI" postScript="" weightStyle="Regular" weight="400" isBold="False" isItalic="False"/>
          <text>237First</text>
          <textSize>14</textSize>
          <textVAlign>VaTop</textVAlign>
          <lineSpacing>0</lineSpacing>
          <selectedIndex>-1</selectedIndex>
        </control>
        <control controlID="303DD748-2B39-42D8-A0A2-DE9173529AC3" controlTypeID="Top ActionBar" x="1" y="28" w="367" h="32" zOrder="1">
          <color>4292730333</color>
          <font family="Segoe+UI" displayName="Segoe+UI" postScript="" weightStyle="Regular" weight="400" isBold="False" isItalic="False"/>
          <text>MANY-TO-ONE+INVESTMENT</text>
          <textSize>14</textSize>
          <lineSpacing>0</lineSpacing>
        </control>
        <control controlID="A923B49F-81BD-411C-92CE-3A085AE9E47F" controlTypeID="TextArea" x="0" y="58" w="368" h="43" zOrder="2">
          <font family="Segoe+UI" displayName="Segoe+UI" postScript="" weightStyle="Regular" weight="400" isBold="False" isItalic="False"/>
          <text>with+this+module+one+investor+choses+a+number+of+artists+to+invest+in+...</text>
          <textAlign>HaCenter</textAlign>
          <textVAlign>VaMiddle</textVAlign>
          <selectedIndex>-1</selectedIndex>
        </control>
        <control controlID="C6D99380-FA61-4468-99EB-E45559400208" controlTypeID="Shape" x="1" y="99" w="367" h="487" zOrder="3">
          <borderVisible>False</borderVisible>
          <font family="Segoe+UI" displayName="Segoe+UI" postScript="" weightStyle="Regular" weight="400" isBold="False" isItalic="False"/>
          <textSize>14</textSize>
          <selectedIndex>-1</selectedIndex>
        </control>
        <control controlID="F6BD60D2-6627-48D5-816F-F654FDAE26AB" controlTypeID="TextArea" x="7" y="105" w="145" h="20" zOrder="4">
          <font family="Segoe+UI" displayName="Segoe+UI" postScript="" weightStyle="Regular" weight="400" isBold="False" isItalic="False"/>
          <text>enter+your+information</text>
          <selectedIndex>-1</selectedIndex>
        </control>
        <control controlID="0A0A0A2E-043E-4283-8AED-3AE12E224299" controlTypeID="LabelTextInput" x="8" y="134" w="149" h="23" zOrder="5">
          <font family="Segoe+UI" displayName="Segoe+UI" postScript="" weightStyle="Regular" weight="400" isBold="False" isItalic="False"/>
          <text>Name</text>
          <textSize>14</textSize>
          <lineSpacing>0</lineSpacing>
          <selectedIndex>-1</selectedIndex>
        </control>
        <control controlID="53862098-1B1A-453A-93F6-40E661A9DD61" controlTypeID="LabelTextInput" x="176" y="132" w="182" h="23" zOrder="6">
          <font family="Segoe+UI" displayName="Segoe+UI" postScript="" weightStyle="Regular" weight="400" isBold="False" isItalic="False"/>
          <text>Company</text>
          <textSize>14</textSize>
          <lineSpacing>0</lineSpacing>
          <selectedIndex>-1</selectedIndex>
        </control>
        <control controlID="79400260-C0FE-4A17-B1E0-6223471BD16C" controlTypeID="LabelTextInput" x="8" y="161" w="149" h="23" zOrder="7">
          <font family="Segoe+UI" displayName="Segoe+UI" postScript="" weightStyle="Regular" weight="400" isBold="False" isItalic="False"/>
          <text>Job</text>
          <textSize>14</textSize>
          <lineSpacing>0</lineSpacing>
          <selectedIndex>-1</selectedIndex>
        </control>
        <control controlID="1B4BC991-E412-467D-B473-D1EB4C1AB2AD" controlTypeID="LabelTextInput" x="176" y="160" w="182" h="23" zOrder="8">
          <font family="Segoe+UI" displayName="Segoe+UI" postScript="" weightStyle="Regular" weight="400" isBold="False" isItalic="False"/>
          <text>Country%2C+Matt</text>
          <textSize>14</textSize>
          <lineSpacing>0</lineSpacing>
          <selectedIndex>-1</selectedIndex>
        </control>
        <control controlID="7D00E711-163F-42B1-83EA-45965FFCC0FF" controlTypeID="LabelTextInput" x="7" y="188" w="149" h="23" zOrder="9">
          <font family="Segoe+UI" displayName="Segoe+UI" postScript="" weightStyle="Regular" weight="400" isBold="False" isItalic="False"/>
          <text>Address%2C+Matt</text>
          <textSize>14</textSize>
          <lineSpacing>0</lineSpacing>
          <selectedIndex>-1</selectedIndex>
        </control>
        <control controlID="99AB55D9-28C0-4315-AF37-567BEC6C5753" controlTypeID="LabelTextInput" x="175" y="189" w="182" h="23" zOrder="10">
          <font family="Segoe+UI" displayName="Segoe+UI" postScript="" weightStyle="Regular" weight="400" isBold="False" isItalic="False"/>
          <text>Mobile+Number%2C+Matt</text>
          <textSize>14</textSize>
          <lineSpacing>0</lineSpacing>
          <selectedIndex>-1</selectedIndex>
        </control>
        <control controlID="B6731767-D059-4386-80E2-5DE472A863E2" controlTypeID="LabelTextInput" x="8" y="219" w="149" h="23" zOrder="11">
          <font family="Segoe+UI" displayName="Segoe+UI" postScript="" weightStyle="Regular" weight="400" isBold="False" isItalic="False"/>
          <text>Office+number%2C+Matt</text>
          <textSize>14</textSize>
          <lineSpacing>0</lineSpacing>
          <selectedIndex>-1</selectedIndex>
        </control>
        <control controlID="2184F3C4-E3A0-4E48-BF26-280275E34A65" controlTypeID="LabelTextInput" x="176" y="217" w="182" h="23" zOrder="12">
          <font family="Segoe+UI" displayName="Segoe+UI" postScript="" weightStyle="Regular" weight="400" isBold="False" isItalic="False"/>
          <text>Email%2C+Matt</text>
          <textSize>14</textSize>
          <lineSpacing>0</lineSpacing>
          <selectedIndex>-1</selectedIndex>
        </control>
        <control controlID="BA85C8F4-4CC5-4242-983C-3AD6C820DA0E" controlTypeID="LabelTextInput" x="9" y="249" w="149" h="23" zOrder="13">
          <font family="Segoe+UI" displayName="Segoe+UI" postScript="" weightStyle="Regular" weight="400" isBold="False" isItalic="False"/>
          <text>Website%2C+Matt</text>
          <textSize>14</textSize>
          <lineSpacing>0</lineSpacing>
          <selectedIndex>-1</selectedIndex>
        </control>
        <control controlID="91140210-9169-4623-86A0-D4C1C45A9B76" controlTypeID="DateTimePicker" x="103" y="278" w="144" h="24" zOrder="14">
          <font family="Segoe+UI" displayName="Segoe+UI" postScript="" weightStyle="Regular" weight="400" isBold="False" isItalic="False"/>
          <text>03+%2F+10+%2F+2014</text>
          <textSize>14</textSize>
          <lineSpacing>0</lineSpacing>
          <selectedIndex>-1</selectedIndex>
        </control>
        <control controlID="D1322F3B-EDB9-4332-A406-856934C6F7FD" controlTypeID="Shape" x="8" y="279" w="90" h="17" zOrder="15">
          <borderVisible>False</borderVisible>
          <font family="Segoe+UI" displayName="Segoe+UI" postScript="" weightStyle="Regular" weight="400" isBold="False" isItalic="False"/>
          <text>date+of+birth</text>
          <textSize>14</textSize>
          <textAlign>HaLeft</textAlign>
          <textVAlign>VaTop</textVAlign>
          <selectedIndex>-1</selectedIndex>
        </control>
        <control controlID="FF043082-918E-4EFF-94E5-13316C9FBDBE" controlTypeID="CompositeComboBox" x="218" y="247" w="139" h="22" zOrder="16">
          <groupChildrenDescriptors>
            <control controlID="EF7412D0-9AC4-4E4E-A817-5D5D7AD9DA49" controlTypeID="TextInput" x="0" y="0" w="116" h="22" zOrder="0">
              <locked>True</locked>
              <canMove>False</canMove>
              <alias>input</alias>
              <font family="Segoe+UI" displayName="Segoe+UI" postScript="" weightStyle="Regular" weight="400" isBold="False" isItalic="False"/>
              <text>Item1</text>
              <lineSpacing>0</lineSpacing>
              <selectedIndex>-1</selectedIndex>
            </control>
            <control controlID="B671F7A3-F374-46BC-82A0-E8BA742347FF" controlTypeID="Button" x="115" y="0" w="24" h="22" zOrder="1">
              <locked>True</locked>
              <canMove>False</canMove>
              <alias>button</alias>
              <font family="Segoe+UI" displayName="Segoe+UI" postScript="" weightStyle="Regular" weight="400" isBold="False" isItalic="False"/>
              <lineSpacing>0</lineSpacing>
              <selectedIndex>-1</selectedIndex>
              <radius>0</radius>
            </control>
            <control controlID="86B3C751-862A-4914-8BDB-65540F87EA44" controlTypeID="List" x="0" y="22" w="139" h="122" zOrder="2">
              <isShow>False</isShow>
              <canMove>False</canMove>
              <alias>dropDown</alias>
              <font family="Segoe+UI" displayName="Segoe+UI" postScript="" weightStyle="Regular" weight="400" isBold="False" isItalic="False"/>
              <text>Item1%0D%0AItem2%0D%0AItem3%0D%0AItem4</text>
              <textSize>14</textSize>
              <lineSpacing>0</lineSpacing>
              <itemHeight>22</itemHeight>
              <interlaceColor>4294967295</interlaceColor>
            </control>
          </groupChildrenDescriptors>
          <baseHeight>22</baseHeight>
          <font family="Segoe+UI"/>
          <textSize>14</textSize>
        </control>
        <control controlID="C6870DFC-0163-48E1-BF8F-D41C16DF7528" controlTypeID="Shape" x="177" y="249" w="39" h="17" zOrder="17">
          <borderVisible>False</borderVisible>
          <font family="Segoe+UI" displayName="Segoe+UI" postScript="" weightStyle="Regular" weight="400" isBold="False" isItalic="False"/>
          <text>sex</text>
          <textSize>14</textSize>
          <textAlign>HaLeft</textAlign>
          <textVAlign>VaTop</textVAlign>
          <selectedIndex>-1</selectedIndex>
        </control>
        <control controlID="41A737F6-14A8-447D-906E-337C2D9C3138" controlTypeID="TextArea" x="7" y="410" w="348" h="73" zOrder="18">
          <borderVisible>True</borderVisible>
          <font family="Segoe+UI" displayName="Segoe+UI" postScript="" weightStyle="Regular" weight="400" isBold="False" isItalic="False"/>
          <text>purpose+of+investment+(1000-1500+words)</text>
          <textAlign>HaCenter</textAlign>
          <textVAlign>VaMiddle</textVAlign>
          <selectedIndex>-1</selectedIndex>
        </control>
        <control controlID="6C2360DF-A4AE-486B-96FB-23293A01289E" controlTypeID="TextArea" x="7" y="488" w="348" h="66" zOrder="19">
          <borderVisible>True</borderVisible>
          <font family="Segoe+UI" displayName="Segoe+UI" postScript="" weightStyle="Regular" weight="400" isBold="False" isItalic="False"/>
          <text>goal+of+investment+(750+-1000words)</text>
          <textAlign>HaCenter</textAlign>
          <textVAlign>VaMiddle</textVAlign>
          <selectedIndex>-1</selectedIndex>
        </control>
        <control controlID="84964E89-CA0D-4473-B562-9FE23C6C43D7" controlTypeID="Button" x="139" y="590" w="89" h="25" zOrder="20">
          <font family="Segoe+UI" displayName="Segoe+UI" postScript="" weightStyle="Regular" weight="400" isBold="False" isItalic="False"/>
          <text>submit</text>
          <lineSpacing>0</lineSpacing>
          <selectedIndex>-1</selectedIndex>
        </control>
        <control controlID="06D7A7D1-D8D1-40AE-8204-BAC3479AAEBB" controlTypeID="CompositeComboBox" x="136" y="560" w="219" h="22" zOrder="21">
          <groupChildrenDescriptors>
            <control controlID="48C861A0-C34E-4D6D-A655-44C92D3F0D61" controlTypeID="TextInput" x="0" y="0" w="196" h="22" zOrder="0">
              <canMove>False</canMove>
              <alias>input</alias>
              <font family="Segoe+UI" displayName="Segoe+UI" postScript="" weightStyle="Regular" weight="400" isBold="False" isItalic="False"/>
              <text>Item1</text>
              <lineSpacing>0</lineSpacing>
              <selectedIndex>-1</selectedIndex>
            </control>
            <control controlID="528F2414-A86A-4501-A59F-2A62BEF13462" controlTypeID="Button" x="195" y="0" w="24" h="22" zOrder="1">
              <canMove>False</canMove>
              <alias>button</alias>
              <font family="Segoe+UI" displayName="Segoe+UI" postScript="" weightStyle="Regular" weight="400" isBold="False" isItalic="False"/>
              <lineSpacing>0</lineSpacing>
              <selectedIndex>-1</selectedIndex>
              <radius>0</radius>
            </control>
            <control controlID="EB40B093-B0B2-45B9-AA4E-1606AA822BC5" controlTypeID="List" x="0" y="22" w="219" h="252" zOrder="2">
              <isShow>False</isShow>
              <canMove>False</canMove>
              <alias>dropDown</alias>
              <font family="Segoe+UI" displayName="Segoe+UI" postScript="" weightStyle="Regular" weight="400" isBold="False" isItalic="False"/>
              <text>Item1%0D%0AItem2%0D%0AItem3%0D%0AItem4</text>
              <textSize>14</textSize>
              <lineSpacing>0</lineSpacing>
              <itemHeight>22</itemHeight>
              <interlaceColor>4294967295</interlaceColor>
            </control>
          </groupChildrenDescriptors>
          <baseHeight>22</baseHeight>
          <font family="Segoe+UI"/>
          <textSize>14</textSize>
        </control>
        <control controlID="FF3C459F-47EB-4126-B108-13F684ECB10B" controlTypeID="Shape" x="10" y="560" w="120" h="24" zOrder="22">
          <borderVisible>False</borderVisible>
          <font family="Segoe+UI" displayName="Segoe+UI" postScript="" weightStyle="Regular" weight="400" isBold="False" isItalic="False"/>
          <text>choose+artists</text>
          <textSize>14</textSize>
          <textAlign>HaLeft</textAlign>
          <selectedIndex>-1</selectedIndex>
        </control>
        <control controlID="F6BEADAE-33E5-41F1-A623-57CEEA306509" controlTypeID="Shape" x="8" y="308" w="351" h="56" zOrder="23">
          <font family="Segoe+UI" displayName="Segoe+UI" postScript="" weightStyle="Regular" weight="400" isBold="False" isItalic="False"/>
          <text>Select+each+investor+and+enter+their+email+and+mobile+numbers</text>
          <textSize>14</textSize>
          <selectedIndex>-1</selectedIndex>
        </control>
        <control controlID="899AB7B5-5548-4942-AE92-4BDE48FD552E" controlTypeID="CompositeComboBox" x="8" y="372" w="105" h="32" zOrder="24">
          <groupChildrenDescriptors>
            <control controlID="78B61FD4-3464-4989-A481-B9093F8C11D2" controlTypeID="TextInput" x="0" y="0" w="82" h="32" zOrder="0">
              <canMove>False</canMove>
              <alias>input</alias>
              <font family="Segoe+UI" displayName="Segoe+UI" postScript="" weightStyle="Regular" weight="400" isBold="False" isItalic="False"/>
              <text>Item1</text>
              <lineSpacing>0</lineSpacing>
              <selectedIndex>-1</selectedIndex>
            </control>
            <control controlID="DBD4D4C1-6A48-413F-8478-25948CB19CF4" controlTypeID="Button" x="81" y="0" w="24" h="32" zOrder="1">
              <canMove>False</canMove>
              <alias>button</alias>
              <font family="Segoe+UI" displayName="Segoe+UI" postScript="" weightStyle="Regular" weight="400" isBold="False" isItalic="False"/>
              <lineSpacing>0</lineSpacing>
              <selectedIndex>-1</selectedIndex>
              <radius>0</radius>
            </control>
            <control controlID="32603D23-BBA9-4870-B8D2-CFB8E7553D5F" controlTypeID="List" x="0" y="32" w="105" h="252" zOrder="2">
              <isShow>False</isShow>
              <canMove>False</canMove>
              <alias>dropDown</alias>
              <font family="Segoe+UI" displayName="Segoe+UI" postScript="" weightStyle="Regular" weight="400" isBold="False" isItalic="False"/>
              <text>Item1%0D%0AItem2%0D%0AItem3%0D%0AItem4</text>
              <textSize>14</textSize>
              <lineSpacing>0</lineSpacing>
              <itemHeight>32</itemHeight>
              <interlaceColor>4294967295</interlaceColor>
            </control>
          </groupChildrenDescriptors>
          <baseHeight>32</baseHeight>
          <font family="Segoe+UI"/>
          <textSize>14</textSize>
        </control>
        <control controlID="1CE944BD-C65A-479F-8132-159B191C63A4" controlTypeID="LabelTextInput" x="117" y="372" w="118" h="33" zOrder="25">
          <font family="Segoe+UI" displayName="Segoe+UI" postScript="" weightStyle="Regular" weight="400" isBold="False" isItalic="False"/>
          <text>Name%2C+Matt</text>
          <textSize>14</textSize>
          <lineSpacing>0</lineSpacing>
          <selectedIndex>-1</selectedIndex>
        </control>
        <control controlID="04F9FDDD-B966-44F9-8ED0-0E75BD57B98D" controlTypeID="LabelTextInput" x="245" y="371" w="114" h="33" zOrder="26">
          <font family="Segoe+UI" displayName="Segoe+UI" postScript="" weightStyle="Regular" weight="400" isBold="False" isItalic="False"/>
          <text>Name%2C+Matt</text>
          <textSize>14</textSize>
          <lineSpacing>0</lineSpacing>
          <selectedIndex>-1</selectedIndex>
        </control>
      </groupChildrenDescriptors>
    </control>
  </controls>
  <param>
    <backgroundColor>4294967295</backgroundColor>
    <fontSize>0</fontSize>
    <fontFamily/>
    <guideLines/>
  </param>
</mockup>