﻿<mockup version="5.1" minAllowVersion="5.1" ID="58FB975F-C2DA-4B7B-8E06-AE5FF67ABA18" platform="MtMobile" defaultW="360" defaultH="640" measureW="360" measureH="640" screenOrientation="MoPortrait" mobileScreenScale="1.77777779102325">
  <controls controlCount="6">
    <control controlID="0C161126-DB4C-433A-BB4B-2C0E02FC32AE" controlTypeID="__group__" x="77" y="226" w="254" h="194" zOrder="0">
      <groupChildrenDescriptors>
        <control controlID="404750D4-1676-4887-91C5-89C9818CE396" controlTypeID="Shape" x="0" y="0" w="254" h="194" zOrder="0">
          <font family="Segoe+UI" displayName="Segoe+UI" postScript="" weightStyle="Regular" weight="400" isBold="False" isItalic="False"/>
          <textSize>14</textSize>
          <selectedIndex>-1</selectedIndex>
        </control>
        <control controlID="EDF79308-9BEA-45C0-A58B-93AD42BE1221" controlTypeID="LabelTextInput" x="34" y="59" w="186" h="29" zOrder="1">
          <font family="Segoe+UI" displayName="Segoe+UI" postScript="" weightStyle="Regular" weight="400" isBold="False" isItalic="False"/>
          <text>Old+email%2C+Matt</text>
          <textSize>14</textSize>
          <lineSpacing>0</lineSpacing>
          <selectedIndex>-1</selectedIndex>
        </control>
        <control controlID="1BFCB1DD-A6DD-4C7D-A06B-38CBF1E13492" controlTypeID="LabelTextInput" x="35" y="101" w="186" h="29" zOrder="2">
          <font family="Segoe+UI" displayName="Segoe+UI" postScript="" weightStyle="Regular" weight="400" isBold="False" isItalic="False"/>
          <text>New+email%2C+Matt</text>
          <textSize>14</textSize>
          <lineSpacing>0</lineSpacing>
          <selectedIndex>-1</selectedIndex>
        </control>
        <control controlID="70B752E1-6B10-49FB-AF7A-E17547ABD80B" controlTypeID="Button" x="82" y="144" w="99" h="33" zOrder="3">
          <font family="Segoe+UI" displayName="Segoe+UI" postScript="" weightStyle="Regular" weight="400" isBold="False" isItalic="False"/>
          <text>reset</text>
          <lineSpacing>0</lineSpacing>
          <selectedIndex>-1</selectedIndex>
        </control>
        <control controlID="CEAFCF97-AA7B-429E-A1B1-CAA6D3675034" controlTypeID="TextArea" x="0" y="0" w="253" h="44" zOrder="4">
          <font family="Segoe+UI" displayName="Segoe+UI" postScript="" weightStyle="Regular" weight="400" isBold="False" isItalic="False"/>
          <text>reset+email</text>
          <textAlign>HaCenter</textAlign>
          <textVAlign>VaMiddle</textVAlign>
          <selectedIndex>-1</selectedIndex>
        </control>
      </groupChildrenDescriptors>
    </control>
  </controls>
  <param>
    <backgroundColor>4294967295</backgroundColor>
    <fontSize>0</fontSize>
    <fontFamily/>
    <guideLines/>
  </param>
</mockup>