﻿<mockup version="5.1" minAllowVersion="5.1" ID="5FE4FDE9-FA85-446B-A135-7ACA8CB36CA9" platform="MtMobile" defaultW="360" defaultH="640" measureW="360" measureH="640" screenOrientation="MoPortrait" mobileScreenScale="1.77777779102325">
  <controls controlCount="1">
    <control controlID="828391A3-D80A-411A-9355-CB8E3A0A9D29" controlTypeID="List" x="76" y="156" w="206" h="239" zOrder="0">
      <font family="Segoe+UI" displayName="Segoe+UI" postScript="" weightStyle="Regular" weight="400" isBold="False" isItalic="False"/>
      <text>go+to+user+page%0D%0Auser+1%0D%0Auser+2+%0D%0Auser+3+%0D%0A</text>
      <textSize>14</textSize>
      <lineSpacing>0</lineSpacing>
      <itemHeight>48</itemHeight>
    </control>
  </controls>
  <param>
    <backgroundColor>4294967295</backgroundColor>
    <fontSize>0</fontSize>
    <fontFamily/>
    <guideLines/>
  </param>
</mockup>