﻿<mockup version="5.1" minAllowVersion="5.1" ID="61E89ADF-7E36-43FB-95EE-C3882B533EC1" platform="MtMobile" defaultW="360" defaultH="640" measureW="360" measureH="640" screenOrientation="MoPortrait" mobileScreenScale="1.77777779102325" clipArea="(0,0,0,0)">
  <controls controlCount="1">
    <control controlID="5C561EA4-86AF-4D14-B69A-A315C2C72B13" controlTypeID="List" x="68" y="198" w="219" h="196" zOrder="0">
      <links eventType="AtClick" animate="AmSlideRight" animateAutoDelay="0" animateDuration="500">
        <link targetPageID="B421D244-1F5E-46CC-B11B-CDAED1A66D80" linkType="ltPageLink" isApplyIncludePage="False" title="artist+page">
          <area shape="0" alt="" ID="{0D5F8369-DF63-484E-A8E8-C63248EAE706}" coords="(1,1,218,49)"/>
        </link>
        <link targetPageID="0BD5AFB8-8819-4F07-A08F-43A30A4BA1CB" linkType="ltPageLink" isApplyIncludePage="False" title="add+to+library">
          <area shape="0" alt="" ID="{A35C3F61-1108-4103-9D43-B7E812321105}" coords="(1,49,218,97)"/>
        </link>
        <link targetPageID="7068EA60-E55E-4438-9B17-DF7E566C47E0" linkType="ltPageLink" isApplyIncludePage="False" title="share">
          <area shape="0" alt="" ID="{41217911-F5A6-42E9-993F-E86033109F7A}" coords="(1,97,218,145)"/>
        </link>
        <link targetPageID="B421D244-1F5E-46CC-B11B-CDAED1A66D80" linkType="ltPageLink" isApplyIncludePage="False" title="My+Page">
          <area shape="0" alt="" ID="{A66F68E4-CBCB-42EF-9348-AC1ECC308A7B}" coords="(1,145,218,193)"/>
        </link>
      </links>
      <font family="Segoe+UI" displayName="Segoe+UI" postScript="" weightStyle="Regular" weight="400" isBold="False" isItalic="False"/>
      <text>artist+page%0D%0Aadd+to+library%0D%0Ashare%0D%0Aadd+to+playlist</text>
      <textSize>14</textSize>
      <lineSpacing>0</lineSpacing>
      <itemHeight>48</itemHeight>
    </control>
  </controls>
  <param>
    <backgroundColor>4294967295</backgroundColor>
    <fontSize>0</fontSize>
    <fontFamily/>
    <guideLines/>
  </param>
</mockup>