﻿<mockup version="5.1" minAllowVersion="5.1" ID="6EB601A7-083B-461C-813A-BDB239B468CC" platform="MtMobile" defaultW="360" defaultH="640" measureW="360" measureH="640" screenOrientation="MoPortrait" mobileScreenScale="1.77777779102325" clipArea="(0,0,0,0)">
  <controls controlCount="12">
    <control controlID="07EF8603-2B9A-4897-8144-7B63B41EAB76" controlTypeID="__group__" x="-1" y="0" w="363" h="673" zOrder="0">
      <groupChildrenDescriptors>
        <control controlID="95CFD0B8-40EF-4662-BEED-45A082B18F59" controlTypeID="TitleWindow" x="1" y="0" w="361" h="640" zOrder="0">
          <borderVisible>False</borderVisible>
          <font family="Segoe+UI" displayName="Segoe+UI" postScript="" weightStyle="Regular" weight="400" isBold="False" isItalic="False"/>
          <text>237First</text>
          <textSize>14</textSize>
          <textVAlign>VaTop</textVAlign>
          <lineSpacing>0</lineSpacing>
          <selectedIndex>-1</selectedIndex>
        </control>
        <control controlID="D29A1C68-FB2E-4AD3-B3EE-19B6C709A3E4" controlTypeID="__group__" x="1" y="61" w="361" h="93" zOrder="1">
          <groupChildrenDescriptors>
            <control controlID="48B37988-00A0-49F0-A364-CC778E37FF49" controlTypeID="Shape" x="0" y="0" w="361" h="93" zOrder="0">
              <font family="Segoe+UI" displayName="Segoe+UI" postScript="" weightStyle="Regular" weight="400" isBold="False" isItalic="False"/>
              <textSize>14</textSize>
              <selectedIndex>-1</selectedIndex>
            </control>
            <control controlID="404E5766-14FA-43F2-8773-92E21BE174B9" controlTypeID="Circle" x="7" y="14" w="82" h="70" zOrder="1">
              <font family="Segoe+UI" displayName="Segoe+UI" postScript="" weightStyle="Regular" weight="400" isBold="False" isItalic="False"/>
              <textSize>14</textSize>
              <selectedIndex>-1</selectedIndex>
              <shapeBorderType>SbEllipse</shapeBorderType>
            </control>
            <control controlID="FD7400BB-9DDC-44A5-9A3E-E0C53BDF651F" controlTypeID="TextArea" x="91" y="30" w="85" h="40" zOrder="2">
              <font family="Segoe+UI" displayName="Segoe+UI" postScript="" weightStyle="Regular" weight="400" isBold="False" isItalic="False"/>
              <text>username%0D%0Aaccount+type</text>
              <selectedIndex>-1</selectedIndex>
            </control>
            <control controlID="4B3DF99F-583C-45E5-B3FF-19BE833E3A90" controlTypeID="Button" x="255" y="11" w="99" h="20" zOrder="3">
              <font family="Segoe+UI" displayName="Segoe+UI" postScript="" weightStyle="Regular" weight="400" isBold="False" isItalic="False"/>
              <text>donate</text>
              <lineSpacing>0</lineSpacing>
              <selectedIndex>-1</selectedIndex>
            </control>
            <control controlID="4554D440-219F-4EFB-8A25-9866AAC6AF2E" controlTypeID="SwitchIOS" x="293" y="36" w="59" h="22" zOrder="4"/>
            <control controlID="B29CBBE9-9EA2-4378-AE9B-1FB50936E082" controlTypeID="Icon" x="332" y="66" w="18" h="18" zOrder="5">
              <links eventType="AtClick" animate="AmSlideRight" animateAutoDelay="0" animateDuration="500">
                <link targetPageID="86913C8E-8E0B-4AC8-B4E5-7F882B7495EE" linkType="ltPageLink" isApplyIncludePage="False" title="my+page+settings">
                  <area shape="0" alt="" ID="{604B3C2C-6436-4CCD-A552-2A9B96CC9DD1}" coords="(0,0,18,18)"/>
                </link>
              </links>
              <icon>
                <ID/>
                <iconFontName>jdIonicons</iconFontName>
                <iconCode>62359</iconCode>
              </icon>
              <URL>92A37C37F1C55861F795B008D0D7225E.svg</URL>
            </control>
          </groupChildrenDescriptors>
        </control>
        <control controlID="6C592988-FB3F-4114-BF5D-4F554DA2F0CE" controlTypeID="Tabs" x="1" y="153" w="361" h="40" zOrder="2">
          <links eventType="AtClick" animate="AmSlideRight" animateAutoDelay="0" animateDuration="500">
            <link targetPageID="B421D244-1F5E-46CC-B11B-CDAED1A66D80" linkType="ltPageLink" isApplyIncludePage="False" title="My+playlist">
              <area shape="0" alt="" ID="{A82EC302-2C36-452F-9CE3-D5C6377A5791}" coords="(0,0,89.25,40)"/>
            </link>
            <link targetPageID="0BD5AFB8-8819-4F07-A08F-43A30A4BA1CB" linkType="ltPageLink" isApplyIncludePage="False" title="my+library">
              <area shape="0" alt="" ID="{40A4AEDF-97B1-4ABA-BDEA-94A201C61283}" coords="(90.25,0,179.5,40)"/>
            </link>
            <link targetPageID="B3223A31-70F0-4E7D-B578-FD248C50D114" linkType="ltPageLink" isApplyIncludePage="False" title="+network">
              <area shape="0" alt="" ID="{90CCA0EB-0932-4A79-AE36-4AF24C46B0CF}" coords="(180.5,0,269.75,40)"/>
            </link>
            <link targetPageID="6EB601A7-083B-461C-813A-BDB239B468CC" linkType="ltPageLink" isApplyIncludePage="False" title="statistics">
              <area shape="0" alt="" ID="{59806CC0-F00D-4C09-805F-63661EEF8801}" coords="(270.75,0,360,40)"/>
            </link>
          </links>
          <font family="Segoe+UI" displayName="Segoe+UI" postScript="" weightStyle="Regular" weight="400" isBold="False" isItalic="False"/>
          <text>My+playlist%2Cmy+library%2C+network%2Cstatistics</text>
          <textSize>14</textSize>
          <lineSpacing>0</lineSpacing>
        </control>
        <control controlID="A3EBBD4F-696F-47F0-A93B-DDEAA30B041B" controlTypeID="Top ActionBar" x="1" y="30" w="361" h="32" zOrder="3">
          <color>4292730333</color>
          <font family="Segoe+UI" displayName="Segoe+UI" postScript="" weightStyle="Regular" weight="400" isBold="False" isItalic="False"/>
          <text>My+page</text>
          <textSize>14</textSize>
          <lineSpacing>0</lineSpacing>
        </control>
        <control controlID="DB85702F-7C34-410B-874B-A71F39AB2097" controlTypeID="Table" x="0" y="192" w="363" h="481" zOrder="4">
          <font family="Segoe+UI" displayName="Segoe+UI" postScript="" weightStyle="Regular" weight="400" isBold="False" isItalic="False"/>
          <text>Table</text>
          <textSize>14</textSize>
          <textAlign>HaCenter</textAlign>
          <lineSpacing>0</lineSpacing>
          <thickness>1</thickness>
          <dashMode>SdSolid</dashMode>
          <tableStyle>tsNone</tableStyle>
          <editIndex>0</editIndex>
          <rows>
            <row height="44">
              <editIndex>0</editIndex>
              <isAutoRowHeight>True</isAutoRowHeight>
            </row>
            <row height="44">
              <editIndex>0</editIndex>
              <isAutoRowHeight>True</isAutoRowHeight>
            </row>
            <row height="30">
              <editIndex>0</editIndex>
              <isAutoRowHeight>True</isAutoRowHeight>
            </row>
            <row height="363">
              <editIndex>0</editIndex>
              <isAutoRowHeight>False</isAutoRowHeight>
            </row>
          </rows>
          <cols>
            <col width="58">
              <editIndex>0</editIndex>
            </col>
            <col width="61">
              <editIndex>0</editIndex>
            </col>
            <col width="60">
              <editIndex>0</editIndex>
            </col>
            <col width="61">
              <editIndex>0</editIndex>
            </col>
            <col width="61">
              <editIndex>0</editIndex>
            </col>
            <col width="62">
              <editIndex>0</editIndex>
            </col>
          </cols>
          <cells>
            <cell rows="0,0" cols="0,0">
              <fontFamily>Segoe+UI</fontFamily>
              <editIndex>0</editIndex>
              <text>content</text>
              <textHeight>28</textHeight>
              <font family="Segoe+UI" displayName="Segoe+UI" postScript="" weightStyle="Regular" weight="400" isBold="False" isItalic="False"/>
            </cell>
            <cell rows="0,0" cols="1,1">
              <fontFamily>Segoe+UI</fontFamily>
              <editIndex>0</editIndex>
              <text>shares</text>
              <textHeight>28</textHeight>
              <font family="Segoe+UI" displayName="Segoe+UI" postScript="" weightStyle="Regular" weight="400" isBold="False" isItalic="False"/>
            </cell>
            <cell rows="0,0" cols="2,2">
              <fontFamily>Segoe+UI</fontFamily>
              <editIndex>0</editIndex>
              <text>likes</text>
              <textHeight>28</textHeight>
              <font family="Segoe+UI" displayName="Segoe+UI" postScript="" weightStyle="Regular" weight="400" isBold="False" isItalic="False"/>
            </cell>
            <cell rows="0,0" cols="3,3">
              <fontFamily>Segoe+UI</fontFamily>
              <editIndex>0</editIndex>
              <text>dislikes</text>
              <textHeight>28</textHeight>
              <font family="Segoe+UI" displayName="Segoe+UI" postScript="" weightStyle="Regular" weight="400" isBold="False" isItalic="False"/>
            </cell>
            <cell rows="0,0" cols="4,4">
              <fontFamily>Segoe+UI</fontFamily>
              <editIndex>0</editIndex>
              <text>views</text>
              <textHeight>28</textHeight>
              <font family="Segoe+UI" displayName="Segoe+UI" postScript="" weightStyle="Regular" weight="400" isBold="False" isItalic="False"/>
            </cell>
            <cell rows="0,0" cols="5,5">
              <fontFamily>Segoe+UI</fontFamily>
              <editIndex>0</editIndex>
              <text>downloads</text>
              <textHeight>44</textHeight>
              <font family="Segoe+UI" displayName="Segoe+UI" postScript="" weightStyle="Regular" weight="400" isBold="False" isItalic="False"/>
            </cell>
            <cell rows="1,1" cols="0,0">
              <fontFamily>Segoe+UI</fontFamily>
              <editIndex>0</editIndex>
              <text>why+video</text>
              <textHeight>44</textHeight>
              <font family="Segoe+UI" displayName="Segoe+UI" postScript="" weightStyle="Regular" weight="400" isBold="False" isItalic="False"/>
            </cell>
            <cell rows="1,1" cols="1,1">
              <fontFamily>Segoe+UI</fontFamily>
              <editIndex>0</editIndex>
              <text>490030</text>
              <textHeight>28</textHeight>
              <font family="Segoe+UI" displayName="Segoe+UI" postScript="" weightStyle="Regular" weight="400" isBold="False" isItalic="False"/>
            </cell>
            <cell rows="1,1" cols="2,2">
              <fontFamily>Segoe+UI</fontFamily>
              <editIndex>0</editIndex>
              <text>5000000</text>
              <textHeight>28</textHeight>
              <font family="Segoe+UI" displayName="Segoe+UI" postScript="" weightStyle="Regular" weight="400" isBold="False" isItalic="False"/>
            </cell>
            <cell rows="1,1" cols="3,3">
              <fontFamily>Segoe+UI</fontFamily>
              <editIndex>0</editIndex>
              <text>4000</text>
              <textHeight>28</textHeight>
              <font family="Segoe+UI" displayName="Segoe+UI" postScript="" weightStyle="Regular" weight="400" isBold="False" isItalic="False"/>
            </cell>
            <cell rows="1,1" cols="4,4">
              <fontFamily>Segoe+UI</fontFamily>
              <editIndex>0</editIndex>
              <text>40000000</text>
              <textHeight>44</textHeight>
              <font family="Segoe+UI" displayName="Segoe+UI" postScript="" weightStyle="Regular" weight="400" isBold="False" isItalic="False"/>
            </cell>
            <cell rows="1,1" cols="5,5">
              <fontFamily>Segoe+UI</fontFamily>
              <editIndex>0</editIndex>
              <text>400000</text>
              <textHeight>28</textHeight>
              <font family="Segoe+UI" displayName="Segoe+UI" postScript="" weightStyle="Regular" weight="400" isBold="False" isItalic="False"/>
            </cell>
            <cell rows="2,2" cols="0,0">
              <fontFamily>Segoe+UI</fontFamily>
              <editIndex>0</editIndex>
              <textHeight>12</textHeight>
              <font family="Segoe+UI" displayName="Segoe+UI" postScript="" weightStyle="Regular" weight="400" isBold="False" isItalic="False"/>
            </cell>
            <cell rows="2,2" cols="1,1">
              <fontFamily>Segoe+UI</fontFamily>
              <editIndex>0</editIndex>
              <textHeight>30</textHeight>
              <font family="Segoe+UI" displayName="Segoe+UI" postScript="" weightStyle="Regular" weight="400" isBold="False" isItalic="False"/>
            </cell>
            <cell rows="2,2" cols="2,2">
              <fontFamily>Segoe+UI</fontFamily>
              <editIndex>0</editIndex>
              <textHeight>12</textHeight>
              <font family="Segoe+UI" displayName="Segoe+UI" postScript="" weightStyle="Regular" weight="400" isBold="False" isItalic="False"/>
            </cell>
            <cell rows="2,2" cols="3,3">
              <fontFamily>Segoe+UI</fontFamily>
              <editIndex>0</editIndex>
              <textHeight>30</textHeight>
              <font family="Segoe+UI" displayName="Segoe+UI" postScript="" weightStyle="Regular" weight="400" isBold="False" isItalic="False"/>
            </cell>
            <cell rows="2,2" cols="4,4">
              <fontFamily>Segoe+UI</fontFamily>
              <editIndex>0</editIndex>
              <textHeight>30</textHeight>
              <font family="Segoe+UI" displayName="Segoe+UI" postScript="" weightStyle="Regular" weight="400" isBold="False" isItalic="False"/>
            </cell>
            <cell rows="2,2" cols="5,5">
              <fontFamily>Segoe+UI</fontFamily>
              <editIndex>0</editIndex>
              <textHeight>30</textHeight>
              <font family="Segoe+UI" displayName="Segoe+UI" postScript="" weightStyle="Regular" weight="400" isBold="False" isItalic="False"/>
            </cell>
            <cell rows="3,3" cols="0,0">
              <fontFamily>Segoe+UI</fontFamily>
              <editIndex>0</editIndex>
              <textHeight>30</textHeight>
              <font family="Segoe+UI" displayName="Segoe+UI" postScript="" weightStyle="Regular" weight="400" isBold="False" isItalic="False"/>
            </cell>
            <cell rows="3,3" cols="1,1">
              <fontFamily>Segoe+UI</fontFamily>
              <editIndex>0</editIndex>
              <textHeight>30</textHeight>
              <font family="Segoe+UI" displayName="Segoe+UI" postScript="" weightStyle="Regular" weight="400" isBold="False" isItalic="False"/>
            </cell>
            <cell rows="3,3" cols="2,2">
              <fontFamily>Segoe+UI</fontFamily>
              <editIndex>0</editIndex>
              <textHeight>30</textHeight>
              <font family="Segoe+UI" displayName="Segoe+UI" postScript="" weightStyle="Regular" weight="400" isBold="False" isItalic="False"/>
            </cell>
            <cell rows="3,3" cols="3,3">
              <fontFamily>Segoe+UI</fontFamily>
              <editIndex>0</editIndex>
              <textHeight>30</textHeight>
              <font family="Segoe+UI" displayName="Segoe+UI" postScript="" weightStyle="Regular" weight="400" isBold="False" isItalic="False"/>
            </cell>
            <cell rows="3,3" cols="4,4">
              <fontFamily>Segoe+UI</fontFamily>
              <editIndex>0</editIndex>
              <textHeight>30</textHeight>
              <font family="Segoe+UI" displayName="Segoe+UI" postScript="" weightStyle="Regular" weight="400" isBold="False" isItalic="False"/>
            </cell>
            <cell rows="3,3" cols="5,5">
              <fontFamily>Segoe+UI</fontFamily>
              <editIndex>0</editIndex>
              <textHeight>30</textHeight>
              <font family="Segoe+UI" displayName="Segoe+UI" postScript="" weightStyle="Regular" weight="400" isBold="False" isItalic="False"/>
            </cell>
          </cells>
        </control>
      </groupChildrenDescriptors>
    </control>
  </controls>
  <param>
    <backgroundColor>4294967295</backgroundColor>
    <fontSize>0</fontSize>
    <fontFamily/>
    <guideLines/>
  </param>
</mockup>