﻿<mockup version="5.1" minAllowVersion="5.1" ID="7068EA60-E55E-4438-9B17-DF7E566C47E0" platform="MtMobile" defaultW="360" defaultH="640" measureW="360" measureH="640" screenOrientation="MoPortrait" mobileScreenScale="1.77777779102325">
  <controls controlCount="13">
    <control controlID="9804231D-8AFF-42B0-A72D-3639EFE8899F" controlTypeID="__group__" x="55" y="179" w="290" h="271" zOrder="0">
      <groupChildrenDescriptors>
        <control controlID="D645AC5C-496D-4ED7-A297-232D616EAB84" controlTypeID="Shape" x="0" y="0" w="290" h="271" zOrder="0">
          <font family="Segoe+UI" displayName="Segoe+UI" postScript="" weightStyle="Regular" weight="400" isBold="False" isItalic="False"/>
          <textSize>14</textSize>
          <selectedIndex>-1</selectedIndex>
        </control>
        <control controlID="6680646C-7A24-4837-A5B6-BB4D1DAEEA3A" controlTypeID="__group__" x="1" y="0" w="288" h="170" zOrder="1">
          <groupChildrenDescriptors>
            <control controlID="1C03D897-F3C3-4197-990E-2B2B3F0C5781" controlTypeID="Shape" x="0" y="0" w="288" h="43" zOrder="0">
              <borderVisible>False</borderVisible>
              <font family="Segoe+UI" displayName="Segoe+UI" postScript="" weightStyle="Regular" weight="400" isBold="False" isItalic="False"/>
              <text>share</text>
              <textSize>14</textSize>
              <selectedIndex>-1</selectedIndex>
            </control>
            <control controlID="01023076-4D03-45C0-9AFB-71129F0B03CE" controlTypeID="IconButton2" x="10" y="6" w="38" h="38" zOrder="1">
              <groupChildrenDescriptors>
                <control controlID="B592C497-A5FB-4C32-B736-88AACA01EBEE" controlTypeID="Shape" x="0" y="0" w="38" h="38" zOrder="0">
                  <canMove>False</canMove>
                  <alias>shape</alias>
                  <font family="Segoe+UI" displayName="Segoe+UI" postScript="" weightStyle="Regular" weight="400" isBold="False" isItalic="False"/>
                  <textSize>14</textSize>
                  <selectedIndex>-1</selectedIndex>
                  <shapeBorderType>SbEllipse</shapeBorderType>
                </control>
                <control controlID="B8DC5943-63D4-4EA9-9569-FDBD370E7ABE" controlTypeID="Icon" x="7" y="7" w="24" h="24" zOrder="1">
                  <canMove>False</canMove>
                  <alias>icon</alias>
                  <icon>
                    <ID/>
                    <iconFontName>jdIonicons</iconFontName>
                    <iconCode>61732</iconCode>
                  </icon>
                  <URL>CFAC147583A1C602F91FE6F2C39DA488.svg</URL>
                </control>
                <control controlID="076DECD8-E3AC-4288-BA85-8B21DD6D0994" controlTypeID="Label" x="0" y="2" w="32" h="16" zOrder="2">
                  <canMove>False</canMove>
                  <alias>label</alias>
                  <font family="Segoe+UI" displayName="Segoe+UI" postScript="" weightStyle="Regular" weight="400" isBold="False" isItalic="False"/>
                  <text>Label</text>
                  <textSize>12</textSize>
                  <textAlign>HaCenter</textAlign>
                  <lineSpacing>0</lineSpacing>
                  <selectedIndex>-1</selectedIndex>
                </control>
                <control controlID="6AB95D7A-E4EB-4EA9-A0BE-2D11118E0ADE" controlTypeID="Shape" x="25" y="0" w="13" h="13" zOrder="3">
                  <color>4294901760</color>
                  <borderVisible>False</borderVisible>
                  <canMove>False</canMove>
                  <alias>alarm</alias>
                  <font family="Segoe+UI" displayName="Segoe+UI" postScript="" weightStyle="Regular" weight="400" isBold="False" isItalic="False"/>
                  <text>2</text>
                  <textColor>4294967295</textColor>
                  <textSize>8</textSize>
                  <selectedIndex>-1</selectedIndex>
                  <radius>100</radius>
                  <radiusIsPercent>True</radiusIsPercent>
                </control>
              </groupChildrenDescriptors>
            </control>
            <control controlID="8F81E910-9A9A-4E02-B7E7-6C9F2E4EAF61" controlTypeID="Shape" x="0" y="42" w="288" h="43" zOrder="2">
              <borderVisible>False</borderVisible>
              <font family="Segoe+UI" displayName="Segoe+UI" postScript="" weightStyle="Regular" weight="400" isBold="False" isItalic="False"/>
              <text>contacts</text>
              <textSize>14</textSize>
              <selectedIndex>-1</selectedIndex>
            </control>
            <control controlID="5AC2B79B-324C-4B5B-B774-CF5F42695853" controlTypeID="Icon" x="84" y="55" w="24" h="24" zOrder="3">
              <icon>
                <ID/>
                <iconFontName>jdIonicons</iconFontName>
                <iconCode>62168</iconCode>
              </icon>
              <URL>A4BBA5CCC7880CC1D7108AAE4A99AB6E.svg</URL>
            </control>
            <control controlID="E1ED29C2-5CEF-47B9-A5D8-5C2A31FDEB63" controlTypeID="Shape" x="0" y="84" w="288" h="43" zOrder="4">
              <borderVisible>False</borderVisible>
              <font family="Segoe+UI" displayName="Segoe+UI" postScript="" weightStyle="Regular" weight="400" isBold="False" isItalic="False"/>
              <text>whasapp</text>
              <textSize>14</textSize>
              <selectedIndex>-1</selectedIndex>
            </control>
            <control controlID="712BDBA0-A22D-44C4-89A9-8F853D920DCD" controlTypeID="Shape" x="0" y="127" w="288" h="43" zOrder="5">
              <borderVisible>False</borderVisible>
              <font family="Segoe+UI" displayName="Segoe+UI" postScript="" weightStyle="Regular" weight="400" isBold="False" isItalic="False"/>
              <text>facebook</text>
              <textSize>14</textSize>
              <selectedIndex>-1</selectedIndex>
            </control>
          </groupChildrenDescriptors>
        </control>
      </groupChildrenDescriptors>
    </control>
  </controls>
  <param>
    <backgroundColor>4294967295</backgroundColor>
    <fontSize>0</fontSize>
    <fontFamily/>
    <guideLines/>
  </param>
</mockup>