﻿<mockup version="5.1" minAllowVersion="5.1" ID="76A4134C-8E18-40B6-9CCC-6307C1565A5A" platform="MtMobile" defaultW="360" defaultH="640" measureW="360" measureH="640" screenOrientation="MoPortrait" mobileScreenScale="1.77777779102325" clipArea="(0,0,0,0)">
  <controls controlCount="1">
    <control controlID="62FE9EA4-F240-4A84-8991-8EC320EE57CC" controlTypeID="List" x="59" y="206" w="240" h="249" zOrder="0">
      <links eventType="AtClick" animate="AmSlideRight" animateAutoDelay="0" animateDuration="500">
        <link targetPageID="" linkType="ltPageLink" isApplyIncludePage="False" title="+++++++++++upgrade+account">
          <area shape="0" alt="" ID="{2F3E07FA-4647-460D-847C-CA4C401D1842}" coords="(1,1,239,49)"/>
        </link>
        <link targetPageID="E1787FA4-D975-43D9-A1CF-5899AF72778F" linkType="ltPageLink" isApplyIncludePage="False" title="subscribe+to+a+network">
          <area shape="0" alt="" ID="{0EEA3161-31CA-416C-8554-CCB8C32A7BC5}" coords="(1,49,239,97)"/>
        </link>
        <link targetPageID="E1787FA4-D975-43D9-A1CF-5899AF72778F" linkType="ltPageLink" isApplyIncludePage="False" title="unsubscribe+from+a+network">
          <area shape="0" alt="" ID="{8A2B00D2-DB3C-4805-8A63-A127BD570358}" coords="(1,97,239,145)"/>
        </link>
        <link targetPageID="D6DF3855-CE48-44A3-959A-D1C5DE6007AC" linkType="ltPageLink" isApplyIncludePage="False" title="sign+up">
          <area shape="0" alt="" ID="{48CC6DD3-72A5-4A91-8DAF-8129C1F86B89}" coords="(1,145,239,193)"/>
        </link>
        <link targetPageID="" linkType="ltPageLink" isApplyIncludePage="False" title="Premium+account">
          <area shape="0" alt="" ID="{A8F74D82-C543-4EB5-8112-F05BFB77D778}" coords="(1,193,239,241)"/>
        </link>
      </links>
      <font family="Segoe+UI" displayName="Segoe+UI" postScript="" weightStyle="Regular" weight="400" isBold="False" isItalic="False"/>
      <text>+++++++++++upgrade+account%0D%0Asubscribe+to+a+network%0D%0Aunsubscribe+from+a+network%0D%0Asign+up%0D%0APremium+account</text>
      <textSize>14</textSize>
      <lineSpacing>0</lineSpacing>
      <itemHeight>48</itemHeight>
    </control>
  </controls>
  <param>
    <backgroundColor>4294967295</backgroundColor>
    <fontSize>0</fontSize>
    <fontFamily/>
    <guideLines/>
  </param>
</mockup>