﻿<mockup version="5.1" minAllowVersion="5.1" ID="7D82D108-6C3C-4B41-8F46-37468D75CF35" platform="MtMobile" defaultW="360" defaultH="640" measureW="360" measureH="640" screenOrientation="MoPortrait" mobileScreenScale="1.77777779102325" clipArea="(0,0,0,0)">
  <controls controlCount="30">
    <control controlID="1A6762D2-6B2F-4A48-964F-8C1E63DC4302" controlTypeID="__group__" x="-1" y="0" w="361" h="640" zOrder="0">
      <groupChildrenDescriptors>
        <control controlID="1A22A9C0-C7B6-4A6F-8909-F192AF26CFE2" controlTypeID="TitleWindow" x="0" y="0" w="361" h="640" zOrder="0">
          <font family="Segoe+UI" displayName="Segoe+UI" postScript="" weightStyle="Regular" weight="400" isBold="False" isItalic="False"/>
          <text>237First</text>
          <textSize>14</textSize>
          <textVAlign>VaTop</textVAlign>
          <lineSpacing>0</lineSpacing>
          <selectedIndex>-1</selectedIndex>
        </control>
        <control controlID="21C073CE-5C07-40FB-82BF-974FB075E1EB" controlTypeID="Tab" x="1" y="60" w="357" h="553" zOrder="1">
          <links eventType="AtClick" animate="AmSlideRight" animateAutoDelay="0" animateDuration="500">
            <link targetPageID="7D82D108-6C3C-4B41-8F46-37468D75CF35" linkType="ltPageLink" isApplyIncludePage="False" title="News+Feed">
              <area shape="0" alt="" ID="{0368E1DB-5240-4D64-A8E9-76E9E35B7DF0}" coords="(0,0,100,18)"/>
            </link>
            <link targetPageID="4B8D6AE2-1812-48CE-B9CF-E0AE995490FA" linkType="ltPageLink" isApplyIncludePage="False" title="Timeline">
              <area shape="0" alt="" ID="{28783FF2-F4C2-4F86-AD0D-2754272E3F2C}" coords="(99,0,167,18)"/>
            </link>
            <link targetPageID="ABAB764A-F1DD-4AF7-B8D1-AC9DE244C844" linkType="ltPageLink" isApplyIncludePage="False" title="+Blog">
              <area shape="0" alt="" ID="{FC4BE778-376B-4295-B721-7A575F300435}" coords="(166,0,213,18)"/>
            </link>
          </links>
          <font family="Segoe+UI" displayName="Segoe+UI" postScript="" weightStyle="Regular" weight="400" isBold="False" isItalic="False"/>
          <text>Browse+Music%2CTimeline%2C+Blog</text>
          <textSize>14</textSize>
          <lineSpacing>0</lineSpacing>
        </control>
        <control controlID="BD19E50B-F42C-4963-8F77-601C7F054976" controlTypeID="Shape" x="1" y="31" w="357" h="30" zOrder="2">
          <font family="Segoe+UI" displayName="Segoe+UI" postScript="" weightStyle="Regular" weight="400" isBold="False" isItalic="False"/>
          <text>++++++++NEWS+FEED</text>
          <textSize>14</textSize>
          <textAlign>HaLeft</textAlign>
          <selectedIndex>-1</selectedIndex>
        </control>
        <control controlID="3CA67599-B558-4D25-8AE2-A58451BCEC81" controlTypeID="Icon" x="7" y="36" w="24" h="24" zOrder="3">
          <links eventType="AtClick" animate="AmPushRight" animateAutoDelay="0" animateDuration="500">
            <link targetPageID="063F464A-96AC-44FA-B83B-0D7767AD986B" linkType="ltPageLink" isApplyIncludePage="False" title="Drawer">
              <area shape="0" alt="" ID="{72F1ECF0-AF0D-4E21-B91D-540B798924CB}" coords="(0,0,24,24)"/>
            </link>
          </links>
          <icon>
            <ID/>
            <iconFontName>jdIonicons</iconFontName>
            <iconCode>61744</iconCode>
          </icon>
          <URL>EE04925DDE4EB9BF58D807978ECA60CB.svg</URL>
        </control>
        <control controlID="6B5390AF-F618-490C-A49B-19AB71E7CCEC" controlTypeID="Shape" x="2" y="80" w="357" h="42" zOrder="4">
          <font family="Segoe+UI" displayName="Segoe+UI" postScript="" weightStyle="Regular" weight="400" isBold="False" isItalic="False"/>
          <text>advertisement+based+on+account+type...+</text>
          <textSize>14</textSize>
          <selectedIndex>-1</selectedIndex>
        </control>
        <control controlID="B99A1CD8-93E2-493E-AF69-45CF33C2ECBB" controlTypeID="Search" x="192" y="125" w="156" h="25" zOrder="5">
          <links eventType="AtClick" animate="AmSlideRight" animateAutoDelay="0" animateDuration="500">
            <link targetPageID="4B619D6A-FDC5-40C1-8DC3-3BB202EB5EB4" linkType="ltPageLink" isApplyIncludePage="False" title="Browse+List">
              <area shape="0" alt="" ID="{91A1FC15-17BB-4F09-BB5E-AF157DADA53B}" coords="(0,0,156,25)"/>
            </link>
          </links>
          <font family="Segoe+UI" displayName="Segoe+UI" postScript="" weightStyle="Regular" weight="400" isBold="False" isItalic="False"/>
          <textSize>14</textSize>
          <textVAlign>VaTop</textVAlign>
          <lineSpacing>0</lineSpacing>
          <selectedIndex>-1</selectedIndex>
        </control>
        <control controlID="16ABFA01-DDDE-45FA-ABD4-B8E5F62F3C3D" controlTypeID="Shape" x="8" y="181" w="107" h="55" zOrder="6">
          <links eventType="AtClick" animate="AmSlideRight" animateAutoDelay="0" animateDuration="500">
            <link targetPageID="DC82554D-2385-453B-8686-A83FADB4DD7A" linkType="ltPageLink" isApplyIncludePage="False" title="Media+player">
              <area shape="0" alt="" ID="{63CCDA55-13D3-4CBD-A293-F5B459941579}" coords="(0,0,107,55)"/>
            </link>
          </links>
          <font family="Segoe+UI" displayName="Segoe+UI" postScript="" weightStyle="Regular" weight="400" isBold="False" isItalic="False"/>
          <text>views+++++++date</text>
          <textSize>14</textSize>
          <textVAlign>VaBottom</textVAlign>
          <selectedIndex>-1</selectedIndex>
        </control>
        <control controlID="8A89C6B7-82BA-4AD4-9212-B47989E4495C" controlTypeID="Shape" x="126" y="181" w="107" h="55" zOrder="7">
          <font family="Segoe+UI" displayName="Segoe+UI" postScript="" weightStyle="Regular" weight="400" isBold="False" isItalic="False"/>
          <textSize>14</textSize>
          <selectedIndex>-1</selectedIndex>
        </control>
        <control controlID="9D88C87B-0CAD-48D9-B67D-73E6A20663D3" controlTypeID="Shape" x="246" y="181" w="107" h="55" zOrder="8">
          <links eventType="AtClick" animate="AmSlideRight" animateAutoDelay="0" animateDuration="500">
            <link targetPageID="4B619D6A-FDC5-40C1-8DC3-3BB202EB5EB4" linkType="ltPageLink" isApplyIncludePage="False" title="Browse+List">
              <area shape="0" alt="" ID="{62749461-6698-431C-B7F1-204ABAAFE28B}" coords="(0,0,107,55)"/>
            </link>
          </links>
          <font family="Segoe+UI" displayName="Segoe+UI" postScript="" weightStyle="Regular" weight="400" isBold="False" isItalic="False"/>
          <text>browse</text>
          <textSize>14</textSize>
          <selectedIndex>-1</selectedIndex>
        </control>
        <control controlID="0F778602-D6F7-4BDA-BB0F-BCED3F596501" controlTypeID="Shape" x="60" y="155" w="234" h="24" zOrder="9">
          <borderVisible>False</borderVisible>
          <font family="Segoe+UI" displayName="Segoe+UI" postScript="" weightStyle="Regular" weight="400" isBold="False" isItalic="False"/>
          <text>Most+recent+uploads</text>
          <textSize>14</textSize>
          <selectedIndex>-1</selectedIndex>
        </control>
        <control controlID="65FE7D8F-FAB1-45B1-91EA-B9C813DAC69C" controlTypeID="Shape" x="61" y="238" w="234" h="20" zOrder="10">
          <borderVisible>False</borderVisible>
          <font family="Segoe+UI" displayName="Segoe+UI" postScript="" weightStyle="Regular" weight="400" isBold="False" isItalic="False"/>
          <text>videos</text>
          <textSize>14</textSize>
          <selectedIndex>-1</selectedIndex>
        </control>
        <control controlID="832F3C4C-B7FC-469B-977E-2B13AC79C12B" controlTypeID="Shape" x="9" y="256" w="107" h="65" zOrder="11">
          <font family="Segoe+UI" displayName="Segoe+UI" postScript="" weightStyle="Regular" weight="400" isBold="False" isItalic="False"/>
          <textSize>14</textSize>
          <selectedIndex>-1</selectedIndex>
        </control>
        <control controlID="D8A4245D-E08E-4D32-97C6-F63BF671DF85" controlTypeID="Shape" x="127" y="256" w="107" h="65" zOrder="12">
          <font family="Segoe+UI" displayName="Segoe+UI" postScript="" weightStyle="Regular" weight="400" isBold="False" isItalic="False"/>
          <textSize>14</textSize>
          <selectedIndex>-1</selectedIndex>
        </control>
        <control controlID="26DB4778-EAB5-4BFD-8C37-8CE3AD4513B3" controlTypeID="Shape" x="247" y="256" w="107" h="65" zOrder="13">
          <font family="Segoe+UI" displayName="Segoe+UI" postScript="" weightStyle="Regular" weight="400" isBold="False" isItalic="False"/>
          <textSize>14</textSize>
          <selectedIndex>-1</selectedIndex>
        </control>
        <control controlID="ED047F44-9A4D-4280-BFB7-D6F09E6E86BC" controlTypeID="Shape" x="59" y="326" w="234" h="18" zOrder="14">
          <borderVisible>False</borderVisible>
          <font family="Segoe+UI" displayName="Segoe+UI" postScript="" weightStyle="Regular" weight="400" isBold="False" isItalic="False"/>
          <text>our+top+music</text>
          <textSize>14</textSize>
          <selectedIndex>-1</selectedIndex>
        </control>
        <control controlID="475DD9AA-EDFA-49A6-9559-992B74CE2E94" controlTypeID="Shape" x="7" y="346" w="107" h="60" zOrder="15">
          <font family="Segoe+UI" displayName="Segoe+UI" postScript="" weightStyle="Regular" weight="400" isBold="False" isItalic="False"/>
          <textSize>14</textSize>
          <selectedIndex>-1</selectedIndex>
        </control>
        <control controlID="774B1570-A7DF-4025-BF3C-4B6598DAC691" controlTypeID="Shape" x="125" y="346" w="107" h="60" zOrder="16">
          <font family="Segoe+UI" displayName="Segoe+UI" postScript="" weightStyle="Regular" weight="400" isBold="False" isItalic="False"/>
          <textSize>14</textSize>
          <selectedIndex>-1</selectedIndex>
        </control>
        <control controlID="FB358877-E223-463A-BA87-9D0573FAFFA8" controlTypeID="Shape" x="245" y="346" w="107" h="60" zOrder="17">
          <font family="Segoe+UI" displayName="Segoe+UI" postScript="" weightStyle="Regular" weight="400" isBold="False" isItalic="False"/>
          <textSize>14</textSize>
          <selectedIndex>-1</selectedIndex>
        </control>
        <control controlID="A76E87F5-5877-42E1-94F5-8429AACAF82E" controlTypeID="Shape" x="60" y="412" w="234" h="20" zOrder="18">
          <borderVisible>False</borderVisible>
          <font family="Segoe+UI" displayName="Segoe+UI" postScript="" weightStyle="Regular" weight="400" isBold="False" isItalic="False"/>
          <text>albums+%26+mixtapes</text>
          <textSize>14</textSize>
          <selectedIndex>-1</selectedIndex>
        </control>
        <control controlID="35579C38-C90A-4D7C-8BCC-F0877EB596DE" controlTypeID="Shape" x="8" y="434" w="107" h="67" zOrder="19">
          <font family="Segoe+UI" displayName="Segoe+UI" postScript="" weightStyle="Regular" weight="400" isBold="False" isItalic="False"/>
          <textSize>14</textSize>
          <selectedIndex>-1</selectedIndex>
        </control>
        <control controlID="5C89B5E7-6267-406A-AF00-F91EC0238AE4" controlTypeID="Shape" x="126" y="434" w="107" h="67" zOrder="20">
          <font family="Segoe+UI" displayName="Segoe+UI" postScript="" weightStyle="Regular" weight="400" isBold="False" isItalic="False"/>
          <textSize>14</textSize>
          <selectedIndex>-1</selectedIndex>
        </control>
        <control controlID="CA24A3A9-02F1-4A3B-81E9-9D624DAB2290" controlTypeID="Shape" x="246" y="434" w="107" h="67" zOrder="21">
          <font family="Segoe+UI" displayName="Segoe+UI" postScript="" weightStyle="Regular" weight="400" isBold="False" isItalic="False"/>
          <textSize>14</textSize>
          <selectedIndex>-1</selectedIndex>
        </control>
        <control controlID="956E5513-DC4D-4D63-8C21-A4C76DED37CA" controlTypeID="Shape" x="58" y="501" w="234" h="20" zOrder="22">
          <borderVisible>False</borderVisible>
          <font family="Segoe+UI" displayName="Segoe+UI" postScript="" weightStyle="Regular" weight="400" isBold="False" isItalic="False"/>
          <text>songs+with+lyrics</text>
          <textSize>14</textSize>
          <selectedIndex>-1</selectedIndex>
        </control>
        <control controlID="63D891B1-3992-46CF-8107-70B5A0E6A3A2" controlTypeID="Shape" x="6" y="523" w="107" h="67" zOrder="23">
          <font family="Segoe+UI" displayName="Segoe+UI" postScript="" weightStyle="Regular" weight="400" isBold="False" isItalic="False"/>
          <textSize>14</textSize>
          <selectedIndex>-1</selectedIndex>
        </control>
        <control controlID="FA923E15-A6EE-4BF2-837E-12AB0CE10247" controlTypeID="Shape" x="124" y="523" w="107" h="67" zOrder="24">
          <font family="Segoe+UI" displayName="Segoe+UI" postScript="" weightStyle="Regular" weight="400" isBold="False" isItalic="False"/>
          <textSize>14</textSize>
          <selectedIndex>-1</selectedIndex>
        </control>
        <control controlID="70D1DC7E-7120-4A02-B1EE-4D64888C046E" controlTypeID="Shape" x="244" y="523" w="107" h="67" zOrder="25">
          <font family="Segoe+UI" displayName="Segoe+UI" postScript="" weightStyle="Regular" weight="400" isBold="False" isItalic="False"/>
          <textSize>14</textSize>
          <selectedIndex>-1</selectedIndex>
        </control>
        <control controlID="DBAB0F0C-ED42-4BF1-80F8-A8AF0DBBCB86" controlTypeID="Icon" x="8" y="152" w="24" h="24" zOrder="26">
          <icon>
            <ID/>
            <iconFontName>jdIonicons</iconFontName>
            <iconCode>62415</iconCode>
          </icon>
          <URL>D6859759E093AABA6D618DD6AA733504.svg</URL>
        </control>
        <control controlID="4D938858-02E1-4E46-ACD5-8C539A03EA69" controlTypeID="Icon" x="325" y="154" w="24" h="24" zOrder="27">
          <icon>
            <ID/>
            <iconFontName>jdIonicons</iconFontName>
            <iconCode>62417</iconCode>
          </icon>
          <URL>97D42F84AB1ACA7B3DB71E8D7DA90BF0.svg</URL>
        </control>
      </groupChildrenDescriptors>
    </control>
    <control controlID="110E88BA-4E49-4BE7-9849-6B9FEFD6D1CD" controlTypeID="Icon" x="52" y="192" w="24" h="24" zOrder="1">
      <icon>
        <ID/>
        <iconFontName>jdIonicons</iconFontName>
        <iconCode>61973</iconCode>
      </icon>
      <URL>C0D30DA94924EE91FA29621C8DF1B032.svg</URL>
    </control>
  </controls>
  <param>
    <backgroundColor>4294967295</backgroundColor>
    <fontSize>0</fontSize>
    <fontFamily/>
    <guideLines/>
  </param>
</mockup>