﻿<mockup version="5.1" minAllowVersion="5.1" ID="85B9936F-F7FC-4D72-9B30-84D3E4202B70" platform="MtMobile" defaultW="360" defaultH="640" measureW="360" measureH="640" screenOrientation="MoPortrait" mobileScreenScale="1.77777779102325" clipArea="(0,0,0,0)">
  <controls controlCount="9">
    <control controlID="160573B4-836E-4DFA-A2BB-09E4E9196D5E" controlTypeID="__group__" x="0" y="-3" w="361" h="642" zOrder="0">
      <groupChildrenDescriptors>
        <control controlID="9CDD3418-3BA9-4830-AD07-56A25757EA9D" controlTypeID="TitleWindow" x="0" y="0" w="361" h="642" zOrder="0">
          <font family="Segoe+UI" displayName="Segoe+UI" postScript="" weightStyle="Regular" weight="400" isBold="False" isItalic="False"/>
          <text>237First</text>
          <textSize>14</textSize>
          <textVAlign>VaTop</textVAlign>
          <lineSpacing>0</lineSpacing>
          <selectedIndex>-1</selectedIndex>
        </control>
        <control controlID="EA0F0CF0-D262-4D1D-A2A5-FBB554F1F260" controlTypeID="Top ActionBar" x="2" y="31" w="357" h="32" zOrder="1">
          <color>4292730333</color>
          <font family="Segoe+UI" displayName="Segoe+UI" postScript="" weightStyle="Regular" weight="400" isBold="False" isItalic="False"/>
          <text>My+account</text>
          <textSize>14</textSize>
          <lineSpacing>0</lineSpacing>
        </control>
        <control controlID="F746DC63-87BB-4DAE-B21D-810BEDA1B407" controlTypeID="__group__" x="1" y="63" w="358" h="93" zOrder="2">
          <groupChildrenDescriptors>
            <control controlID="8381CB49-F0DF-41A0-8B41-42CDC377E7ED" controlTypeID="Shape" x="0" y="0" w="358" h="93" zOrder="0">
              <font family="Segoe+UI" displayName="Segoe+UI" postScript="" weightStyle="Regular" weight="400" isBold="False" isItalic="False"/>
              <textSize>14</textSize>
              <selectedIndex>-1</selectedIndex>
            </control>
            <control controlID="4336A293-7B57-4312-855C-C5DA4D2C81E9" controlTypeID="Circle" x="7" y="14" w="81" h="70" zOrder="1">
              <font family="Segoe+UI" displayName="Segoe+UI" postScript="" weightStyle="Regular" weight="400" isBold="False" isItalic="False"/>
              <textSize>14</textSize>
              <selectedIndex>-1</selectedIndex>
              <shapeBorderType>SbEllipse</shapeBorderType>
            </control>
            <control controlID="1593F728-C1AD-4A76-9749-DFDE58EE1AA3" controlTypeID="TextArea" x="90" y="30" w="84" h="40" zOrder="2">
              <font family="Segoe+UI" displayName="Segoe+UI" postScript="" weightStyle="Regular" weight="400" isBold="False" isItalic="False"/>
              <text>username%0D%0Aaccount+type</text>
              <selectedIndex>-1</selectedIndex>
            </control>
            <control controlID="2CD88955-6BDD-4D00-9E43-7546F1BE23CD" controlTypeID="SwitchIOS" x="292" y="17" w="59" h="22" zOrder="3"/>
          </groupChildrenDescriptors>
        </control>
        <control controlID="9B0671DA-DA5C-4C49-9B2C-3110A1B4A9C8" controlTypeID="List" x="1" y="155" w="358" h="252" zOrder="3">
          <links eventType="AtClick" animate="AmSlideUp" animateAutoDelay="0" animateDuration="500">
            <link targetPageID="58FB975F-C2DA-4B7B-8E06-AE5FF67ABA18" linkType="ltPageLink" isApplyIncludePage="False" title="reset+email">
              <area shape="0" alt="" ID="{FB19B502-4454-4365-A2D8-6C6602AD0FC8}" coords="(1,1,357,49)"/>
            </link>
            <link targetPageID="AF3B573E-9649-458B-B112-E600287D2A89" linkType="ltPageLink" isApplyIncludePage="False" title="reset+password">
              <area shape="0" alt="" ID="{6224830B-D2A8-40AD-97EE-63A23C7B98B0}" coords="(1,49,357,97)"/>
            </link>
            <link targetPageID="472FCEAF-FED9-4F9B-B63F-41A88013F422" linkType="ltPageLink" isApplyIncludePage="False" title="account+details">
              <area shape="0" alt="" ID="{D3AF435C-204C-4C9F-A38F-D49A0A66C3F0}" coords="(1,97,357,145)"/>
            </link>
            <link targetPageID="76A4134C-8E18-40B6-9CCC-6307C1565A5A" linkType="ltPageLink" isApplyIncludePage="False" title="upgrade+account">
              <area shape="0" alt="" ID="{1B1F59F4-0C04-4644-85DC-914F52144597}" coords="(1,145,357,193)"/>
            </link>
            <link targetPageID="ADFD2C6A-BFD2-4BD0-B37F-C69A258AB47C" linkType="ltPageLink" isApplyIncludePage="False" title="delete+account">
              <area shape="0" alt="" ID="{884B2637-A253-433D-B1B8-4C21A2DCCA97}" coords="(1,193,357,241)"/>
            </link>
          </links>
          <font family="Segoe+UI" displayName="Segoe+UI" postScript="" weightStyle="Regular" weight="400" isBold="False" isItalic="False"/>
          <text>reset+email%0D%0Areset+password%0D%0Aaccount+details%0D%0Aupgrade+account%0D%0Adelete+account%0D%0A</text>
          <textSize>14</textSize>
          <lineSpacing>0</lineSpacing>
          <itemHeight>48</itemHeight>
        </control>
      </groupChildrenDescriptors>
    </control>
  </controls>
  <param>
    <backgroundColor>4294967295</backgroundColor>
    <fontSize>0</fontSize>
    <fontFamily/>
    <guideLines/>
  </param>
</mockup>