﻿<mockup version="5.1" minAllowVersion="5.1" ID="86913C8E-8E0B-4AC8-B4E5-7F882B7495EE" platform="MtMobile" defaultW="360" defaultH="640" measureW="360" measureH="640" screenOrientation="MoPortrait" mobileScreenScale="1.77777779102325" clipArea="(0,0,0,0)">
  <controls controlCount="1">
    <control controlID="D8CFD350-BC46-4F73-A35F-0474F8100BBD" controlTypeID="List" x="64" y="170" w="244" h="306" zOrder="0">
      <links eventType="AtClick" animate="AmSlideRight" animateAutoDelay="0" animateDuration="500">
        <link targetPageID="E1787FA4-D975-43D9-A1CF-5899AF72778F" linkType="ltPageLink" isApplyIncludePage="False" title="join+a+network">
          <area shape="0" alt="" ID="{BF539B5B-57B4-4AC9-A84C-C937BDB307D5}" coords="(1,1,243,49)"/>
        </link>
        <link targetPageID="0F7E7BBC-58A9-4967-85E4-1BB821695E79" linkType="ltPageLink" isApplyIncludePage="False" title="marketing">
          <area shape="0" alt="" ID="{447DA702-D81F-491F-9534-73A008F89F17}" coords="(1,49,243,97)"/>
        </link>
        <link targetPageID="2E996C29-BEAB-4E6B-B834-294BBACD4BEA" linkType="ltPageLink" isApplyIncludePage="False" title="invite">
          <area shape="0" alt="" ID="{AAE65857-248D-484B-904E-5F0210E2ED9A}" coords="(1,97,243,145)"/>
        </link>
        <link targetPageID="7068EA60-E55E-4438-9B17-DF7E566C47E0" linkType="ltPageLink" isApplyIncludePage="False" title="share">
          <area shape="0" alt="" ID="{CABF2BEF-B2A0-4A26-BFB7-69FA8C2639A5}" coords="(1,145,243,193)"/>
        </link>
        <link targetPageID="E35DCA7C-F3D0-40A5-B3F2-5E3D2F2BAA33" linkType="ltPageLink" isApplyIncludePage="False" title="upload+file">
          <area shape="0" alt="" ID="{E24BF07C-D003-4290-9660-BA03AE2454F2}" coords="(1,193,243,241)"/>
        </link>
        <link targetPageID="41A165FE-99F9-4672-B394-703188EA514A" linkType="ltPageLink" isApplyIncludePage="False" title="Investment">
          <area shape="0" alt="" ID="{E4B920E6-B328-40B9-AC53-C0D030534457}" coords="(1,241,243,289)"/>
        </link>
      </links>
      <font family="Segoe+UI" displayName="Segoe+UI" postScript="" weightStyle="Regular" weight="400" isBold="False" isItalic="False"/>
      <text>join+a+network%0D%0Amarketing%0D%0Ainvite%0D%0Ashare%0D%0Aupload%0D%0Ainvest</text>
      <textSize>14</textSize>
      <lineSpacing>0</lineSpacing>
      <itemHeight>48</itemHeight>
    </control>
  </controls>
  <param>
    <backgroundColor>4294967295</backgroundColor>
    <fontSize>0</fontSize>
    <fontFamily/>
    <guideLines/>
  </param>
</mockup>