﻿<mockup version="5.1" minAllowVersion="5.1" ID="8797C893-12B2-40D1-B089-D0379251F13A" platform="MtMobile" defaultW="360" defaultH="640" measureW="360" measureH="640" screenOrientation="MoPortrait" mobileScreenScale="1.77777779102325" clipArea="(0,0,0,0)">
  <controls controlCount="39">
    <control controlID="29A19A50-06A0-4623-A1E7-92311EC02D8F" controlTypeID="__group__" x="-4" y="0" w="368" h="643" zOrder="0">
      <groupChildrenDescriptors>
        <control controlID="9E174B7F-42CA-47DF-A814-258525409A6B" controlTypeID="TitleWindow" x="1" y="0" w="367" h="643" zOrder="0">
          <borderVisible>False</borderVisible>
          <font family="Segoe+UI" displayName="Segoe+UI" postScript="" weightStyle="Regular" weight="400" isBold="False" isItalic="False"/>
          <text>237First</text>
          <textSize>14</textSize>
          <textVAlign>VaTop</textVAlign>
          <lineSpacing>0</lineSpacing>
          <selectedIndex>-1</selectedIndex>
        </control>
        <control controlID="85FFAF6C-E6F8-46A5-AFDC-47256A9BC772" controlTypeID="Top ActionBar" x="1" y="28" w="367" h="32" zOrder="1">
          <color>4292730333</color>
          <font family="Segoe+UI" displayName="Segoe+UI" postScript="" weightStyle="Regular" weight="400" isBold="False" isItalic="False"/>
          <text>MANY-TO-+MANY+INVESTMENT</text>
          <textSize>14</textSize>
          <lineSpacing>0</lineSpacing>
        </control>
        <control controlID="8672887A-854A-40E5-BC06-F0D10BBA4592" controlTypeID="TextArea" x="0" y="58" w="368" h="43" zOrder="2">
          <font family="Segoe+UI" displayName="Segoe+UI" postScript="" weightStyle="Regular" weight="400" isBold="False" isItalic="False"/>
          <text>with+this+module+one+investor+choses+a+number+of+artists+to+invest+in+...</text>
          <textAlign>HaCenter</textAlign>
          <textVAlign>VaMiddle</textVAlign>
          <selectedIndex>-1</selectedIndex>
        </control>
        <control controlID="6A550112-B5CE-477D-9A8E-EC2F07A5C6BC" controlTypeID="Shape" x="0" y="99" w="367" h="487" zOrder="3">
          <font family="Segoe+UI" displayName="Segoe+UI" postScript="" weightStyle="Regular" weight="400" isBold="False" isItalic="False"/>
          <textSize>14</textSize>
          <selectedIndex>-1</selectedIndex>
        </control>
        <control controlID="8E1E9A43-4CD5-42EE-AEC1-E41A7062C31E" controlTypeID="TextArea" x="7" y="105" w="145" h="20" zOrder="4">
          <font family="Segoe+UI" displayName="Segoe+UI" postScript="" weightStyle="Regular" weight="400" isBold="False" isItalic="False"/>
          <text>enter+your+information</text>
          <selectedIndex>-1</selectedIndex>
        </control>
        <control controlID="6B421EA6-D7F8-4982-9737-0AF2D818F78B" controlTypeID="LabelTextInput" x="8" y="134" w="149" h="23" zOrder="5">
          <font family="Segoe+UI" displayName="Segoe+UI" postScript="" weightStyle="Regular" weight="400" isBold="False" isItalic="False"/>
          <text>Name</text>
          <textSize>14</textSize>
          <lineSpacing>0</lineSpacing>
          <selectedIndex>-1</selectedIndex>
        </control>
        <control controlID="BCC172BE-5A39-454E-BB6F-BB075AD2B686" controlTypeID="LabelTextInput" x="176" y="132" w="182" h="23" zOrder="6">
          <font family="Segoe+UI" displayName="Segoe+UI" postScript="" weightStyle="Regular" weight="400" isBold="False" isItalic="False"/>
          <text>Company</text>
          <textSize>14</textSize>
          <lineSpacing>0</lineSpacing>
          <selectedIndex>-1</selectedIndex>
        </control>
        <control controlID="C1A730A2-82C2-46C0-8968-71345380CD77" controlTypeID="LabelTextInput" x="8" y="161" w="149" h="23" zOrder="7">
          <font family="Segoe+UI" displayName="Segoe+UI" postScript="" weightStyle="Regular" weight="400" isBold="False" isItalic="False"/>
          <text>Job</text>
          <textSize>14</textSize>
          <lineSpacing>0</lineSpacing>
          <selectedIndex>-1</selectedIndex>
        </control>
        <control controlID="032415E0-1062-4DFD-9308-243662870062" controlTypeID="LabelTextInput" x="176" y="160" w="182" h="23" zOrder="8">
          <font family="Segoe+UI" displayName="Segoe+UI" postScript="" weightStyle="Regular" weight="400" isBold="False" isItalic="False"/>
          <text>Country%2C+Matt</text>
          <textSize>14</textSize>
          <lineSpacing>0</lineSpacing>
          <selectedIndex>-1</selectedIndex>
        </control>
        <control controlID="813921FC-6A39-4022-B34C-23E2BC22C1F3" controlTypeID="LabelTextInput" x="7" y="188" w="149" h="23" zOrder="9">
          <font family="Segoe+UI" displayName="Segoe+UI" postScript="" weightStyle="Regular" weight="400" isBold="False" isItalic="False"/>
          <text>Address%2C+Matt</text>
          <textSize>14</textSize>
          <lineSpacing>0</lineSpacing>
          <selectedIndex>-1</selectedIndex>
        </control>
        <control controlID="93004799-002E-45CA-8D61-06CB4F69F1BD" controlTypeID="LabelTextInput" x="175" y="189" w="182" h="23" zOrder="10">
          <font family="Segoe+UI" displayName="Segoe+UI" postScript="" weightStyle="Regular" weight="400" isBold="False" isItalic="False"/>
          <text>Mobile+Number%2C+Matt</text>
          <textSize>14</textSize>
          <lineSpacing>0</lineSpacing>
          <selectedIndex>-1</selectedIndex>
        </control>
        <control controlID="5CE58AF6-CD62-4F8D-9198-AE53E69C0469" controlTypeID="LabelTextInput" x="8" y="219" w="149" h="23" zOrder="11">
          <font family="Segoe+UI" displayName="Segoe+UI" postScript="" weightStyle="Regular" weight="400" isBold="False" isItalic="False"/>
          <text>Office+number%2C+Matt</text>
          <textSize>14</textSize>
          <lineSpacing>0</lineSpacing>
          <selectedIndex>-1</selectedIndex>
        </control>
        <control controlID="64D74EF0-A5D3-4C99-A167-3CABA69E67E0" controlTypeID="LabelTextInput" x="176" y="217" w="182" h="23" zOrder="12">
          <font family="Segoe+UI" displayName="Segoe+UI" postScript="" weightStyle="Regular" weight="400" isBold="False" isItalic="False"/>
          <text>Email%2C+Matt</text>
          <textSize>14</textSize>
          <lineSpacing>0</lineSpacing>
          <selectedIndex>-1</selectedIndex>
        </control>
        <control controlID="EC2EC735-7626-4732-80FB-5E838D62BBD1" controlTypeID="LabelTextInput" x="9" y="249" w="149" h="23" zOrder="13">
          <font family="Segoe+UI" displayName="Segoe+UI" postScript="" weightStyle="Regular" weight="400" isBold="False" isItalic="False"/>
          <text>Website%2C+Matt</text>
          <textSize>14</textSize>
          <lineSpacing>0</lineSpacing>
          <selectedIndex>-1</selectedIndex>
        </control>
        <control controlID="6F328DD9-E294-4AE3-A516-A218E94528D9" controlTypeID="DateTimePicker" x="103" y="278" w="144" h="24" zOrder="14">
          <font family="Segoe+UI" displayName="Segoe+UI" postScript="" weightStyle="Regular" weight="400" isBold="False" isItalic="False"/>
          <text>03+%2F+10+%2F+2014</text>
          <textSize>14</textSize>
          <lineSpacing>0</lineSpacing>
          <selectedIndex>-1</selectedIndex>
        </control>
        <control controlID="A73C0C66-84DE-47C0-B759-AF005C320CCE" controlTypeID="Shape" x="8" y="279" w="90" h="17" zOrder="15">
          <borderVisible>False</borderVisible>
          <font family="Segoe+UI" displayName="Segoe+UI" postScript="" weightStyle="Regular" weight="400" isBold="False" isItalic="False"/>
          <text>date+of+birth</text>
          <textSize>14</textSize>
          <textAlign>HaLeft</textAlign>
          <textVAlign>VaTop</textVAlign>
          <selectedIndex>-1</selectedIndex>
        </control>
        <control controlID="C3944DC2-C6E0-442A-BD81-B19BC128AEEA" controlTypeID="CompositeComboBox" x="218" y="247" w="139" h="22" zOrder="16">
          <groupChildrenDescriptors>
            <control controlID="DE6D9A38-0394-4734-89D4-708F92AE91DE" controlTypeID="TextInput" x="0" y="0" w="116" h="22" zOrder="0">
              <locked>True</locked>
              <canMove>False</canMove>
              <alias>input</alias>
              <font family="Segoe+UI" displayName="Segoe+UI" postScript="" weightStyle="Regular" weight="400" isBold="False" isItalic="False"/>
              <text>Item1</text>
              <lineSpacing>0</lineSpacing>
              <selectedIndex>-1</selectedIndex>
            </control>
            <control controlID="06F0012C-4EEE-4DD4-A1C7-9C26E67D1291" controlTypeID="Button" x="115" y="0" w="24" h="22" zOrder="1">
              <locked>True</locked>
              <canMove>False</canMove>
              <alias>button</alias>
              <font family="Segoe+UI" displayName="Segoe+UI" postScript="" weightStyle="Regular" weight="400" isBold="False" isItalic="False"/>
              <lineSpacing>0</lineSpacing>
              <selectedIndex>-1</selectedIndex>
              <radius>0</radius>
            </control>
            <control controlID="590BA202-9226-43E9-9C3C-3DCD07C188C1" controlTypeID="List" x="0" y="22" w="139" h="122" zOrder="2">
              <isShow>False</isShow>
              <canMove>False</canMove>
              <alias>dropDown</alias>
              <font family="Segoe+UI" displayName="Segoe+UI" postScript="" weightStyle="Regular" weight="400" isBold="False" isItalic="False"/>
              <text>Item1%0D%0AItem2%0D%0AItem3%0D%0AItem4</text>
              <textSize>14</textSize>
              <lineSpacing>0</lineSpacing>
              <itemHeight>22</itemHeight>
              <interlaceColor>4294967295</interlaceColor>
            </control>
          </groupChildrenDescriptors>
          <baseHeight>22</baseHeight>
          <font family="Segoe+UI"/>
          <textSize>14</textSize>
        </control>
        <control controlID="505B0FF2-D71D-4002-8039-7013F5A8A582" controlTypeID="Shape" x="177" y="249" w="39" h="17" zOrder="17">
          <borderVisible>False</borderVisible>
          <font family="Segoe+UI" displayName="Segoe+UI" postScript="" weightStyle="Regular" weight="400" isBold="False" isItalic="False"/>
          <text>sex</text>
          <textSize>14</textSize>
          <textAlign>HaLeft</textAlign>
          <textVAlign>VaTop</textVAlign>
          <selectedIndex>-1</selectedIndex>
        </control>
        <control controlID="DA1B3635-8DA2-4007-B492-B9244ED4560F" controlTypeID="TextArea" x="9" y="401" w="348" h="61" zOrder="18">
          <borderVisible>True</borderVisible>
          <font family="Segoe+UI" displayName="Segoe+UI" postScript="" weightStyle="Regular" weight="400" isBold="False" isItalic="False"/>
          <text>purpose+of+investment+(1000-1500+words)</text>
          <textAlign>HaCenter</textAlign>
          <textVAlign>VaMiddle</textVAlign>
          <selectedIndex>-1</selectedIndex>
        </control>
        <control controlID="BB296532-98EA-4A61-98AC-9195D44AB0F3" controlTypeID="TextArea" x="10" y="467" w="348" h="55" zOrder="19">
          <borderVisible>True</borderVisible>
          <font family="Segoe+UI" displayName="Segoe+UI" postScript="" weightStyle="Regular" weight="400" isBold="False" isItalic="False"/>
          <text>goal+of+investment+(750+-1000words)</text>
          <textAlign>HaCenter</textAlign>
          <textVAlign>VaMiddle</textVAlign>
          <selectedIndex>-1</selectedIndex>
        </control>
        <control controlID="E7ABBBCB-B42D-45E4-A0E2-D79307CBC538" controlTypeID="Button" x="139" y="590" w="89" h="25" zOrder="20">
          <font family="Segoe+UI" displayName="Segoe+UI" postScript="" weightStyle="Regular" weight="400" isBold="False" isItalic="False"/>
          <text>submit</text>
          <lineSpacing>0</lineSpacing>
          <selectedIndex>-1</selectedIndex>
        </control>
        <control controlID="B9674BD2-DEEC-4E38-B364-777864A29008" controlTypeID="CompositeComboBox" x="136" y="558" w="219" h="22" zOrder="21">
          <groupChildrenDescriptors>
            <control controlID="79A8D36D-FC0D-4B94-B712-BBB1981462F8" controlTypeID="TextInput" x="0" y="0" w="196" h="22" zOrder="0">
              <canMove>False</canMove>
              <alias>input</alias>
              <font family="Segoe+UI" displayName="Segoe+UI" postScript="" weightStyle="Regular" weight="400" isBold="False" isItalic="False"/>
              <text>Item1</text>
              <lineSpacing>0</lineSpacing>
              <selectedIndex>-1</selectedIndex>
            </control>
            <control controlID="C8780E8B-0DBF-486F-9801-5E2F8B8EE4EB" controlTypeID="Button" x="195" y="0" w="24" h="22" zOrder="1">
              <canMove>False</canMove>
              <alias>button</alias>
              <font family="Segoe+UI" displayName="Segoe+UI" postScript="" weightStyle="Regular" weight="400" isBold="False" isItalic="False"/>
              <lineSpacing>0</lineSpacing>
              <selectedIndex>-1</selectedIndex>
              <radius>0</radius>
            </control>
            <control controlID="535B387B-AE59-4597-93B9-4D52FE84FCD2" controlTypeID="List" x="0" y="22" w="219" h="252" zOrder="2">
              <isShow>False</isShow>
              <canMove>False</canMove>
              <alias>dropDown</alias>
              <font family="Segoe+UI" displayName="Segoe+UI" postScript="" weightStyle="Regular" weight="400" isBold="False" isItalic="False"/>
              <text>Item1%0D%0AItem2%0D%0AItem3%0D%0AItem4</text>
              <textSize>14</textSize>
              <lineSpacing>0</lineSpacing>
              <itemHeight>22</itemHeight>
              <interlaceColor>4294967295</interlaceColor>
            </control>
          </groupChildrenDescriptors>
          <baseHeight>22</baseHeight>
          <font family="Segoe+UI"/>
          <textSize>14</textSize>
        </control>
        <control controlID="44477C84-B788-4B30-B15B-D77426C512D8" controlTypeID="Shape" x="4" y="527" w="120" h="24" zOrder="22">
          <borderVisible>False</borderVisible>
          <font family="Segoe+UI" displayName="Segoe+UI" postScript="" weightStyle="Regular" weight="400" isBold="False" isItalic="False"/>
          <text>Number+of+artists</text>
          <textSize>14</textSize>
          <selectedIndex>-1</selectedIndex>
        </control>
        <control controlID="F887CCD1-08CA-44BE-AC9F-407B08AB770C" controlTypeID="NumericStepper" x="137" y="529" w="75" h="21" zOrder="23">
          <font family="Segoe+UI" displayName="Segoe+UI" postScript="" weightStyle="Regular" weight="400" isBold="False" isItalic="False"/>
          <text>3</text>
          <textSize>14</textSize>
          <lineSpacing>0</lineSpacing>
          <selectedIndex>-1</selectedIndex>
        </control>
        <control controlID="C1AF4F31-5758-4A10-87F1-723D2ED9170D" controlTypeID="Shape" x="10" y="559" w="120" h="24" zOrder="24">
          <borderVisible>False</borderVisible>
          <font family="Segoe+UI" displayName="Segoe+UI" postScript="" weightStyle="Regular" weight="400" isBold="False" isItalic="False"/>
          <text>choose+artists</text>
          <textSize>14</textSize>
          <textAlign>HaLeft</textAlign>
          <selectedIndex>-1</selectedIndex>
        </control>
        <control controlID="C78243C1-196E-46F4-BB55-C467EA16CBD5" controlTypeID="Shape" x="8" y="328" w="351" h="24" zOrder="25">
          <font family="Segoe+UI" displayName="Segoe+UI" postScript="" weightStyle="Regular" weight="400" isBold="False" isItalic="False"/>
          <text>Select+each+investor+and+enter+their+email+and+mobile+numbers</text>
          <textSize>10</textSize>
          <useDefaultTextSize>False</useDefaultTextSize>
          <selectedIndex>-1</selectedIndex>
        </control>
        <control controlID="9B481F5E-D793-4C21-9322-C943964878F9" controlTypeID="CompositeComboBox" x="8" y="360" w="105" h="32" zOrder="26">
          <groupChildrenDescriptors>
            <control controlID="1973C285-0A6A-4FA2-A564-83DE72F759A6" controlTypeID="TextInput" x="0" y="0" w="82" h="32" zOrder="0">
              <canMove>False</canMove>
              <alias>input</alias>
              <font family="Segoe+UI" displayName="Segoe+UI" postScript="" weightStyle="Regular" weight="400" isBold="False" isItalic="False"/>
              <text>Item1</text>
              <lineSpacing>0</lineSpacing>
              <selectedIndex>-1</selectedIndex>
            </control>
            <control controlID="D127BDAF-B59C-48E8-AAE6-C3FA1A63BC88" controlTypeID="Button" x="81" y="0" w="24" h="32" zOrder="1">
              <canMove>False</canMove>
              <alias>button</alias>
              <font family="Segoe+UI" displayName="Segoe+UI" postScript="" weightStyle="Regular" weight="400" isBold="False" isItalic="False"/>
              <lineSpacing>0</lineSpacing>
              <selectedIndex>-1</selectedIndex>
              <radius>0</radius>
            </control>
            <control controlID="F4D0CAED-651B-4F29-B889-5CB58535B6D2" controlTypeID="List" x="0" y="32" w="105" h="252" zOrder="2">
              <isShow>False</isShow>
              <canMove>False</canMove>
              <alias>dropDown</alias>
              <font family="Segoe+UI" displayName="Segoe+UI" postScript="" weightStyle="Regular" weight="400" isBold="False" isItalic="False"/>
              <text>Item1%0D%0AItem2%0D%0AItem3%0D%0AItem4</text>
              <textSize>14</textSize>
              <lineSpacing>0</lineSpacing>
              <itemHeight>32</itemHeight>
              <interlaceColor>4294967295</interlaceColor>
            </control>
          </groupChildrenDescriptors>
          <baseHeight>32</baseHeight>
          <font family="Segoe+UI"/>
          <textSize>14</textSize>
        </control>
        <control controlID="AC9DA1FE-B52C-494A-A120-7B988EA1084B" controlTypeID="LabelTextInput" x="117" y="360" w="118" h="33" zOrder="27">
          <font family="Segoe+UI" displayName="Segoe+UI" postScript="" weightStyle="Regular" weight="400" isBold="False" isItalic="False"/>
          <text>Name%2C+Matt</text>
          <textSize>14</textSize>
          <lineSpacing>0</lineSpacing>
          <selectedIndex>-1</selectedIndex>
        </control>
        <control controlID="20C4BC02-9C4D-4F84-BA42-A3D30F2C8256" controlTypeID="LabelTextInput" x="245" y="359" w="114" h="33" zOrder="28">
          <font family="Segoe+UI" displayName="Segoe+UI" postScript="" weightStyle="Regular" weight="400" isBold="False" isItalic="False"/>
          <text>Name%2C+Matt</text>
          <textSize>14</textSize>
          <lineSpacing>0</lineSpacing>
          <selectedIndex>-1</selectedIndex>
        </control>
      </groupChildrenDescriptors>
    </control>
  </controls>
  <param>
    <backgroundColor>4294967295</backgroundColor>
    <fontSize>0</fontSize>
    <fontFamily/>
    <guideLines/>
  </param>
</mockup>