﻿<mockup version="5.1" minAllowVersion="5.1" ID="89E3A6C9-1EE9-4853-94AB-A901A111AE50" platform="MtMobile" defaultW="360" defaultH="640" measureW="360" measureH="640" screenOrientation="MoPortrait" mobileScreenScale="1.77777779102325" clipArea="(0,0,0,0)">
  <controls controlCount="53">
    <control controlID="105E4D37-B4E7-404E-A524-ED93AEADE6CE" controlTypeID="__group__" x="0" y="0" w="365" h="640" zOrder="0">
      <groupChildrenDescriptors>
        <control controlID="1BE5B219-A970-4BC7-96F6-EA6BBAF5D760" controlTypeID="TitleWindow" x="0" y="0" w="363" h="640" zOrder="0">
          <borderVisible>False</borderVisible>
          <font family="Segoe+UI" displayName="Segoe+UI" postScript="" weightStyle="Regular" weight="400" isBold="False" isItalic="False"/>
          <text>237First</text>
          <textSize>14</textSize>
          <textVAlign>VaTop</textVAlign>
          <lineSpacing>0</lineSpacing>
          <selectedIndex>-1</selectedIndex>
        </control>
        <control controlID="9BA84A97-47C3-420B-9EBA-EA01FAF52DF3" controlTypeID="Top ActionBar" x="0" y="30" w="363" h="32" zOrder="1">
          <color>4292730333</color>
          <font family="Segoe+UI" displayName="Segoe+UI" postScript="" weightStyle="Regular" weight="400" isBold="False" isItalic="False"/>
          <text>New+marketing+campaign</text>
          <textSize>14</textSize>
          <lineSpacing>0</lineSpacing>
        </control>
        <control controlID="C1A3E759-6931-42D1-A345-04FA62E877FA" controlTypeID="__group__" x="1" y="62" w="364" h="292" zOrder="2">
          <groupChildrenDescriptors>
            <control controlID="7C90D61C-FC64-4FBE-A0C8-DED039B2D110" controlTypeID="Shape" x="0" y="0" w="364" h="292" zOrder="0">
              <font family="Segoe+UI" displayName="Segoe+UI" postScript="" weightStyle="Regular" weight="400" isBold="False" isItalic="False"/>
              <textSize>14</textSize>
              <selectedIndex>-1</selectedIndex>
            </control>
            <control controlID="F1A53AC0-6652-4DBC-A63C-94A89CCE0BEA" controlTypeID="TextArea" x="75" y="2" w="240" h="37" zOrder="1">
              <font family="Segoe+UI" displayName="Segoe+UI" postScript="" weightStyle="Regular" weight="400" isBold="False" isItalic="False"/>
              <text>one+region+campaign</text>
              <textAlign>HaCenter</textAlign>
              <textVAlign>VaMiddle</textVAlign>
              <selectedIndex>-1</selectedIndex>
            </control>
            <control controlID="B8527197-D5DF-4908-915D-50B2269421F5" controlTypeID="TextArea" x="13" y="41" w="84" h="23" zOrder="2">
              <font family="Segoe+UI" displayName="Segoe+UI" postScript="" weightStyle="Regular" weight="400" isBold="False" isItalic="False"/>
              <text>select+region</text>
              <selectedIndex>-1</selectedIndex>
            </control>
            <control controlID="6569243A-15D5-4226-BB23-6570FDCBF928" controlTypeID="CompositeComboBox" x="106" y="41" w="200" h="26" zOrder="3">
              <groupChildrenDescriptors>
                <control controlID="441164D2-594A-430E-93B6-63E5A46A84C0" controlTypeID="TextInput" x="0" y="0" w="177" h="26" zOrder="0">
                  <canMove>False</canMove>
                  <alias>input</alias>
                  <font family="Segoe+UI" displayName="Segoe+UI" postScript="" weightStyle="Regular" weight="400" isBold="False" isItalic="False"/>
                  <text>Item1</text>
                  <lineSpacing>0</lineSpacing>
                  <selectedIndex>-1</selectedIndex>
                </control>
                <control controlID="CB3272E5-74A9-4EAB-9D32-095A27CE2DE3" controlTypeID="Button" x="176" y="0" w="24" h="26" zOrder="1">
                  <canMove>False</canMove>
                  <alias>button</alias>
                  <font family="Segoe+UI" displayName="Segoe+UI" postScript="" weightStyle="Regular" weight="400" isBold="False" isItalic="False"/>
                  <lineSpacing>0</lineSpacing>
                  <selectedIndex>-1</selectedIndex>
                  <radius>0</radius>
                </control>
                <control controlID="96ED7EA4-4171-46CF-AF6B-666B27254D4D" controlTypeID="List" x="0" y="26" w="200" h="252" zOrder="2">
                  <isShow>False</isShow>
                  <canMove>False</canMove>
                  <alias>dropDown</alias>
                  <font family="Segoe+UI" displayName="Segoe+UI" postScript="" weightStyle="Regular" weight="400" isBold="False" isItalic="False"/>
                  <text>Item1%0D%0AItem2%0D%0AItem3%0D%0AItem4</text>
                  <textSize>14</textSize>
                  <lineSpacing>0</lineSpacing>
                  <itemHeight>26</itemHeight>
                  <interlaceColor>4294967295</interlaceColor>
                </control>
              </groupChildrenDescriptors>
              <baseHeight>26</baseHeight>
              <font family="Segoe+UI"/>
              <textSize>14</textSize>
            </control>
            <control controlID="D87A931C-3518-43BE-85D4-F915942B8DD0" controlTypeID="Button" x="12" y="76" w="87" h="26" zOrder="4">
              <font family="Segoe+UI" displayName="Segoe+UI" postScript="" weightStyle="Regular" weight="400" isBold="False" isItalic="False"/>
              <text>upload</text>
              <lineSpacing>0</lineSpacing>
              <selectedIndex>-1</selectedIndex>
            </control>
            <control controlID="650D4E84-54B5-4A2C-BB8C-15ED95D64DA6" controlTypeID="Shape" x="105" y="70" w="203" h="35" zOrder="5">
              <font family="Segoe+UI" displayName="Segoe+UI" postScript="" weightStyle="Regular" weight="400" isBold="False" isItalic="False"/>
              <text>display+upload+link</text>
              <textSize>14</textSize>
              <selectedIndex>-1</selectedIndex>
            </control>
            <control controlID="96DEDE26-74E9-4677-A851-4E1A8779F7BA" controlTypeID="NumericStepper" x="107" y="111" w="75" h="29" zOrder="6">
              <font family="Segoe+UI" displayName="Segoe+UI" postScript="" weightStyle="Regular" weight="400" isBold="False" isItalic="False"/>
              <text>3</text>
              <textSize>14</textSize>
              <lineSpacing>0</lineSpacing>
              <selectedIndex>-1</selectedIndex>
            </control>
            <control controlID="9FC5C39E-D702-4050-9BB8-3447251E6B35" controlTypeID="TextArea" x="13" y="112" w="89" h="25" zOrder="7">
              <font family="Segoe+UI" displayName="Segoe+UI" postScript="" weightStyle="Regular" weight="400" isBold="False" isItalic="False"/>
              <text>period</text>
              <textAlign>HaCenter</textAlign>
              <textVAlign>VaMiddle</textVAlign>
              <selectedIndex>-1</selectedIndex>
            </control>
            <control controlID="7FB81E8A-B418-4F90-9E42-4890B5BCA494" controlTypeID="CompositeComboBox" x="186" y="111" w="122" h="30" zOrder="8">
              <groupChildrenDescriptors>
                <control controlID="AA62EC59-5765-4F30-8C2C-435E4E32F4CB" controlTypeID="TextInput" x="0" y="0" w="99" h="30" zOrder="0">
                  <canMove>False</canMove>
                  <alias>input</alias>
                  <font family="Segoe+UI" displayName="Segoe+UI" postScript="" weightStyle="Regular" weight="400" isBold="False" isItalic="False"/>
                  <text>Item1</text>
                  <lineSpacing>0</lineSpacing>
                  <selectedIndex>-1</selectedIndex>
                </control>
                <control controlID="BAD27F28-49C1-4FFB-A140-FDC4FCD30A23" controlTypeID="Button" x="98" y="0" w="24" h="30" zOrder="1">
                  <canMove>False</canMove>
                  <alias>button</alias>
                  <font family="Segoe+UI" displayName="Segoe+UI" postScript="" weightStyle="Regular" weight="400" isBold="False" isItalic="False"/>
                  <lineSpacing>0</lineSpacing>
                  <selectedIndex>-1</selectedIndex>
                  <radius>0</radius>
                </control>
                <control controlID="260BAA37-1A41-4748-908A-A0025F72E12F" controlTypeID="List" x="0" y="30" w="122" h="252" zOrder="2">
                  <isShow>False</isShow>
                  <canMove>False</canMove>
                  <alias>dropDown</alias>
                  <font family="Segoe+UI" displayName="Segoe+UI" postScript="" weightStyle="Regular" weight="400" isBold="False" isItalic="False"/>
                  <text>Item1%0D%0AItem2%0D%0AItem3%0D%0AItem4</text>
                  <textSize>14</textSize>
                  <lineSpacing>0</lineSpacing>
                  <itemHeight>30</itemHeight>
                  <interlaceColor>4294967295</interlaceColor>
                </control>
              </groupChildrenDescriptors>
              <baseHeight>30</baseHeight>
              <font family="Segoe+UI"/>
              <textSize>14</textSize>
            </control>
            <control controlID="EA7F81D2-4F01-43BE-995A-FBE27C98C518" controlTypeID="Shape" x="14" y="149" w="114" h="25" zOrder="9">
              <borderVisible>False</borderVisible>
              <font family="Segoe+UI" displayName="Segoe+UI" postScript="" weightStyle="Regular" weight="400" isBold="False" isItalic="False"/>
              <text>cost+of+campaign</text>
              <textSize>14</textSize>
              <textAlign>HaLeft</textAlign>
              <selectedIndex>-1</selectedIndex>
            </control>
            <control controlID="5FFC4C79-A8DB-444D-A999-5498EEB81D53" controlTypeID="Shape" x="136" y="150" w="172" h="25" zOrder="10">
              <font family="Segoe+UI" displayName="Segoe+UI" postScript="" weightStyle="Regular" weight="400" isBold="False" isItalic="False"/>
              <textSize>14</textSize>
              <textAlign>HaLeft</textAlign>
              <selectedIndex>-1</selectedIndex>
            </control>
            <control controlID="B48D506D-9036-4BC2-9B2F-E3F0405943D3" controlTypeID="TextArea" x="9" y="211" w="337" h="38" zOrder="11">
              <borderVisible>True</borderVisible>
              <font family="Segoe+UI" displayName="Segoe+UI" postScript="" weightStyle="Regular" weight="400" isBold="False" isItalic="False"/>
              <text>campaign+summary</text>
              <textAlign>HaCenter</textAlign>
              <textVAlign>VaMiddle</textVAlign>
              <selectedIndex>-1</selectedIndex>
            </control>
            <control controlID="B95AD49E-E318-4E3A-BB0F-F4021D64DA94" controlTypeID="Button" x="118" y="254" w="120" h="29" zOrder="12">
              <links eventType="AtClick" animate="AmSlideUp" animateAutoDelay="0" animateDuration="500">
                <link targetPageID="A92FA5FF-178D-4AE2-88DC-7244E16190A7" linkType="ltPageLink" isApplyIncludePage="False" title="PayPal+Payment">
                  <area shape="0" alt="" ID="{85E0A67E-37F6-4798-9D19-4C3334E28D2F}" coords="(0,0,120,29)"/>
                </link>
              </links>
              <font family="Segoe+UI" displayName="Segoe+UI" postScript="" weightStyle="Regular" weight="400" isBold="False" isItalic="False"/>
              <text>launch</text>
              <lineSpacing>0</lineSpacing>
              <selectedIndex>-1</selectedIndex>
            </control>
            <control controlID="1C912F74-56D5-4D23-90FA-4C1386FAAC9B" controlTypeID="Shape" x="15" y="181" w="144" h="25" zOrder="13">
              <borderVisible>False</borderVisible>
              <font family="Segoe+UI" displayName="Segoe+UI" postScript="" weightStyle="Regular" weight="400" isBold="False" isItalic="False"/>
              <text>select+target+audience</text>
              <textSize>14</textSize>
              <textAlign>HaLeft</textAlign>
              <selectedIndex>-1</selectedIndex>
            </control>
            <control controlID="22AF45AE-713A-4494-9087-61194704E3EF" controlTypeID="CompositeComboBox" x="161" y="180" w="148" h="23" zOrder="14">
              <groupChildrenDescriptors>
                <control controlID="40D8EA8F-CB6A-405A-AFE5-E19B96370374" controlTypeID="TextInput" x="0" y="0" w="125" h="23" zOrder="0">
                  <canMove>False</canMove>
                  <alias>input</alias>
                  <font family="Segoe+UI" displayName="Segoe+UI" postScript="" weightStyle="Regular" weight="400" isBold="False" isItalic="False"/>
                  <text>Item1</text>
                  <lineSpacing>0</lineSpacing>
                  <selectedIndex>-1</selectedIndex>
                </control>
                <control controlID="8466A3B2-69FC-4BCE-8562-B333226E6F77" controlTypeID="Button" x="124" y="0" w="24" h="23" zOrder="1">
                  <canMove>False</canMove>
                  <alias>button</alias>
                  <font family="Segoe+UI" displayName="Segoe+UI" postScript="" weightStyle="Regular" weight="400" isBold="False" isItalic="False"/>
                  <lineSpacing>0</lineSpacing>
                  <selectedIndex>-1</selectedIndex>
                  <radius>0</radius>
                </control>
                <control controlID="894CDDB0-2359-4CE6-AE57-08A0029C322C" controlTypeID="List" x="0" y="23" w="148" h="252" zOrder="2">
                  <isShow>False</isShow>
                  <canMove>False</canMove>
                  <alias>dropDown</alias>
                  <font family="Segoe+UI" displayName="Segoe+UI" postScript="" weightStyle="Regular" weight="400" isBold="False" isItalic="False"/>
                  <text>Item1%0D%0AItem2%0D%0AItem3%0D%0AItem4</text>
                  <textSize>14</textSize>
                  <lineSpacing>0</lineSpacing>
                  <itemHeight>23</itemHeight>
                  <interlaceColor>4294967295</interlaceColor>
                </control>
              </groupChildrenDescriptors>
              <baseHeight>23</baseHeight>
              <font family="Segoe+UI"/>
              <textSize>14</textSize>
            </control>
          </groupChildrenDescriptors>
        </control>
        <control controlID="48755F3B-5FE4-4D53-8BE4-A07D0471FE23" controlTypeID="__group__" x="0" y="359" w="364" h="255" zOrder="3">
          <groupChildrenDescriptors>
            <control controlID="7B370CAA-0BF9-4ADC-A396-7C3777BCBFDB" controlTypeID="Shape" x="0" y="0" w="364" h="255" zOrder="0">
              <font family="Segoe+UI" displayName="Segoe+UI" postScript="" weightStyle="Regular" weight="400" isBold="False" isItalic="False"/>
              <textSize>14</textSize>
              <selectedIndex>-1</selectedIndex>
            </control>
            <control controlID="987897BB-6F59-400B-B943-30648CC6A1F9" controlTypeID="TextArea" x="75" y="2" w="240" h="32" zOrder="1">
              <font family="Segoe+UI" displayName="Segoe+UI" postScript="" weightStyle="Regular" weight="400" isBold="False" isItalic="False"/>
              <text>multiple+region+campaign</text>
              <textAlign>HaCenter</textAlign>
              <textVAlign>VaMiddle</textVAlign>
              <selectedIndex>-1</selectedIndex>
            </control>
            <control controlID="E6C33D04-2A42-4098-8B5F-F48EB833F4B9" controlTypeID="TextArea" x="13" y="36" w="84" h="20" zOrder="2">
              <font family="Segoe+UI" displayName="Segoe+UI" postScript="" weightStyle="Regular" weight="400" isBold="False" isItalic="False"/>
              <text>select+region</text>
              <selectedIndex>-1</selectedIndex>
            </control>
            <control controlID="03AD405B-4150-4F9F-B349-C3454FED7148" controlTypeID="CompositeComboBox" x="106" y="36" w="200" h="23" zOrder="3">
              <groupChildrenDescriptors>
                <control controlID="316C67D5-8381-4180-8C0A-93B391F675F5" controlTypeID="TextInput" x="0" y="0" w="177" h="23" zOrder="0">
                  <canMove>False</canMove>
                  <alias>input</alias>
                  <font family="Segoe+UI" displayName="Segoe+UI" postScript="" weightStyle="Regular" weight="400" isBold="False" isItalic="False"/>
                  <text>Item1</text>
                  <lineSpacing>0</lineSpacing>
                  <selectedIndex>-1</selectedIndex>
                </control>
                <control controlID="44767C39-C3F4-4CE8-9E64-DA60F7B74497" controlTypeID="Button" x="176" y="0" w="24" h="23" zOrder="1">
                  <canMove>False</canMove>
                  <alias>button</alias>
                  <font family="Segoe+UI" displayName="Segoe+UI" postScript="" weightStyle="Regular" weight="400" isBold="False" isItalic="False"/>
                  <lineSpacing>0</lineSpacing>
                  <selectedIndex>-1</selectedIndex>
                  <radius>0</radius>
                </control>
                <control controlID="92BA6D1A-AE83-4FF1-A9F4-B17C409EBE81" controlTypeID="List" x="0" y="23" w="200" h="252" zOrder="2">
                  <isShow>False</isShow>
                  <canMove>False</canMove>
                  <alias>dropDown</alias>
                  <font family="Segoe+UI" displayName="Segoe+UI" postScript="" weightStyle="Regular" weight="400" isBold="False" isItalic="False"/>
                  <text>Item1%0D%0AItem2%0D%0AItem3%0D%0AItem4</text>
                  <textSize>14</textSize>
                  <lineSpacing>0</lineSpacing>
                  <itemHeight>23</itemHeight>
                  <interlaceColor>4294967295</interlaceColor>
                </control>
              </groupChildrenDescriptors>
              <baseHeight>23</baseHeight>
              <font family="Segoe+UI"/>
              <textSize>14</textSize>
            </control>
            <control controlID="110859AB-81D0-4906-BFA9-6245D036C6F2" controlTypeID="Button" x="12" y="66" w="87" h="23" zOrder="4">
              <font family="Segoe+UI" displayName="Segoe+UI" postScript="" weightStyle="Regular" weight="400" isBold="False" isItalic="False"/>
              <text>upload</text>
              <lineSpacing>0</lineSpacing>
              <selectedIndex>-1</selectedIndex>
            </control>
            <control controlID="1FAE9231-8642-4655-B276-85A459F66128" controlTypeID="Shape" x="105" y="61" w="203" h="31" zOrder="5">
              <font family="Segoe+UI" displayName="Segoe+UI" postScript="" weightStyle="Regular" weight="400" isBold="False" isItalic="False"/>
              <text>display+upload+link</text>
              <textSize>14</textSize>
              <selectedIndex>-1</selectedIndex>
            </control>
            <control controlID="6DF680EB-2418-4879-8B8D-D57D20C6A1F4" controlTypeID="NumericStepper" x="107" y="97" w="75" h="25" zOrder="6">
              <font family="Segoe+UI" displayName="Segoe+UI" postScript="" weightStyle="Regular" weight="400" isBold="False" isItalic="False"/>
              <text>3</text>
              <textSize>14</textSize>
              <lineSpacing>0</lineSpacing>
              <selectedIndex>-1</selectedIndex>
            </control>
            <control controlID="AEF4437B-FEBE-4474-8710-06FB799B6465" controlTypeID="TextArea" x="13" y="98" w="89" h="22" zOrder="7">
              <font family="Segoe+UI" displayName="Segoe+UI" postScript="" weightStyle="Regular" weight="400" isBold="False" isItalic="False"/>
              <text>period</text>
              <textAlign>HaCenter</textAlign>
              <textVAlign>VaMiddle</textVAlign>
              <selectedIndex>-1</selectedIndex>
            </control>
            <control controlID="B3A30985-7C14-4962-8B11-E221BC61070E" controlTypeID="CompositeComboBox" x="186" y="97" w="122" h="26" zOrder="8">
              <groupChildrenDescriptors>
                <control controlID="C4334802-EE3A-429E-9B58-D23597C5EE78" controlTypeID="TextInput" x="0" y="0" w="99" h="26" zOrder="0">
                  <canMove>False</canMove>
                  <alias>input</alias>
                  <font family="Segoe+UI" displayName="Segoe+UI" postScript="" weightStyle="Regular" weight="400" isBold="False" isItalic="False"/>
                  <text>Item1</text>
                  <lineSpacing>0</lineSpacing>
                  <selectedIndex>-1</selectedIndex>
                </control>
                <control controlID="6218A6EC-04BB-44D8-97E1-ACD295466698" controlTypeID="Button" x="98" y="0" w="24" h="26" zOrder="1">
                  <canMove>False</canMove>
                  <alias>button</alias>
                  <font family="Segoe+UI" displayName="Segoe+UI" postScript="" weightStyle="Regular" weight="400" isBold="False" isItalic="False"/>
                  <lineSpacing>0</lineSpacing>
                  <selectedIndex>-1</selectedIndex>
                  <radius>0</radius>
                </control>
                <control controlID="33316501-4047-4B3C-BBE3-5A8382DB9C23" controlTypeID="List" x="0" y="26" w="122" h="252" zOrder="2">
                  <isShow>False</isShow>
                  <canMove>False</canMove>
                  <alias>dropDown</alias>
                  <font family="Segoe+UI" displayName="Segoe+UI" postScript="" weightStyle="Regular" weight="400" isBold="False" isItalic="False"/>
                  <text>Item1%0D%0AItem2%0D%0AItem3%0D%0AItem4</text>
                  <textSize>14</textSize>
                  <lineSpacing>0</lineSpacing>
                  <itemHeight>26</itemHeight>
                  <interlaceColor>4294967295</interlaceColor>
                </control>
              </groupChildrenDescriptors>
              <baseHeight>26</baseHeight>
              <font family="Segoe+UI"/>
              <textSize>14</textSize>
            </control>
            <control controlID="0FEDE0B9-3EBE-401B-A710-7CB4645B6934" controlTypeID="Shape" x="14" y="130" w="114" h="22" zOrder="9">
              <borderVisible>False</borderVisible>
              <font family="Segoe+UI" displayName="Segoe+UI" postScript="" weightStyle="Regular" weight="400" isBold="False" isItalic="False"/>
              <text>cost+of+campaign</text>
              <textSize>14</textSize>
              <textAlign>HaLeft</textAlign>
              <selectedIndex>-1</selectedIndex>
            </control>
            <control controlID="3B4E22AB-4344-4C14-9FAC-94C12A51140A" controlTypeID="Shape" x="136" y="131" w="172" h="22" zOrder="10">
              <font family="Segoe+UI" displayName="Segoe+UI" postScript="" weightStyle="Regular" weight="400" isBold="False" isItalic="False"/>
              <textSize>14</textSize>
              <textAlign>HaLeft</textAlign>
              <selectedIndex>-1</selectedIndex>
            </control>
            <control controlID="EF23D723-9F0E-47DD-A3DB-D031E57368CE" controlTypeID="TextArea" x="9" y="188" w="337" h="32" zOrder="11">
              <font family="Segoe+UI" displayName="Segoe+UI" postScript="" weightStyle="Regular" weight="400" isBold="False" isItalic="False"/>
              <text>campaign+summary</text>
              <textAlign>HaCenter</textAlign>
              <textVAlign>VaMiddle</textVAlign>
              <selectedIndex>-1</selectedIndex>
            </control>
            <control controlID="16625397-FE38-40E6-9756-516C3C4B4572" controlTypeID="Shape" x="15" y="157" w="141" h="22" zOrder="12">
              <borderVisible>False</borderVisible>
              <font family="Segoe+UI" displayName="Segoe+UI" postScript="" weightStyle="Regular" weight="400" isBold="False" isItalic="False"/>
              <text>select+target+audience</text>
              <textSize>14</textSize>
              <textAlign>HaLeft</textAlign>
              <selectedIndex>-1</selectedIndex>
            </control>
            <control controlID="8AA41413-0AC8-4E5A-A864-8F9E7F3D7576" controlTypeID="Button" x="118" y="224" w="109" h="28" zOrder="13">
              <links eventType="AtClick" animate="AmSlideUp" animateAutoDelay="0" animateDuration="500">
                <link targetPageID="A92FA5FF-178D-4AE2-88DC-7244E16190A7" linkType="ltPageLink" isApplyIncludePage="False" title="PayPal+Payment">
                  <area shape="0" alt="" ID="{C64BE7C9-B3E1-4432-8B38-36260349BED8}" coords="(0,0,109,28)"/>
                </link>
              </links>
              <font family="Segoe+UI" displayName="Segoe+UI" postScript="" weightStyle="Regular" weight="400" isBold="False" isItalic="False"/>
              <text>launch</text>
              <lineSpacing>0</lineSpacing>
              <selectedIndex>-1</selectedIndex>
            </control>
          </groupChildrenDescriptors>
        </control>
        <control controlID="4786AF70-CD08-40AD-8BDB-C09C89FB661E" controlTypeID="CompositeComboBox" x="160" y="517" w="148" h="25" zOrder="4">
          <groupChildrenDescriptors>
            <control controlID="61F3F596-B6E5-4974-A528-A0EA4DCE0093" controlTypeID="TextInput" x="0" y="0" w="125" h="25" zOrder="0">
              <canMove>False</canMove>
              <alias>input</alias>
              <font family="Segoe+UI" displayName="Segoe+UI" postScript="" weightStyle="Regular" weight="400" isBold="False" isItalic="False"/>
              <text>Item1</text>
              <lineSpacing>0</lineSpacing>
              <selectedIndex>-1</selectedIndex>
            </control>
            <control controlID="6F7F54B3-E08A-45C2-A9B0-D9B4CC55D7C0" controlTypeID="Button" x="124" y="0" w="24" h="25" zOrder="1">
              <canMove>False</canMove>
              <alias>button</alias>
              <font family="Segoe+UI" displayName="Segoe+UI" postScript="" weightStyle="Regular" weight="400" isBold="False" isItalic="False"/>
              <lineSpacing>0</lineSpacing>
              <selectedIndex>-1</selectedIndex>
              <radius>0</radius>
            </control>
            <control controlID="A1D2F6EC-B801-4302-83A4-A3D6E791FCAB" controlTypeID="List" x="0" y="25" w="148" h="252" zOrder="2">
              <isShow>False</isShow>
              <canMove>False</canMove>
              <alias>dropDown</alias>
              <font family="Segoe+UI" displayName="Segoe+UI" postScript="" weightStyle="Regular" weight="400" isBold="False" isItalic="False"/>
              <text>Item1%0D%0AItem2%0D%0AItem3%0D%0AItem4</text>
              <textSize>14</textSize>
              <lineSpacing>0</lineSpacing>
              <interlaceColor>4294967295</interlaceColor>
            </control>
          </groupChildrenDescriptors>
          <baseHeight>25</baseHeight>
          <font family="Segoe+UI"/>
          <textSize>14</textSize>
        </control>
      </groupChildrenDescriptors>
    </control>
  </controls>
  <param>
    <backgroundColor>4294967295</backgroundColor>
    <fontSize>0</fontSize>
    <fontFamily/>
    <guideLines/>
  </param>
</mockup>