﻿<mockup version="5.1" minAllowVersion="5.1" ID="8C9178B0-E91D-4A99-9E17-CA6F352678A7" platform="MtMobile" defaultW="360" defaultH="640" measureW="360" measureH="640" screenOrientation="MoPortrait" mobileScreenScale="1.77777779102325" clipArea="(0,0,0,0)">
  <controls controlCount="24">
    <control controlID="D92C5F01-1E8D-4EE4-9B4B-9BFDDAEBD419" controlTypeID="__group__" x="-2" y="-2" w="363" h="642" zOrder="0">
      <groupChildrenDescriptors>
        <control controlID="99AC2279-77A2-420C-9AD6-7E349AD586CB" controlTypeID="__group__" x="0" y="0" w="363" h="642" zOrder="0">
          <groupChildrenDescriptors>
            <control controlID="F170BA9F-3BCE-456F-ACDA-547EE94B65B2" controlTypeID="TitleWindow" x="0" y="0" w="363" h="642" zOrder="0">
              <font family="Segoe+UI" displayName="Segoe+UI" postScript="" weightStyle="Regular" weight="400" isBold="False" isItalic="False"/>
              <text>237First</text>
              <textSize>14</textSize>
              <textVAlign>VaTop</textVAlign>
              <lineSpacing>0</lineSpacing>
              <selectedIndex>-1</selectedIndex>
            </control>
            <control controlID="16019016-C6AF-49BC-A844-D5805170D3E4" controlTypeID="Top ActionBar" x="2" y="31" w="359" h="32" zOrder="1">
              <color>4292730333</color>
              <font family="Segoe+UI" displayName="Segoe+UI" postScript="" weightStyle="Regular" weight="400" isBold="False" isItalic="False"/>
              <text>Dashboard</text>
              <textSize>14</textSize>
              <lineSpacing>0</lineSpacing>
            </control>
            <control controlID="A526F4FC-D480-4A8D-97FD-41F0F786D768" controlTypeID="__group__" x="4" y="64" w="199" h="90" zOrder="2">
              <groupChildrenDescriptors>
                <control controlID="0E7F68A6-FC6D-48ED-9817-844E54E4F158" controlTypeID="TextArea" x="0" y="0" w="199" h="21" zOrder="0">
                  <font family="Segoe+UI" displayName="Segoe+UI" postScript="" weightStyle="Regular" weight="400" isBold="False" isItalic="False"/>
                  <text>Marketing</text>
                  <textAlign>HaCenter</textAlign>
                  <selectedIndex>-1</selectedIndex>
                </control>
                <control controlID="7E3C01BB-0C2B-410F-8136-31B04F4B5355" controlTypeID="ColumnChartEx" x="19" y="21" w="158" h="69" zOrder="1">
                  <font family="Segoe+UI" displayName="Segoe+UI" postScript="" weightStyle="Regular" weight="400" isBold="False" isItalic="False"/>
                  <text>40%2Corange%0D%0A70%2Ccyan%0D%0A100%2Cpink%0D%0A60%2C%23FFCE55</text>
                  <textSize>14</textSize>
                  <lineSpacing>0</lineSpacing>
                </control>
              </groupChildrenDescriptors>
            </control>
            <control controlID="544DE6C8-40B5-440B-A5BF-68BCE6D39D7D" controlTypeID="Table" x="9" y="188" w="350" h="113" zOrder="3">
              <font family="Segoe+UI" displayName="Segoe+UI" postScript="" weightStyle="Regular" weight="400" isBold="False" isItalic="False"/>
              <text>Table</text>
              <textSize>14</textSize>
              <textAlign>HaCenter</textAlign>
              <lineSpacing>0</lineSpacing>
              <thickness>1</thickness>
              <dashMode>SdSolid</dashMode>
              <tableStyle>tsNone</tableStyle>
              <editIndex>0</editIndex>
              <rows>
                <row height="30">
                  <editIndex>0</editIndex>
                  <isAutoRowHeight>True</isAutoRowHeight>
                </row>
                <row height="30">
                  <editIndex>0</editIndex>
                  <isAutoRowHeight>True</isAutoRowHeight>
                </row>
                <row height="53">
                  <editIndex>0</editIndex>
                  <isAutoRowHeight>False</isAutoRowHeight>
                </row>
              </rows>
              <cols>
                <col width="171">
                  <editIndex>0</editIndex>
                </col>
                <col width="179">
                  <editIndex>0</editIndex>
                </col>
              </cols>
              <cells>
                <cell rows="0,0" cols="0,0">
                  <fontFamily>Segoe+UI</fontFamily>
                  <editIndex>0</editIndex>
                  <text>region</text>
                  <textHeight>28</textHeight>
                  <font family="Segoe+UI" displayName="Segoe+UI" postScript="" weightStyle="Regular" weight="400" isBold="False" isItalic="False"/>
                </cell>
                <cell rows="0,0" cols="1,1">
                  <fontFamily>Segoe+UI</fontFamily>
                  <editIndex>0</editIndex>
                  <text>users</text>
                  <textHeight>28</textHeight>
                  <font family="Segoe+UI" displayName="Segoe+UI" postScript="" weightStyle="Regular" weight="400" isBold="False" isItalic="False"/>
                </cell>
                <cell rows="1,1" cols="0,0">
                  <fontFamily>Segoe+UI</fontFamily>
                  <editIndex>0</editIndex>
                  <textHeight>30</textHeight>
                  <font family="Segoe+UI" displayName="Segoe+UI" postScript="" weightStyle="Regular" weight="400" isBold="False" isItalic="False"/>
                </cell>
                <cell rows="1,1" cols="1,1">
                  <fontFamily>Segoe+UI</fontFamily>
                  <editIndex>0</editIndex>
                  <textHeight>30</textHeight>
                  <font family="Segoe+UI" displayName="Segoe+UI" postScript="" weightStyle="Regular" weight="400" isBold="False" isItalic="False"/>
                </cell>
                <cell rows="2,2" cols="0,0">
                  <fontFamily>Segoe+UI</fontFamily>
                  <editIndex>0</editIndex>
                  <textHeight>30</textHeight>
                  <font family="Segoe+UI" displayName="Segoe+UI" postScript="" weightStyle="Regular" weight="400" isBold="False" isItalic="False"/>
                </cell>
                <cell rows="2,2" cols="1,1">
                  <fontFamily>Segoe+UI</fontFamily>
                  <editIndex>0</editIndex>
                  <textHeight>30</textHeight>
                  <font family="Segoe+UI" displayName="Segoe+UI" postScript="" weightStyle="Regular" weight="400" isBold="False" isItalic="False"/>
                </cell>
              </cells>
            </control>
            <control controlID="F7DF382A-C58C-47A0-8141-AFEE7521F373" controlTypeID="TextArea" x="111" y="169" w="144" h="20" zOrder="4">
              <font family="Segoe+UI" displayName="Segoe+UI" postScript="" weightStyle="Regular" weight="400" isBold="False" isItalic="False"/>
              <text>Network</text>
              <textAlign>HaCenter</textAlign>
              <selectedIndex>-1</selectedIndex>
            </control>
            <control controlID="D9914088-8674-4F22-9811-5C69863E5940" controlTypeID="__group__" x="9" y="371" w="349" h="98" zOrder="5">
              <groupChildrenDescriptors>
                <control controlID="1E97923A-E653-4BA3-9909-73A494E193C5" controlTypeID="Table" x="0" y="24" w="349" h="74" zOrder="0">
                  <font family="Segoe+UI" displayName="Segoe+UI" postScript="" weightStyle="Regular" weight="400" isBold="False" isItalic="False"/>
                  <text>Table</text>
                  <textSize>14</textSize>
                  <textAlign>HaCenter</textAlign>
                  <lineSpacing>0</lineSpacing>
                  <thickness>1</thickness>
                  <dashMode>SdSolid</dashMode>
                  <tableStyle>tsNone</tableStyle>
                  <editIndex>0</editIndex>
                  <rows>
                    <row height="44">
                      <editIndex>0</editIndex>
                      <isAutoRowHeight>True</isAutoRowHeight>
                    </row>
                    <row height="30">
                      <editIndex>0</editIndex>
                      <isAutoRowHeight>True</isAutoRowHeight>
                    </row>
                  </rows>
                  <cols>
                    <col width="60">
                      <editIndex>0</editIndex>
                    </col>
                    <col width="73">
                      <editIndex>0</editIndex>
                    </col>
                    <col width="70">
                      <editIndex>0</editIndex>
                    </col>
                    <col width="70">
                      <editIndex>0</editIndex>
                    </col>
                    <col width="76">
                      <editIndex>0</editIndex>
                    </col>
                  </cols>
                  <cells>
                    <cell rows="0,0" cols="0,0">
                      <fontFamily>Segoe+UI</fontFamily>
                      <editIndex>0</editIndex>
                      <text>content</text>
                      <textHeight>44</textHeight>
                      <font family="Segoe+UI" displayName="Segoe+UI" postScript="" weightStyle="Regular" weight="400" isBold="False" isItalic="False"/>
                    </cell>
                    <cell rows="0,0" cols="1,1">
                      <fontFamily>Segoe+UI</fontFamily>
                      <editIndex>0</editIndex>
                      <text>shares</text>
                      <textHeight>28</textHeight>
                      <font family="Segoe+UI" displayName="Segoe+UI" postScript="" weightStyle="Regular" weight="400" isBold="False" isItalic="False"/>
                    </cell>
                    <cell rows="0,0" cols="2,2">
                      <fontFamily>Segoe+UI</fontFamily>
                      <editIndex>0</editIndex>
                      <text>likes</text>
                      <textHeight>28</textHeight>
                      <font family="Segoe+UI" displayName="Segoe+UI" postScript="" weightStyle="Regular" weight="400" isBold="False" isItalic="False"/>
                    </cell>
                    <cell rows="0,0" cols="3,3">
                      <fontFamily>Segoe+UI</fontFamily>
                      <editIndex>0</editIndex>
                      <text>dislikes</text>
                      <textHeight>44</textHeight>
                      <font family="Segoe+UI" displayName="Segoe+UI" postScript="" weightStyle="Regular" weight="400" isBold="False" isItalic="False"/>
                    </cell>
                    <cell rows="0,0" cols="4,4">
                      <fontFamily>Segoe+UI</fontFamily>
                      <editIndex>0</editIndex>
                      <text>downloads</text>
                      <textHeight>44</textHeight>
                      <font family="Segoe+UI" displayName="Segoe+UI" postScript="" weightStyle="Regular" weight="400" isBold="False" isItalic="False"/>
                    </cell>
                    <cell rows="1,1" cols="0,0">
                      <fontFamily>Segoe+UI</fontFamily>
                      <editIndex>0</editIndex>
                      <textHeight>30</textHeight>
                      <font family="Segoe+UI" displayName="Segoe+UI" postScript="" weightStyle="Regular" weight="400" isBold="False" isItalic="False"/>
                    </cell>
                    <cell rows="1,1" cols="1,1">
                      <fontFamily>Segoe+UI</fontFamily>
                      <editIndex>0</editIndex>
                      <textHeight>30</textHeight>
                      <font family="Segoe+UI" displayName="Segoe+UI" postScript="" weightStyle="Regular" weight="400" isBold="False" isItalic="False"/>
                    </cell>
                    <cell rows="1,1" cols="2,2">
                      <fontFamily>Segoe+UI</fontFamily>
                      <editIndex>0</editIndex>
                      <textHeight>30</textHeight>
                      <font family="Segoe+UI" displayName="Segoe+UI" postScript="" weightStyle="Regular" weight="400" isBold="False" isItalic="False"/>
                    </cell>
                    <cell rows="1,1" cols="3,3">
                      <fontFamily>Segoe+UI</fontFamily>
                      <editIndex>0</editIndex>
                      <textHeight>30</textHeight>
                      <font family="Segoe+UI" displayName="Segoe+UI" postScript="" weightStyle="Regular" weight="400" isBold="False" isItalic="False"/>
                    </cell>
                    <cell rows="1,1" cols="4,4">
                      <fontFamily>Segoe+UI</fontFamily>
                      <editIndex>0</editIndex>
                      <textHeight>30</textHeight>
                      <font family="Segoe+UI" displayName="Segoe+UI" postScript="" weightStyle="Regular" weight="400" isBold="False" isItalic="False"/>
                    </cell>
                  </cells>
                </control>
                <control controlID="D8180121-37A7-4944-AB82-EB1FAA49A76E" controlTypeID="TextArea" x="66" y="0" w="243" h="23" zOrder="1">
                  <font family="Segoe+UI" displayName="Segoe+UI" postScript="" weightStyle="Regular" weight="400" isBold="False" isItalic="False"/>
                  <text>shared+content</text>
                  <textAlign>HaCenter</textAlign>
                  <selectedIndex>-1</selectedIndex>
                </control>
              </groupChildrenDescriptors>
            </control>
            <control controlID="4E520B30-FD88-4AC2-B3CF-27AD9488C813" controlTypeID="Table" x="9" y="309" w="349" h="60" zOrder="6">
              <font family="Segoe+UI" displayName="Segoe+UI" postScript="" weightStyle="Regular" weight="400" isBold="False" isItalic="False"/>
              <text>Table</text>
              <textSize>14</textSize>
              <textAlign>HaCenter</textAlign>
              <lineSpacing>0</lineSpacing>
              <thickness>1</thickness>
              <dashMode>SdSolid</dashMode>
              <tableStyle>tsNone</tableStyle>
              <editIndex>0</editIndex>
              <rows>
                <row height="30">
                  <editIndex>0</editIndex>
                  <isAutoRowHeight>True</isAutoRowHeight>
                </row>
                <row height="30">
                  <editIndex>0</editIndex>
                  <isAutoRowHeight>True</isAutoRowHeight>
                </row>
              </rows>
              <cols>
                <col width="349">
                  <editIndex>0</editIndex>
                </col>
              </cols>
              <cells>
                <cell rows="0,0" cols="0,0">
                  <fontFamily>Segoe+UI</fontFamily>
                  <editIndex>0</editIndex>
                  <text>donations</text>
                  <textHeight>28</textHeight>
                  <font family="Segoe+UI" displayName="Segoe+UI" postScript="" weightStyle="Regular" weight="400" isBold="False" isItalic="False"/>
                </cell>
                <cell rows="1,1" cols="0,0">
                  <fontFamily>Segoe+UI</fontFamily>
                  <editIndex>0</editIndex>
                  <textHeight>30</textHeight>
                  <font family="Segoe+UI" displayName="Segoe+UI" postScript="" weightStyle="Regular" weight="400" isBold="False" isItalic="False"/>
                </cell>
              </cells>
            </control>
            <control controlID="CEDBDD9A-2874-4572-9769-E286C055CC12" controlTypeID="__group__" x="199" y="63" w="158" h="92" zOrder="7">
              <groupChildrenDescriptors>
                <control controlID="55CE36EA-C1DB-47BA-8774-46D0FAD1F13A" controlTypeID="TextArea" x="1" y="0" w="144" h="24" zOrder="0">
                  <font family="Segoe+UI" displayName="Segoe+UI" postScript="" weightStyle="Regular" weight="400" isBold="False" isItalic="False"/>
                  <text>Promotion</text>
                  <textAlign>HaCenter</textAlign>
                  <selectedIndex>-1</selectedIndex>
                </control>
                <control controlID="BEFEE5F8-335B-4FA5-AC02-2EE052C55F42" controlTypeID="ColumnChartEx" x="0" y="16" w="158" h="76" zOrder="1">
                  <font family="Segoe+UI" displayName="Segoe+UI" postScript="" weightStyle="Regular" weight="400" isBold="False" isItalic="False"/>
                  <text>40%2Corange%0D%0A70%2Ccyan%0D%0A100%2Cpink%0D%0A60%2C%23FFCE55</text>
                  <textSize>14</textSize>
                  <lineSpacing>0</lineSpacing>
                </control>
              </groupChildrenDescriptors>
            </control>
            <control controlID="D7C16828-3A39-4470-A965-6D7D90B5D693" controlTypeID="__group__" x="189" y="489" w="166" h="103" zOrder="8">
              <groupChildrenDescriptors>
                <control controlID="46C7F01A-536A-4470-950F-534EF0910D3F" controlTypeID="TextArea" x="19" y="0" w="133" h="20" zOrder="0">
                  <font family="Segoe+UI" displayName="Segoe+UI" postScript="" weightStyle="Regular" weight="400" isBold="False" isItalic="False"/>
                  <text>Investment</text>
                  <textAlign>HaCenter</textAlign>
                  <selectedIndex>-1</selectedIndex>
                </control>
                <control controlID="6D776A4A-2AAB-430B-B19F-E9AEEF817E02" controlTypeID="Table" x="0" y="20" w="166" h="83" zOrder="1">
                  <font family="Segoe+UI" displayName="Segoe+UI" postScript="" weightStyle="Regular" weight="400" isBold="False" isItalic="False"/>
                  <text>Table</text>
                  <textSize>14</textSize>
                  <textAlign>HaCenter</textAlign>
                  <lineSpacing>0</lineSpacing>
                  <thickness>1</thickness>
                  <dashMode>SdSolid</dashMode>
                  <tableStyle>tsNone</tableStyle>
                  <editIndex>0</editIndex>
                  <rows>
                    <row height="30">
                      <editIndex>0</editIndex>
                      <isAutoRowHeight>True</isAutoRowHeight>
                    </row>
                    <row height="30">
                      <editIndex>0</editIndex>
                      <isAutoRowHeight>True</isAutoRowHeight>
                    </row>
                    <row height="23">
                      <editIndex>0</editIndex>
                      <isAutoRowHeight>False</isAutoRowHeight>
                    </row>
                  </rows>
                  <cols>
                    <col width="83">
                      <editIndex>0</editIndex>
                    </col>
                    <col width="83">
                      <editIndex>0</editIndex>
                    </col>
                  </cols>
                  <cells>
                    <cell rows="0,0" cols="0,0">
                      <fontFamily>Segoe+UI</fontFamily>
                      <editIndex>0</editIndex>
                      <text>investor</text>
                      <textHeight>28</textHeight>
                      <font family="Segoe+UI" displayName="Segoe+UI" postScript="" weightStyle="Regular" weight="400" isBold="False" isItalic="False"/>
                    </cell>
                    <cell rows="0,0" cols="1,1">
                      <fontFamily>Segoe+UI</fontFamily>
                      <editIndex>0</editIndex>
                      <text>status</text>
                      <textHeight>28</textHeight>
                      <font family="Segoe+UI" displayName="Segoe+UI" postScript="" weightStyle="Regular" weight="400" isBold="False" isItalic="False"/>
                    </cell>
                    <cell rows="1,1" cols="0,0">
                      <fontFamily>Segoe+UI</fontFamily>
                      <editIndex>0</editIndex>
                      <textHeight>30</textHeight>
                      <font family="Segoe+UI" displayName="Segoe+UI" postScript="" weightStyle="Regular" weight="400" isBold="False" isItalic="False"/>
                    </cell>
                    <cell rows="1,1" cols="1,1">
                      <fontFamily>Segoe+UI</fontFamily>
                      <editIndex>0</editIndex>
                      <textHeight>30</textHeight>
                      <font family="Segoe+UI" displayName="Segoe+UI" postScript="" weightStyle="Regular" weight="400" isBold="False" isItalic="False"/>
                    </cell>
                    <cell rows="2,2" cols="0,0">
                      <fontFamily>Segoe+UI</fontFamily>
                      <editIndex>0</editIndex>
                      <textHeight>30</textHeight>
                      <font family="Segoe+UI" displayName="Segoe+UI" postScript="" weightStyle="Regular" weight="400" isBold="False" isItalic="False"/>
                    </cell>
                    <cell rows="2,2" cols="1,1">
                      <fontFamily>Segoe+UI</fontFamily>
                      <editIndex>0</editIndex>
                      <textHeight>30</textHeight>
                      <font family="Segoe+UI" displayName="Segoe+UI" postScript="" weightStyle="Regular" weight="400" isBold="False" isItalic="False"/>
                    </cell>
                  </cells>
                </control>
              </groupChildrenDescriptors>
            </control>
            <control controlID="A4FC6FA7-496D-4703-BC91-2EC24F125379" controlTypeID="__group__" x="7" y="487" w="180" h="103" zOrder="9">
              <groupChildrenDescriptors>
                <control controlID="1ADD89B5-67B5-40A1-B36B-CF3168F38A80" controlTypeID="TextArea" x="18" y="0" w="144" h="20" zOrder="0">
                  <font family="Segoe+UI" displayName="Segoe+UI" postScript="" weightStyle="Regular" weight="400" isBold="False" isItalic="False"/>
                  <text>statistics</text>
                  <textAlign>HaCenter</textAlign>
                  <selectedIndex>-1</selectedIndex>
                </control>
                <control controlID="425074F6-75D4-480F-9146-D03687941E32" controlTypeID="Table" x="0" y="23" w="180" h="80" zOrder="1">
                  <font family="Segoe+UI" displayName="Segoe+UI" postScript="" weightStyle="Regular" weight="400" isBold="False" isItalic="False"/>
                  <text>Table</text>
                  <textSize>14</textSize>
                  <textAlign>HaCenter</textAlign>
                  <lineSpacing>0</lineSpacing>
                  <thickness>1</thickness>
                  <dashMode>SdSolid</dashMode>
                  <tableStyle>tsNone</tableStyle>
                  <editIndex>0</editIndex>
                  <rows>
                    <row height="30">
                      <editIndex>0</editIndex>
                      <isAutoRowHeight>True</isAutoRowHeight>
                    </row>
                    <row height="30">
                      <editIndex>0</editIndex>
                      <isAutoRowHeight>True</isAutoRowHeight>
                    </row>
                    <row height="20">
                      <editIndex>0</editIndex>
                      <isAutoRowHeight>False</isAutoRowHeight>
                    </row>
                  </rows>
                  <cols>
                    <col width="90">
                      <editIndex>0</editIndex>
                    </col>
                    <col width="90">
                      <editIndex>0</editIndex>
                    </col>
                  </cols>
                  <cells>
                    <cell rows="0,0" cols="0,0">
                      <fontFamily>Segoe+UI</fontFamily>
                      <editIndex>0</editIndex>
                      <text>campaigns</text>
                      <textHeight>28</textHeight>
                      <font family="Segoe+UI" displayName="Segoe+UI" postScript="" weightStyle="Regular" weight="400" isBold="False" isItalic="False"/>
                    </cell>
                    <cell rows="0,0" cols="1,1">
                      <fontFamily>Segoe+UI</fontFamily>
                      <editIndex>0</editIndex>
                      <text>new+users</text>
                      <textHeight>28</textHeight>
                      <font family="Segoe+UI" displayName="Segoe+UI" postScript="" weightStyle="Regular" weight="400" isBold="False" isItalic="False"/>
                    </cell>
                    <cell rows="1,1" cols="0,0">
                      <fontFamily>Segoe+UI</fontFamily>
                      <editIndex>0</editIndex>
                      <textHeight>30</textHeight>
                      <font family="Segoe+UI" displayName="Segoe+UI" postScript="" weightStyle="Regular" weight="400" isBold="False" isItalic="False"/>
                    </cell>
                    <cell rows="1,1" cols="1,1">
                      <fontFamily>Segoe+UI</fontFamily>
                      <editIndex>0</editIndex>
                      <textHeight>30</textHeight>
                      <font family="Segoe+UI" displayName="Segoe+UI" postScript="" weightStyle="Regular" weight="400" isBold="False" isItalic="False"/>
                    </cell>
                    <cell rows="2,2" cols="0,0">
                      <fontFamily>Segoe+UI</fontFamily>
                      <editIndex>0</editIndex>
                      <textHeight>30</textHeight>
                      <font family="Segoe+UI" displayName="Segoe+UI" postScript="" weightStyle="Regular" weight="400" isBold="False" isItalic="False"/>
                    </cell>
                    <cell rows="2,2" cols="1,1">
                      <fontFamily>Segoe+UI</fontFamily>
                      <editIndex>0</editIndex>
                      <textHeight>30</textHeight>
                      <font family="Segoe+UI" displayName="Segoe+UI" postScript="" weightStyle="Regular" weight="400" isBold="False" isItalic="False"/>
                    </cell>
                  </cells>
                </control>
              </groupChildrenDescriptors>
            </control>
          </groupChildrenDescriptors>
        </control>
        <control controlID="E1F56793-BCF2-4105-B39A-A6A959563BED" controlTypeID="Icon" x="118" y="163" w="24" h="24" zOrder="1">
          <icon>
            <ID/>
            <iconFontName>jdIonicons</iconFontName>
            <iconCode>61732</iconCode>
          </icon>
          <URL>CFAC147583A1C602F91FE6F2C39DA488.svg</URL>
        </control>
        <control controlID="6F8D31D2-2E10-4FC6-A746-12EFBBF5A11A" controlTypeID="Icon" x="220" y="163" w="24" h="24" zOrder="2">
          <icon>
            <ID/>
            <iconFontName>jdIonicons</iconFontName>
            <iconCode>61733</iconCode>
          </icon>
          <URL>2D780716D3D89B2EFB0155599BA0A89F.svg</URL>
        </control>
      </groupChildrenDescriptors>
    </control>
  </controls>
  <param>
    <backgroundColor>4294967295</backgroundColor>
    <fontSize>0</fontSize>
    <fontFamily/>
    <guideLines/>
  </param>
</mockup>