﻿<mockup version="5.1" minAllowVersion="5.1" ID="A92FA5FF-178D-4AE2-88DC-7244E16190A7" platform="MtMobile" defaultW="360" defaultH="640" measureW="360" measureH="640" screenOrientation="MoPortrait" mobileScreenScale="1.77777779102325">
  <controls controlCount="1">
    <control controlID="60CA0CF1-DE17-48CE-8E61-19A694F0425F" controlTypeID="Shape" x="133" y="248" w="120" h="120" zOrder="0">
      <font family="Segoe+UI" displayName="Segoe+UI" postScript="" weightStyle="Regular" weight="400" isBold="False" isItalic="False"/>
      <text>PAYPAL+PAYMENT</text>
      <textSize>14</textSize>
      <selectedIndex>-1</selectedIndex>
    </control>
  </controls>
  <param>
    <backgroundColor>4294967295</backgroundColor>
    <fontSize>0</fontSize>
    <fontFamily/>
    <guideLines/>
  </param>
</mockup>