﻿<mockup version="5.1" minAllowVersion="5.1" ID="ABAB764A-F1DD-4AF7-B8D1-AC9DE244C844" platform="MtMobile" defaultW="360" defaultH="640" measureW="360" measureH="640" screenOrientation="MoPortrait" mobileScreenScale="1.77777779102325" clipArea="(0,0,0,0)">
  <controls controlCount="13">
    <control controlID="83FDDA2B-0C9C-4BBE-A2B3-83E183C11437" controlTypeID="__group__" x="-1" y="0" w="361" h="640" zOrder="0">
      <groupChildrenDescriptors>
        <control controlID="5B8223DA-A3C7-4D55-8F07-F76E93909EAE" controlTypeID="TitleWindow" x="0" y="0" w="361" h="640" zOrder="0">
          <font family="Segoe+UI" displayName="Segoe+UI" postScript="" weightStyle="Regular" weight="400" isBold="False" isItalic="False"/>
          <text>237First</text>
          <textSize>14</textSize>
          <textVAlign>VaTop</textVAlign>
          <lineSpacing>0</lineSpacing>
          <selectedIndex>-1</selectedIndex>
        </control>
        <control controlID="C174108F-A872-489D-B5A2-5D11A34E27F8" controlTypeID="Tab" x="2" y="61" w="357" h="553" zOrder="1">
          <links eventType="AtClick" animate="AmSlideRight" animateAutoDelay="0" animateDuration="500">
            <link targetPageID="7D82D108-6C3C-4B41-8F46-37468D75CF35" linkType="ltPageLink" isApplyIncludePage="False" title="News+Feed">
              <area shape="0" alt="" ID="{1013CAA4-03FA-4CC6-9B36-EEF5FC1E1F18}" coords="(0,0,100,18)"/>
            </link>
            <link targetPageID="4B8D6AE2-1812-48CE-B9CF-E0AE995490FA" linkType="ltPageLink" isApplyIncludePage="False" title="Timeline">
              <area shape="0" alt="" ID="{D6B6E19A-8754-41E1-BC34-981A03672072}" coords="(99,0,167,18)"/>
            </link>
            <link targetPageID="ABAB764A-F1DD-4AF7-B8D1-AC9DE244C844" linkType="ltPageLink" isApplyIncludePage="False" title="+Blog">
              <area shape="0" alt="" ID="{4EFE4EC2-4376-47BC-BE82-E943A16D0B4F}" coords="(166,0,213,18)"/>
            </link>
          </links>
          <font family="Segoe+UI" displayName="Segoe+UI" postScript="" weightStyle="Regular" weight="400" isBold="False" isItalic="False"/>
          <text>Browse+Music%2CTimeline%2C+Blog</text>
          <textSize>14</textSize>
          <lineSpacing>0</lineSpacing>
        </control>
        <control controlID="E161223C-52B2-4A5A-A377-4B39C9264AC6" controlTypeID="Shape" x="2" y="31" w="357" h="30" zOrder="2">
          <font family="Segoe+UI" displayName="Segoe+UI" postScript="" weightStyle="Regular" weight="400" isBold="False" isItalic="False"/>
          <text>++++++++NEWS+FEED</text>
          <textSize>14</textSize>
          <textAlign>HaLeft</textAlign>
          <selectedIndex>-1</selectedIndex>
        </control>
        <control controlID="466F5D17-F01D-4C36-A05F-971617ED69AA" controlTypeID="Search" x="234" y="88" w="117" h="29" zOrder="3">
          <links eventType="AtClick" animate="AmSlideRight" animateAutoDelay="0" animateDuration="500">
            <link targetPageID="4B619D6A-FDC5-40C1-8DC3-3BB202EB5EB4" linkType="ltPageLink" isApplyIncludePage="False" title="Browse+List">
              <area shape="0" alt="" ID="{2FB06866-9049-48AD-8AEC-FA518DE2A167}" coords="(0,0,117,29)"/>
            </link>
          </links>
          <font family="Segoe+UI" displayName="Segoe+UI" postScript="" weightStyle="Regular" weight="400" isBold="False" isItalic="False"/>
          <text>search</text>
          <textSize>14</textSize>
          <textVAlign>VaTop</textVAlign>
          <lineSpacing>0</lineSpacing>
          <selectedIndex>-1</selectedIndex>
        </control>
        <control controlID="55CF167F-085D-4DD3-9100-3F3E17D31F61" controlTypeID="TextArea" x="134" y="146" w="96" h="20" zOrder="4">
          <font family="Segoe+UI" displayName="Segoe+UI" postScript="" weightStyle="Regular" weight="400" isBold="False" isItalic="False"/>
          <text>Title</text>
          <textAlign>HaCenter</textAlign>
          <selectedIndex>-1</selectedIndex>
        </control>
        <control controlID="C65409F4-5E41-4007-9CC5-FABF9BA66EDE" controlTypeID="TextArea" x="33" y="163" w="240" h="21" zOrder="5">
          <font family="Segoe+UI" displayName="Segoe+UI" postScript="" weightStyle="Regular" weight="400" isBold="False" isItalic="False"/>
          <text>Topic%3A</text>
          <selectedIndex>-1</selectedIndex>
        </control>
        <control controlID="36FDB53D-8B52-4052-8252-40A67A14CAF2" controlTypeID="Circle" x="32" y="187" w="74" h="67" zOrder="6">
          <font family="Segoe+UI" displayName="Segoe+UI" postScript="" weightStyle="Regular" weight="400" isBold="False" isItalic="False"/>
          <textSize>14</textSize>
          <selectedIndex>-1</selectedIndex>
          <shapeBorderType>SbEllipse</shapeBorderType>
        </control>
        <control controlID="14367886-1A78-48A4-8801-F0CA9CA3C2FF" controlTypeID="TextArea" x="111" y="192" w="64" h="56" zOrder="7">
          <font family="Segoe+UI" displayName="Segoe+UI" postScript="" weightStyle="Regular" weight="400" isBold="False" isItalic="False"/>
          <text>Presenter+%0D%0ASource%0D%0Adate</text>
          <selectedIndex>-1</selectedIndex>
        </control>
        <control controlID="F7425CCA-2A46-4372-AB15-FD57220AE4AF" controlTypeID="Shape" x="34" y="272" w="282" h="320" zOrder="8">
          <font family="Segoe+UI" displayName="Segoe+UI" postScript="" weightStyle="Regular" weight="400" isBold="False" isItalic="False"/>
          <text>content</text>
          <textSize>14</textSize>
          <selectedIndex>-1</selectedIndex>
        </control>
        <control controlID="41467824-DCDC-4AA9-A418-68D748D1AF54" controlTypeID="Icon" x="320" y="422" w="24" h="24" zOrder="9">
          <icon>
            <ID/>
            <iconFontName>jdIonicons</iconFontName>
            <iconCode>61733</iconCode>
          </icon>
          <URL>2D780716D3D89B2EFB0155599BA0A89F.svg</URL>
        </control>
        <control controlID="35558213-B080-437A-930D-6A787E00059B" controlTypeID="Icon" x="5" y="419" w="24" h="24" zOrder="10">
          <icon>
            <ID/>
            <iconFontName>jdIonicons</iconFontName>
            <iconCode>61732</iconCode>
          </icon>
          <URL>CFAC147583A1C602F91FE6F2C39DA488.svg</URL>
        </control>
      </groupChildrenDescriptors>
    </control>
    <control controlID="A192E00A-2803-4097-ABE4-3C4E0F38C3F8" controlTypeID="Icon" x="7" y="35" w="24" h="24" zOrder="1">
      <icon>
        <ID/>
        <iconFontName>jdIonicons</iconFontName>
        <iconCode>61744</iconCode>
      </icon>
      <URL>EE04925DDE4EB9BF58D807978ECA60CB.svg</URL>
    </control>
  </controls>
  <param>
    <backgroundColor>4294967295</backgroundColor>
    <fontSize>0</fontSize>
    <fontFamily/>
    <guideLines/>
  </param>
</mockup>