﻿<mockup version="5.1" minAllowVersion="5.1" ID="ADFD2C6A-BFD2-4BD0-B37F-C69A258AB47C" platform="MtMobile" defaultW="360" defaultH="640" measureW="360" measureH="640" screenOrientation="MoPortrait" mobileScreenScale="1.77777779102325">
  <controls controlCount="5">
    <control controlID="9D54CF0C-9728-4581-B778-4547661738AA" controlTypeID="__group__" x="72" y="185" w="221" h="209" zOrder="0">
      <groupChildrenDescriptors>
        <control controlID="69AA36EF-EB1B-443E-B002-EAF014BDA885" controlTypeID="Shape" x="0" y="0" w="221" h="209" zOrder="0">
          <font family="Segoe+UI" displayName="Segoe+UI" postScript="" weightStyle="Regular" weight="400" isBold="False" isItalic="False"/>
          <textSize>14</textSize>
          <selectedIndex>-1</selectedIndex>
        </control>
        <control controlID="CBB5F4FF-CD2F-4D51-A3CB-8DA744C45A1F" controlTypeID="TextArea" x="0" y="0" w="221" h="38" zOrder="1">
          <font family="Segoe+UI" displayName="Segoe+UI" postScript="" weightStyle="Regular" weight="400" isBold="False" isItalic="False"/>
          <text>Delete+your+account</text>
          <textColor>4282501083</textColor>
          <textAlign>HaCenter</textAlign>
          <textVAlign>VaMiddle</textVAlign>
          <selectedIndex>-1</selectedIndex>
        </control>
        <control controlID="D19F4200-BFDD-41B9-9A28-90DD7B5CBFC0" controlTypeID="Button" x="52" y="145" w="109" h="54" zOrder="2">
          <font family="Segoe+UI" displayName="Segoe+UI" postScript="" weightStyle="Regular" weight="400" isBold="False" isItalic="False"/>
          <text>Proceed</text>
          <lineSpacing>0</lineSpacing>
          <selectedIndex>-1</selectedIndex>
        </control>
        <control controlID="FD4FA4A5-67D3-4958-9DE8-A08E3E4096CE" controlTypeID="Shape" x="17" y="38" w="188" h="97" zOrder="3">
          <borderVisible>False</borderVisible>
          <font family="Segoe+UI" displayName="Segoe+UI" postScript="" weightStyle="Regular" weight="400" isBold="False" isItalic="False"/>
          <text>You+will+loose+all+the+information+you+have+in+your+account.+Are+you+sure+you+want+to+proceed+%3F</text>
          <textSize>14</textSize>
          <selectedIndex>-1</selectedIndex>
        </control>
      </groupChildrenDescriptors>
    </control>
  </controls>
  <param>
    <backgroundColor>4294967295</backgroundColor>
    <fontSize>0</fontSize>
    <fontFamily/>
    <guideLines/>
  </param>
</mockup>