﻿<mockup version="5.1" minAllowVersion="5.1" ID="AF3B573E-9649-458B-B112-E600287D2A89" platform="MtMobile" defaultW="360" defaultH="640" measureW="360" measureH="640" screenOrientation="MoPortrait" mobileScreenScale="1.77777779102325">
  <controls controlCount="6">
    <control controlID="8167783E-1502-40A9-991D-730D573B343D" controlTypeID="__group__" x="65" y="191" w="254" h="194" zOrder="0">
      <groupChildrenDescriptors>
        <control controlID="8C4193B4-E1A8-475A-B636-BD578B826494" controlTypeID="Shape" x="0" y="0" w="254" h="194" zOrder="0">
          <font family="Segoe+UI" displayName="Segoe+UI" postScript="" weightStyle="Regular" weight="400" isBold="False" isItalic="False"/>
          <textSize>14</textSize>
          <selectedIndex>-1</selectedIndex>
        </control>
        <control controlID="CE79B5FE-D4A1-45CD-AAA2-CF38B65A23E5" controlTypeID="LabelTextInput" x="34" y="59" w="186" h="29" zOrder="1">
          <font family="Segoe+UI" displayName="Segoe+UI" postScript="" weightStyle="Regular" weight="400" isBold="False" isItalic="False"/>
          <text>Old+password%2C+Matt</text>
          <textSize>14</textSize>
          <lineSpacing>0</lineSpacing>
          <selectedIndex>-1</selectedIndex>
        </control>
        <control controlID="06641D5C-8DD4-45B0-87B6-BD6D59628A41" controlTypeID="LabelTextInput" x="35" y="101" w="186" h="29" zOrder="2">
          <font family="Segoe+UI" displayName="Segoe+UI" postScript="" weightStyle="Regular" weight="400" isBold="False" isItalic="False"/>
          <text>New+password%2C+Matt</text>
          <textSize>14</textSize>
          <lineSpacing>0</lineSpacing>
          <selectedIndex>-1</selectedIndex>
        </control>
        <control controlID="B56B9319-0C54-4AE3-B2FF-225D9CA02A01" controlTypeID="Button" x="82" y="144" w="99" h="33" zOrder="3">
          <font family="Segoe+UI" displayName="Segoe+UI" postScript="" weightStyle="Regular" weight="400" isBold="False" isItalic="False"/>
          <text>reset</text>
          <lineSpacing>0</lineSpacing>
          <selectedIndex>-1</selectedIndex>
        </control>
        <control controlID="3FAFED69-7C57-4A30-9BFA-6C193736E770" controlTypeID="TextArea" x="0" y="0" w="253" h="44" zOrder="4">
          <font family="Segoe+UI" displayName="Segoe+UI" postScript="" weightStyle="Regular" weight="400" isBold="False" isItalic="False"/>
          <text>reset+password</text>
          <textAlign>HaCenter</textAlign>
          <textVAlign>VaMiddle</textVAlign>
          <selectedIndex>-1</selectedIndex>
        </control>
      </groupChildrenDescriptors>
    </control>
  </controls>
  <param>
    <backgroundColor>4294967295</backgroundColor>
    <fontSize>0</fontSize>
    <fontFamily/>
    <guideLines/>
  </param>
</mockup>