﻿<mockup version="5.1" minAllowVersion="5.1" ID="B0C01994-97E2-4005-B919-C9DD5AFE1D46" platform="MtMobile" defaultW="360" defaultH="640" measureW="360" measureH="640" screenOrientation="MoPortrait" mobileScreenScale="1.77777779102325" clipArea="(0,0,0,0)">
  <controls controlCount="8">
    <control controlID="72B407E5-52A8-4CC8-8C34-64BD7FE34192" controlTypeID="__group__" x="69" y="199" w="205" h="177" zOrder="0">
      <groupChildrenDescriptors>
        <control controlID="BC5245DC-3619-43D1-A484-561B6638FC87" controlTypeID="Shape" x="0" y="0" w="205" h="177" zOrder="0">
          <font family="Segoe+UI" displayName="Segoe+UI" postScript="" weightStyle="Regular" weight="400" isBold="False" isItalic="False"/>
          <textSize>14</textSize>
          <selectedIndex>-1</selectedIndex>
        </control>
        <control controlID="AB38AF29-274D-4454-8D42-FA1F1EF67AD1" controlTypeID="TextArea" x="1" y="0" w="204" h="44" zOrder="1">
          <font family="Segoe+UI" displayName="Segoe+UI" postScript="" weightStyle="Regular" weight="400" isBold="False" isItalic="False"/>
          <text>rate+us</text>
          <textAlign>HaCenter</textAlign>
          <textVAlign>VaMiddle</textVAlign>
          <selectedIndex>-1</selectedIndex>
        </control>
        <control controlID="24F82834-2BDD-402F-B72C-662E5B53BD6A" controlTypeID="Icon" x="45" y="87" w="24" h="24" zOrder="2">
          <icon>
            <ID/>
            <iconFontName>jdIonicons</iconFontName>
            <iconCode>62204</iconCode>
          </icon>
          <URL>7368E932054EB35095B123FCB5C28A31.svg</URL>
        </control>
        <control controlID="C8E1D36A-A52B-4E15-8B77-AA5DB819D62F" controlTypeID="Icon" x="69" y="87" w="24" h="24" zOrder="3">
          <icon>
            <ID/>
            <iconFontName>jdIonicons</iconFontName>
            <iconCode>62204</iconCode>
          </icon>
          <URL>7368E932054EB35095B123FCB5C28A31.svg</URL>
        </control>
        <control controlID="A2022790-AB7C-40BC-8EBF-3EF4D883C517" controlTypeID="Icon" x="134" y="87" w="24" h="24" zOrder="4">
          <icon>
            <ID/>
            <iconFontName>jdIonicons</iconFontName>
            <iconCode>62204</iconCode>
          </icon>
          <URL>7368E932054EB35095B123FCB5C28A31.svg</URL>
        </control>
        <control controlID="255D7BFB-8D80-4ECA-8098-CC0BBAE55542" controlTypeID="Icon" x="90" y="87" w="24" h="24" zOrder="5">
          <icon>
            <ID/>
            <iconFontName>jdIonicons</iconFontName>
            <iconCode>62204</iconCode>
          </icon>
          <URL>7368E932054EB35095B123FCB5C28A31.svg</URL>
        </control>
        <control controlID="B23C14FB-962F-4618-BB62-B3173AD157AF" controlTypeID="Icon" x="112" y="87" w="24" h="24" zOrder="6">
          <icon>
            <ID/>
            <iconFontName>jdIonicons</iconFontName>
            <iconCode>62204</iconCode>
          </icon>
          <URL>7368E932054EB35095B123FCB5C28A31.svg</URL>
        </control>
      </groupChildrenDescriptors>
    </control>
  </controls>
  <param>
    <backgroundColor>4294967295</backgroundColor>
    <fontSize>0</fontSize>
    <fontFamily/>
    <guideLines/>
  </param>
</mockup>