﻿<mockup version="5.1" minAllowVersion="5.1" ID="B293EB83-DE46-4ECB-AD9C-8B0E61D4DA86" platform="MtMobile" defaultW="360" defaultH="640" measureW="360" measureH="640" screenOrientation="MoPortrait" mobileScreenScale="1.77777779102325" clipArea="(0,0,0,0)">
  <controls controlCount="5">
    <control controlID="9B96B195-F940-4D04-97A7-6B8AEA194822" controlTypeID="__group__" x="0" y="0" w="361" h="642" zOrder="0">
      <groupChildrenDescriptors>
        <control controlID="C92762DE-5674-48D1-8D6E-2024E65592C9" controlTypeID="TitleWindow" x="0" y="0" w="361" h="642" zOrder="0">
          <font family="Segoe+UI" displayName="Segoe+UI" postScript="" weightStyle="Regular" weight="400" isBold="False" isItalic="False"/>
          <text>237First</text>
          <textSize>14</textSize>
          <textVAlign>VaTop</textVAlign>
          <lineSpacing>0</lineSpacing>
          <selectedIndex>-1</selectedIndex>
        </control>
        <control controlID="63712640-B0F6-4156-A6BF-CC2FB29EE836" controlTypeID="Top ActionBar" x="2" y="31" w="357" h="32" zOrder="1">
          <color>4292730333</color>
          <font family="Segoe+UI" displayName="Segoe+UI" postScript="" weightStyle="Regular" weight="400" isBold="False" isItalic="False"/>
          <text>Storage+settings</text>
          <textSize>14</textSize>
          <lineSpacing>0</lineSpacing>
        </control>
        <control controlID="56E46403-3FC3-451A-BC6D-BA09E62A1D6F" controlTypeID="List" x="2" y="63" w="358" h="252" zOrder="2">
          <font family="Segoe+UI" displayName="Segoe+UI" postScript="" weightStyle="Regular" weight="400" isBold="False" isItalic="False"/>
          <text>clear+cache%0D%0Aclear+search+history%0D%0Aavailable+space</text>
          <textSize>14</textSize>
          <lineSpacing>0</lineSpacing>
          <itemHeight>48</itemHeight>
        </control>
        <control controlID="7DE40E0E-77E2-40DE-AC13-CE8E6D5D22FB" controlTypeID="TextArea" x="250" y="177" w="97" h="18" zOrder="3">
          <font family="Segoe+UI" displayName="Segoe+UI" postScript="" weightStyle="Regular" weight="400" isBold="False" isItalic="False"/>
          <text>400MB+%2F+2+GB</text>
        </control>
      </groupChildrenDescriptors>
    </control>
  </controls>
  <param>
    <backgroundColor>4294967295</backgroundColor>
    <fontSize>0</fontSize>
    <fontFamily/>
    <guideLines/>
  </param>
</mockup>