﻿<mockup version="5.1" minAllowVersion="5.1" ID="B3223A31-70F0-4E7D-B578-FD248C50D114" platform="MtMobile" defaultW="360" defaultH="640" measureW="360" measureH="640" screenOrientation="MoPortrait" mobileScreenScale="1.77777779102325" clipArea="(0,0,0,0)">
  <controls controlCount="14">
    <control controlID="07EF8603-2B9A-4897-8144-7B63B41EAB76" controlTypeID="__group__" x="-2" y="0" w="362" h="645" zOrder="0">
      <groupChildrenDescriptors>
        <control controlID="95CFD0B8-40EF-4662-BEED-45A082B18F59" controlTypeID="TitleWindow" x="1" y="0" w="361" h="640" zOrder="0">
          <borderVisible>False</borderVisible>
          <font family="Segoe+UI" displayName="Segoe+UI" postScript="" weightStyle="Regular" weight="400" isBold="False" isItalic="False"/>
          <text>237First</text>
          <textSize>14</textSize>
          <textVAlign>VaTop</textVAlign>
          <lineSpacing>0</lineSpacing>
          <selectedIndex>-1</selectedIndex>
        </control>
        <control controlID="D29A1C68-FB2E-4AD3-B3EE-19B6C709A3E4" controlTypeID="__group__" x="1" y="61" w="361" h="93" zOrder="1">
          <groupChildrenDescriptors>
            <control controlID="48B37988-00A0-49F0-A364-CC778E37FF49" controlTypeID="Shape" x="0" y="0" w="361" h="93" zOrder="0">
              <font family="Segoe+UI" displayName="Segoe+UI" postScript="" weightStyle="Regular" weight="400" isBold="False" isItalic="False"/>
              <textSize>14</textSize>
              <selectedIndex>-1</selectedIndex>
            </control>
            <control controlID="404E5766-14FA-43F2-8773-92E21BE174B9" controlTypeID="Circle" x="7" y="14" w="82" h="70" zOrder="1">
              <font family="Segoe+UI" displayName="Segoe+UI" postScript="" weightStyle="Regular" weight="400" isBold="False" isItalic="False"/>
              <textSize>14</textSize>
              <selectedIndex>-1</selectedIndex>
              <shapeBorderType>SbEllipse</shapeBorderType>
            </control>
            <control controlID="FD7400BB-9DDC-44A5-9A3E-E0C53BDF651F" controlTypeID="TextArea" x="91" y="30" w="85" h="40" zOrder="2">
              <font family="Segoe+UI" displayName="Segoe+UI" postScript="" weightStyle="Regular" weight="400" isBold="False" isItalic="False"/>
              <text>username%0D%0Aaccount+type</text>
              <selectedIndex>-1</selectedIndex>
            </control>
            <control controlID="4B3DF99F-583C-45E5-B3FF-19BE833E3A90" controlTypeID="Button" x="255" y="11" w="99" h="20" zOrder="3">
              <font family="Segoe+UI" displayName="Segoe+UI" postScript="" weightStyle="Regular" weight="400" isBold="False" isItalic="False"/>
              <text>donate</text>
              <lineSpacing>0</lineSpacing>
              <selectedIndex>-1</selectedIndex>
            </control>
            <control controlID="4554D440-219F-4EFB-8A25-9866AAC6AF2E" controlTypeID="SwitchIOS" x="293" y="36" w="59" h="22" zOrder="4"/>
            <control controlID="B29CBBE9-9EA2-4378-AE9B-1FB50936E082" controlTypeID="Icon" x="332" y="66" w="18" h="18" zOrder="5">
              <links eventType="AtClick" animate="AmSlideRight" animateAutoDelay="0" animateDuration="500">
                <link targetPageID="86913C8E-8E0B-4AC8-B4E5-7F882B7495EE" linkType="ltPageLink" isApplyIncludePage="False" title="my+page+settings">
                  <area shape="0" alt="" ID="{0265DB52-B78B-49AB-9562-E45E29B1A992}" coords="(0,0,18,18)"/>
                </link>
              </links>
              <icon>
                <ID/>
                <iconFontName>jdIonicons</iconFontName>
                <iconCode>62359</iconCode>
              </icon>
              <URL>92A37C37F1C55861F795B008D0D7225E.svg</URL>
            </control>
          </groupChildrenDescriptors>
        </control>
        <control controlID="6C592988-FB3F-4114-BF5D-4F554DA2F0CE" controlTypeID="Tabs" x="1" y="153" w="361" h="40" zOrder="2">
          <links eventType="AtClick" animate="AmSlideRight" animateAutoDelay="0" animateDuration="500">
            <link targetPageID="B421D244-1F5E-46CC-B11B-CDAED1A66D80" linkType="ltPageLink" isApplyIncludePage="False" title="My+playlist">
              <area shape="0" alt="" ID="{3293DAA2-DBD6-41CC-B574-D62A6B2BA95F}" coords="(0,0,89.25,40)"/>
            </link>
            <link targetPageID="0BD5AFB8-8819-4F07-A08F-43A30A4BA1CB" linkType="ltPageLink" isApplyIncludePage="False" title="my+library">
              <area shape="0" alt="" ID="{EFA3BFD6-B188-43D2-845E-10A33DCF934F}" coords="(90.25,0,179.5,40)"/>
            </link>
            <link targetPageID="B3223A31-70F0-4E7D-B578-FD248C50D114" linkType="ltPageLink" isApplyIncludePage="False" title="+network">
              <area shape="0" alt="" ID="{B62B8291-7076-4BFB-B9AF-47713FAB0711}" coords="(180.5,0,269.75,40)"/>
            </link>
            <link targetPageID="6EB601A7-083B-461C-813A-BDB239B468CC" linkType="ltPageLink" isApplyIncludePage="False" title="statistics">
              <area shape="0" alt="" ID="{A3B198FA-58AF-47C8-A0A9-D3F8691CD439}" coords="(270.75,0,360,40)"/>
            </link>
          </links>
          <font family="Segoe+UI" displayName="Segoe+UI" postScript="" weightStyle="Regular" weight="400" isBold="False" isItalic="False"/>
          <text>My+playlist%2Cmy+library%2C+network%2Cstatistics</text>
          <textSize>14</textSize>
          <lineSpacing>0</lineSpacing>
        </control>
        <control controlID="A3EBBD4F-696F-47F0-A93B-DDEAA30B041B" controlTypeID="Top ActionBar" x="1" y="30" w="361" h="32" zOrder="3">
          <color>4292730333</color>
          <font family="Segoe+UI" displayName="Segoe+UI" postScript="" weightStyle="Regular" weight="400" isBold="False" isItalic="False"/>
          <text>My+page</text>
          <textSize>14</textSize>
          <lineSpacing>0</lineSpacing>
        </control>
        <control controlID="DB85702F-7C34-410B-874B-A71F39AB2097" controlTypeID="Table" x="0" y="192" w="362" h="453" zOrder="4">
          <links eventType="AtClick" animate="AmSlideUp" animateAutoDelay="0" animateDuration="500">
            <link targetPageID="CF04A20C-5B9D-4815-BBD3-4AC951038AAE" linkType="ltPageLink" isApplyIncludePage="False" title="List+of+users">
              <area shape="0" alt="" ID="{A15F7494-327A-4D4A-8278-4578C3E0D3C0}" coords="(0,0,362,30)"/>
            </link>
            <link targetPageID="CF04A20C-5B9D-4815-BBD3-4AC951038AAE" linkType="ltPageLink" isApplyIncludePage="False" title="List+of+users">
              <area shape="0" alt="" ID="{D531F43A-247B-4144-865D-350DD84BA648}" coords="(0,30,362,60)"/>
            </link>
            <link targetPageID="CF04A20C-5B9D-4815-BBD3-4AC951038AAE" linkType="ltPageLink" isApplyIncludePage="False" title="List+of+users">
              <area shape="0" alt="" ID="{2649E8D6-97C5-4F4E-87D3-163098BA4256}" coords="(0,60,362,90)"/>
            </link>
            <link targetPageID="" linkType="ltPageLink" isApplyIncludePage="False" title="Link">
              <area shape="0" alt="" ID="{AFE65459-88A2-4D4E-B439-F2F5DFBB859A}" coords="(0,90,362,453)"/>
            </link>
          </links>
          <font family="Segoe+UI" displayName="Segoe+UI" postScript="" weightStyle="Regular" weight="400" isBold="False" isItalic="False"/>
          <text>Table</text>
          <textSize>14</textSize>
          <textAlign>HaCenter</textAlign>
          <lineSpacing>0</lineSpacing>
          <thickness>1</thickness>
          <dashMode>SdSolid</dashMode>
          <tableStyle>tsNone</tableStyle>
          <editIndex>0</editIndex>
          <rows>
            <row height="30">
              <editIndex>0</editIndex>
              <isAutoRowHeight>True</isAutoRowHeight>
            </row>
            <row height="30">
              <editIndex>0</editIndex>
              <isAutoRowHeight>True</isAutoRowHeight>
            </row>
            <row height="30">
              <editIndex>0</editIndex>
              <isAutoRowHeight>True</isAutoRowHeight>
            </row>
            <row height="363">
              <editIndex>0</editIndex>
              <isAutoRowHeight>False</isAutoRowHeight>
            </row>
          </rows>
          <cols>
            <col width="120">
              <editIndex>0</editIndex>
            </col>
            <col width="121">
              <editIndex>0</editIndex>
            </col>
            <col width="121">
              <editIndex>0</editIndex>
            </col>
          </cols>
          <cells>
            <cell rows="0,0" cols="0,0">
              <fontFamily>Segoe+UI</fontFamily>
              <editIndex>0</editIndex>
              <text>Parent</text>
              <textHeight>28</textHeight>
              <font family="Segoe+UI" displayName="Segoe+UI" postScript="" weightStyle="Regular" weight="400" isBold="False" isItalic="False"/>
            </cell>
            <cell rows="0,0" cols="1,1">
              <fontFamily>Segoe+UI</fontFamily>
              <editIndex>0</editIndex>
              <text>status</text>
              <textHeight>28</textHeight>
              <font family="Segoe+UI" displayName="Segoe+UI" postScript="" weightStyle="Regular" weight="400" isBold="False" isItalic="False"/>
            </cell>
            <cell rows="0,0" cols="2,2">
              <fontFamily>Segoe+UI</fontFamily>
              <editIndex>0</editIndex>
              <text>users</text>
              <textHeight>28</textHeight>
              <font family="Segoe+UI" displayName="Segoe+UI" postScript="" weightStyle="Regular" weight="400" isBold="False" isItalic="False"/>
            </cell>
            <cell rows="1,1" cols="0,0">
              <fontFamily>Segoe+UI</fontFamily>
              <editIndex>0</editIndex>
              <text>artist+name</text>
              <textHeight>28</textHeight>
              <font family="Segoe+UI" displayName="Segoe+UI" postScript="" weightStyle="Regular" weight="400" isBold="False" isItalic="False"/>
            </cell>
            <cell rows="1,1" cols="1,1">
              <fontFamily>Segoe+UI</fontFamily>
              <editIndex>0</editIndex>
              <textHeight>30</textHeight>
              <font family="Segoe+UI" displayName="Segoe+UI" postScript="" weightStyle="Regular" weight="400" isBold="False" isItalic="False"/>
            </cell>
            <cell rows="1,1" cols="2,2">
              <fontFamily>Segoe+UI</fontFamily>
              <editIndex>0</editIndex>
              <text>400000</text>
              <textHeight>28</textHeight>
              <font family="Segoe+UI" displayName="Segoe+UI" postScript="" weightStyle="Regular" weight="400" isBold="False" isItalic="False"/>
            </cell>
            <cell rows="2,2" cols="0,0">
              <fontFamily>Segoe+UI</fontFamily>
              <editIndex>0</editIndex>
              <text>artist+name</text>
              <textHeight>28</textHeight>
              <font family="Segoe+UI" displayName="Segoe+UI" postScript="" weightStyle="Regular" weight="400" isBold="False" isItalic="False"/>
            </cell>
            <cell rows="2,2" cols="1,1">
              <fontFamily>Segoe+UI</fontFamily>
              <editIndex>0</editIndex>
              <textHeight>30</textHeight>
              <font family="Segoe+UI" displayName="Segoe+UI" postScript="" weightStyle="Regular" weight="400" isBold="False" isItalic="False"/>
            </cell>
            <cell rows="2,2" cols="2,2">
              <fontFamily>Segoe+UI</fontFamily>
              <editIndex>0</editIndex>
              <text>500000000</text>
              <textHeight>28</textHeight>
              <font family="Segoe+UI" displayName="Segoe+UI" postScript="" weightStyle="Regular" weight="400" isBold="False" isItalic="False"/>
            </cell>
            <cell rows="3,3" cols="0,0">
              <fontFamily>Segoe+UI</fontFamily>
              <editIndex>0</editIndex>
              <textHeight>30</textHeight>
              <font family="Segoe+UI" displayName="Segoe+UI" postScript="" weightStyle="Regular" weight="400" isBold="False" isItalic="False"/>
            </cell>
            <cell rows="3,3" cols="1,1">
              <fontFamily>Segoe+UI</fontFamily>
              <editIndex>0</editIndex>
              <textHeight>30</textHeight>
              <font family="Segoe+UI" displayName="Segoe+UI" postScript="" weightStyle="Regular" weight="400" isBold="False" isItalic="False"/>
            </cell>
            <cell rows="3,3" cols="2,2">
              <fontFamily>Segoe+UI</fontFamily>
              <editIndex>0</editIndex>
              <textHeight>30</textHeight>
              <font family="Segoe+UI" displayName="Segoe+UI" postScript="" weightStyle="Regular" weight="400" isBold="False" isItalic="False"/>
            </cell>
          </cells>
        </control>
        <control controlID="42948ABC-A1E0-449E-9B17-5850BB5CF5ED" controlTypeID="Button" x="136" y="226" w="94" h="23" zOrder="5">
          <links eventType="AtClick" animate="AmSlideUp" animateAutoDelay="0" animateDuration="500">
            <link targetPageID="E1787FA4-D975-43D9-A1CF-5899AF72778F" linkType="ltPageLink" isApplyIncludePage="False" title="join+a+network">
              <area shape="0" alt="" ID="{49FD2843-A953-43AC-9830-4909A141A426}" coords="(0,0,94,23)"/>
            </link>
          </links>
          <font family="Segoe+UI" displayName="Segoe+UI" postScript="" weightStyle="Regular" weight="400" isBold="False" isItalic="False"/>
          <text>subscribe</text>
          <lineSpacing>0</lineSpacing>
          <selectedIndex>-1</selectedIndex>
        </control>
        <control controlID="A07D246E-2DFB-4FC4-8A87-43508907399B" controlTypeID="Button" x="137" y="256" w="94" h="23" zOrder="6">
          <links eventType="AtClick" animate="AmSlideRight" animateAutoDelay="0" animateDuration="500">
            <link targetPageID="E1787FA4-D975-43D9-A1CF-5899AF72778F" linkType="ltPageLink" isApplyIncludePage="False" title="join+a+network">
              <area shape="0" alt="" ID="{F58C858E-50D7-40A3-BBC6-5CC491F6C243}" coords="(0,0,94,23)"/>
            </link>
          </links>
          <font family="Segoe+UI" displayName="Segoe+UI" postScript="" weightStyle="Regular" weight="400" isBold="False" isItalic="False"/>
          <text>unsubscribe</text>
          <lineSpacing>0</lineSpacing>
          <selectedIndex>-1</selectedIndex>
        </control>
      </groupChildrenDescriptors>
    </control>
  </controls>
  <param>
    <backgroundColor>4294967295</backgroundColor>
    <fontSize>0</fontSize>
    <fontFamily/>
    <guideLines/>
  </param>
</mockup>