﻿<mockup version="5.1" minAllowVersion="5.1" ID="B421D244-1F5E-46CC-B11B-CDAED1A66D80" platform="MtMobile" defaultW="360" defaultH="640" measureW="360" measureH="640" screenOrientation="MoPortrait" mobileScreenScale="1.77777779102325" clipArea="(0,0,0,0)">
  <controls controlCount="30">
    <control controlID="34DA9439-F64A-4591-8344-6635C688CA8D" controlTypeID="__group__" x="-1" y="-1" w="362" h="640" zOrder="0">
      <groupChildrenDescriptors>
        <control controlID="09601E3A-8CFD-4922-A3DE-B00AC8C13E72" controlTypeID="TitleWindow" x="0" y="0" w="361" h="640" zOrder="0">
          <borderVisible>False</borderVisible>
          <font family="Segoe+UI" displayName="Segoe+UI" postScript="" weightStyle="Regular" weight="400" isBold="False" isItalic="False"/>
          <text>237First</text>
          <textSize>14</textSize>
          <textVAlign>VaTop</textVAlign>
          <lineSpacing>0</lineSpacing>
          <selectedIndex>-1</selectedIndex>
        </control>
        <control controlID="2ADAC13C-6145-4870-A20C-CE37ABA02579" controlTypeID="__group__" x="0" y="61" w="361" h="93" zOrder="1">
          <groupChildrenDescriptors>
            <control controlID="67A6C47B-6A33-4BE4-8D38-4E5C417E743C" controlTypeID="Shape" x="0" y="0" w="361" h="93" zOrder="0">
              <font family="Segoe+UI" displayName="Segoe+UI" postScript="" weightStyle="Regular" weight="400" isBold="False" isItalic="False"/>
              <textSize>14</textSize>
              <selectedIndex>-1</selectedIndex>
            </control>
            <control controlID="047CFA01-2528-444D-BC7E-DDE603BA8C9A" controlTypeID="Circle" x="7" y="14" w="82" h="70" zOrder="1">
              <font family="Segoe+UI" displayName="Segoe+UI" postScript="" weightStyle="Regular" weight="400" isBold="False" isItalic="False"/>
              <textSize>14</textSize>
              <selectedIndex>-1</selectedIndex>
              <shapeBorderType>SbEllipse</shapeBorderType>
            </control>
            <control controlID="F3CF4444-F38E-4DD7-BDFC-9A20D45E26D7" controlTypeID="TextArea" x="91" y="30" w="85" h="40" zOrder="2">
              <font family="Segoe+UI" displayName="Segoe+UI" postScript="" weightStyle="Regular" weight="400" isBold="False" isItalic="False"/>
              <text>username%0D%0Aaccount+type</text>
              <selectedIndex>-1</selectedIndex>
            </control>
            <control controlID="6C6DC1C4-0844-425A-A096-B90B2DEB4C2D" controlTypeID="Button" x="255" y="11" w="99" h="20" zOrder="3">
              <font family="Segoe+UI" displayName="Segoe+UI" postScript="" weightStyle="Regular" weight="400" isBold="False" isItalic="False"/>
              <text>donate</text>
              <lineSpacing>0</lineSpacing>
              <selectedIndex>-1</selectedIndex>
            </control>
            <control controlID="6A5B188F-AAE9-4BEF-AC10-9994DB38C3F4" controlTypeID="SwitchIOS" x="293" y="36" w="59" h="22" zOrder="4"/>
            <control controlID="4C1BD414-CCED-4270-974A-D10ABC30CAC9" controlTypeID="Icon" x="332" y="66" w="18" h="18" zOrder="5">
              <links eventType="AtClick" animate="AmSlideUp" animateAutoDelay="0" animateDuration="500">
                <link targetPageID="86913C8E-8E0B-4AC8-B4E5-7F882B7495EE" linkType="ltPageLink" isApplyIncludePage="False" title="my+page+settings">
                  <area shape="0" alt="" ID="{21E31634-305D-450D-940C-E54B24691203}" coords="(0,0,18,18)"/>
                </link>
              </links>
              <icon>
                <ID/>
                <iconFontName>jdIonicons</iconFontName>
                <iconCode>62359</iconCode>
              </icon>
              <URL>92A37C37F1C55861F795B008D0D7225E.svg</URL>
            </control>
          </groupChildrenDescriptors>
        </control>
        <control controlID="D2DFA77A-9165-4F05-90C8-8E78FC09E437" controlTypeID="Tabs" x="2" y="153" w="360" h="40" zOrder="2">
          <links eventType="AtClick" animate="AmSlideRight" animateAutoDelay="0" animateDuration="500">
            <link targetPageID="B421D244-1F5E-46CC-B11B-CDAED1A66D80" linkType="ltPageLink" isApplyIncludePage="False" title="My+Page">
              <area shape="0" alt="" ID="{88254428-D73C-4CE3-A0DE-3B3618F675A7}" coords="(0,0,89,40)"/>
            </link>
            <link targetPageID="0BD5AFB8-8819-4F07-A08F-43A30A4BA1CB" linkType="ltPageLink" isApplyIncludePage="False" title="My+page+-+my+library">
              <area shape="0" alt="" ID="{2F61EEA6-49C5-48A6-8E3E-6908BD706E95}" coords="(90,0,179,40)"/>
            </link>
            <link targetPageID="B3223A31-70F0-4E7D-B578-FD248C50D114" linkType="ltPageLink" isApplyIncludePage="False" title="My+page+-+network">
              <area shape="0" alt="" ID="{0492C87E-73F8-4A4A-8418-AA9DF51E7F6F}" coords="(180,0,269,40)"/>
            </link>
            <link targetPageID="6EB601A7-083B-461C-813A-BDB239B468CC" linkType="ltPageLink" isApplyIncludePage="False" title="My+page+-+statistics">
              <area shape="0" alt="" ID="{36D3A6C7-792B-4F80-92E4-40155ECDAAB8}" coords="(270,0,359,40)"/>
            </link>
          </links>
          <font family="Segoe+UI" displayName="Segoe+UI" postScript="" weightStyle="Regular" weight="400" isBold="False" isItalic="False"/>
          <text>My+playlist%2Cmy+library%2C+network%2Cstatistics</text>
          <textSize>14</textSize>
          <lineSpacing>0</lineSpacing>
        </control>
        <control controlID="668F8B0A-8B21-4073-85BA-C0FFD79C346D" controlTypeID="Top ActionBar" x="1" y="29" w="360" h="32" zOrder="3">
          <color>4292730333</color>
          <font family="Segoe+UI" displayName="Segoe+UI" postScript="" weightStyle="Regular" weight="400" isBold="False" isItalic="False"/>
          <text>My+page</text>
          <textSize>14</textSize>
          <lineSpacing>0</lineSpacing>
        </control>
        <control controlID="52D08420-55BD-4B6F-A890-BEE850E17E82" controlTypeID="Shape" x="86" y="238" w="188" h="28" zOrder="4">
          <borderVisible>False</borderVisible>
          <font family="Segoe+UI" displayName="Segoe+UI" postScript="" weightStyle="Regular" weight="400" isBold="False" isItalic="False"/>
          <text>albums+%26+mixtapes</text>
          <textSize>14</textSize>
          <selectedIndex>-1</selectedIndex>
        </control>
        <control controlID="1900AFDB-2800-44A8-A21C-F5F0D42742AA" controlTypeID="Shape" x="81" y="331" w="188" h="23" zOrder="5">
          <borderVisible>False</borderVisible>
          <font family="Segoe+UI" displayName="Segoe+UI" postScript="" weightStyle="Regular" weight="400" isBold="False" isItalic="False"/>
          <text>songs</text>
          <textSize>14</textSize>
          <selectedIndex>-1</selectedIndex>
        </control>
        <control controlID="7A8E62AF-F327-452D-923F-0E85D1D1AEC6" controlTypeID="Shape" x="80" y="420" w="188" h="28" zOrder="6">
          <borderVisible>False</borderVisible>
          <font family="Segoe+UI" displayName="Segoe+UI" postScript="" weightStyle="Regular" weight="400" isBold="False" isItalic="False"/>
          <text>videos</text>
          <textSize>14</textSize>
          <selectedIndex>-1</selectedIndex>
        </control>
        <control controlID="B164F114-9FB4-4FA0-B6EB-98AB2B60B390" controlTypeID="Shape" x="83" y="523" w="188" h="23" zOrder="7">
          <borderVisible>False</borderVisible>
          <font family="Segoe+UI" displayName="Segoe+UI" postScript="" weightStyle="Regular" weight="400" isBold="False" isItalic="False"/>
          <text>lyrics</text>
          <textSize>14</textSize>
          <selectedIndex>-1</selectedIndex>
        </control>
        <control controlID="0C1A5A18-EAE0-4F96-8A81-AEAAD0F1B7A8" controlTypeID="Image" x="22" y="273" w="84" h="56" zOrder="8">
          <links eventType="AtClick" animate="AmSlideRight" animateAutoDelay="0" animateDuration="500">
            <link targetPageID="DC82554D-2385-453B-8686-A83FADB4DD7A" linkType="ltPageLink" isApplyIncludePage="False" title="Media+player">
              <area shape="0" alt="" ID="{5028B17C-2D90-482C-8851-8235BD73165C}" coords="(0,0,84,56)"/>
            </link>
          </links>
        </control>
        <control controlID="AD34F20F-FE91-49A2-A524-9962BA7AAB16" controlTypeID="Image" x="142" y="271" w="84" h="56" zOrder="9"/>
        <control controlID="85B82E62-9542-4FA5-8916-9F973581245E" controlTypeID="Shape" x="257" y="271" w="78" h="56" zOrder="10">
          <links eventType="AtClick" animate="AmSlideRight" animateAutoDelay="0" animateDuration="500">
            <link targetPageID="4B619D6A-FDC5-40C1-8DC3-3BB202EB5EB4" linkType="ltPageLink" isApplyIncludePage="False" title="Browse+List">
              <area shape="0" alt="" ID="{E9955F35-ED0C-407C-AE8A-51C85C8946DA}" coords="(0,0,78,56)"/>
            </link>
          </links>
          <font family="Segoe+UI" displayName="Segoe+UI" postScript="" weightStyle="Regular" weight="400" isBold="False" isItalic="False"/>
          <text>browse</text>
          <textSize>14</textSize>
          <selectedIndex>-1</selectedIndex>
        </control>
        <control controlID="78E9C31B-3A79-4C27-A950-05EF6F6343E5" controlTypeID="Icon" x="24" y="244" w="24" h="24" zOrder="11">
          <icon>
            <ID/>
            <iconFontName>jdIonicons</iconFontName>
            <iconCode>61732</iconCode>
          </icon>
          <URL>CFAC147583A1C602F91FE6F2C39DA488.svg</URL>
        </control>
        <control controlID="3DFDD6DE-4F7E-414A-B2A9-5713EE0906AC" controlTypeID="Icon" x="313" y="242" w="24" h="24" zOrder="12">
          <icon>
            <ID/>
            <iconFontName>jdIonicons</iconFontName>
            <iconCode>61733</iconCode>
          </icon>
          <URL>2D780716D3D89B2EFB0155599BA0A89F.svg</URL>
        </control>
        <control controlID="B6BB2440-9AD9-447E-86CA-A604944563CE" controlTypeID="Image" x="22" y="360" w="84" h="56" zOrder="13"/>
        <control controlID="72FEF713-6CB9-4576-92AC-8894E4069DA0" controlTypeID="Image" x="142" y="360" w="84" h="56" zOrder="14"/>
        <control controlID="D822D2E7-8855-4869-B0FF-1155679C7902" controlTypeID="Shape" x="257" y="360" w="78" h="56" zOrder="15">
          <font family="Segoe+UI" displayName="Segoe+UI" postScript="" weightStyle="Regular" weight="400" isBold="False" isItalic="False"/>
          <text>browse</text>
          <textSize>14</textSize>
          <selectedIndex>-1</selectedIndex>
        </control>
        <control controlID="A233B39B-634C-41DC-9551-0C12E1336134" controlTypeID="Image" x="22" y="454" w="84" h="67" zOrder="16"/>
        <control controlID="8FD47B81-B0BB-4BC6-8522-122B21CA2AD6" controlTypeID="Image" x="142" y="452" w="84" h="67" zOrder="17"/>
        <control controlID="026375C4-9036-430A-830C-98BFFEA389F3" controlTypeID="Shape" x="257" y="452" w="78" h="67" zOrder="18">
          <font family="Segoe+UI" displayName="Segoe+UI" postScript="" weightStyle="Regular" weight="400" isBold="False" isItalic="False"/>
          <text>browse</text>
          <textSize>14</textSize>
          <selectedIndex>-1</selectedIndex>
        </control>
        <control controlID="51B29E30-6148-49C3-9084-918672B6F15D" controlTypeID="Image" x="19" y="550" w="84" h="62" zOrder="19"/>
        <control controlID="99855EFE-FA09-4277-8F49-8030718A1E73" controlTypeID="Image" x="139" y="550" w="84" h="62" zOrder="20"/>
        <control controlID="9D004F3E-3B41-4B80-8507-80A85EDE23A2" controlTypeID="Shape" x="254" y="550" w="78" h="62" zOrder="21">
          <font family="Segoe+UI" displayName="Segoe+UI" postScript="" weightStyle="Regular" weight="400" isBold="False" isItalic="False"/>
          <text>browse</text>
          <textSize>14</textSize>
          <selectedIndex>-1</selectedIndex>
        </control>
        <control controlID="1A130DD7-85EB-4B69-ADB0-913717EA0F2F" controlTypeID="Search" x="203" y="201" w="143" h="31" zOrder="22">
          <links eventType="AtClick" animate="AmSlideRight" animateAutoDelay="0" animateDuration="500">
            <link targetPageID="4B619D6A-FDC5-40C1-8DC3-3BB202EB5EB4" linkType="ltPageLink" isApplyIncludePage="False" title="Browse+List">
              <area shape="0" alt="" ID="{EACE7144-8029-4ED2-B840-296CA5117F17}" coords="(0,0,143,31)"/>
            </link>
          </links>
          <font family="Segoe+UI" displayName="Segoe+UI" postScript="" weightStyle="Regular" weight="400" isBold="False" isItalic="False"/>
          <text>search</text>
          <textSize>14</textSize>
          <textVAlign>VaTop</textVAlign>
          <lineSpacing>0</lineSpacing>
          <selectedIndex>-1</selectedIndex>
        </control>
      </groupChildrenDescriptors>
    </control>
  </controls>
  <param>
    <backgroundColor>4294967295</backgroundColor>
    <fontSize>0</fontSize>
    <fontFamily/>
    <guideLines/>
  </param>
</mockup>