﻿<mockup version="5.1" minAllowVersion="5.1" ID="C183388E-E4EF-4DBA-BA1E-091C7B3334B6" platform="MtMobile" defaultW="360" defaultH="640" measureW="360" measureH="640" screenOrientation="MoPortrait" mobileScreenScale="1.77777779102325" clipArea="(0,0,0,0)">
  <controls controlCount="4">
    <control controlID="C23B587A-7958-43B7-AED5-1D03D48D46E4" controlTypeID="__group__" x="-1" y="0" w="363" h="642" zOrder="0">
      <groupChildrenDescriptors>
        <control controlID="9DC12565-6B39-4F17-A727-B6B16BBDED49" controlTypeID="TitleWindow" x="0" y="0" w="363" h="642" zOrder="0">
          <font family="Segoe+UI" displayName="Segoe+UI" postScript="" weightStyle="Regular" weight="400" isBold="False" isItalic="False"/>
          <text>237First</text>
          <textSize>14</textSize>
          <textVAlign>VaTop</textVAlign>
          <lineSpacing>0</lineSpacing>
          <selectedIndex>-1</selectedIndex>
        </control>
        <control controlID="DE7C8046-F4D0-4F43-A14C-58B85CEF3989" controlTypeID="Top ActionBar" x="2" y="32" w="359" h="32" zOrder="1">
          <color>4292730333</color>
          <font family="Segoe+UI" displayName="Segoe+UI" postScript="" weightStyle="Regular" weight="400" isBold="False" isItalic="False"/>
          <text>Settings</text>
          <textSize>14</textSize>
          <lineSpacing>0</lineSpacing>
        </control>
        <control controlID="ECAB7B41-94CB-42FE-BA16-E0BE5F06E889" controlTypeID="List" x="2" y="64" w="359" h="292" zOrder="2">
          <links eventType="AtClick" animate="AmSlideRight" animateAutoDelay="0" animateDuration="500">
            <link targetPageID="E974858F-826C-4F80-BCD6-A7EFA8A1BB0A" linkType="ltPageLink" isApplyIncludePage="False" title="Notifications">
              <area shape="0" alt="" ID="{6DE73FE5-54BA-49FA-ADD4-1512656BFA99}" coords="(1,1,358,49)"/>
            </link>
            <link targetPageID="3536D2D3-B4B2-4440-81F7-D6D5E1F28C6E" linkType="ltPageLink" isApplyIncludePage="False" title="About+us">
              <area shape="0" alt="" ID="{0656CDA2-A0D7-47E1-A7F5-430192F2682A}" coords="(1,49,358,97)"/>
            </link>
            <link targetPageID="85B9936F-F7FC-4D72-9B30-84D3E4202B70" linkType="ltPageLink" isApplyIncludePage="False" title="My+account+settings">
              <area shape="0" alt="" ID="{E5D62787-DE39-459F-BDA7-1AC7E0BA9E6B}" coords="(1,97,358,145)"/>
            </link>
            <link targetPageID="B293EB83-DE46-4ECB-AD9C-8B0E61D4DA86" linkType="ltPageLink" isApplyIncludePage="False" title="Storage+">
              <area shape="0" alt="" ID="{1F9AC41C-232E-43C3-B1C7-2AE6C00B7281}" coords="(1,145,358,193)"/>
            </link>
            <link targetPageID="" linkType="ltPageLink" isApplyIncludePage="False" title="Jobs">
              <area shape="0" alt="" ID="{5C07F3E2-5875-4972-8600-95F0B807E178}" coords="(1,193,358,241)"/>
            </link>
          </links>
          <font family="Segoe+UI" displayName="Segoe+UI" postScript="" weightStyle="Regular" weight="400" isBold="False" isItalic="False"/>
          <text>Notifications%0D%0AAbout+us%0D%0AMy+account+settings%0D%0AStorage+%0D%0AJobs</text>
          <textSize>14</textSize>
          <lineSpacing>0</lineSpacing>
          <itemHeight>48</itemHeight>
        </control>
      </groupChildrenDescriptors>
    </control>
  </controls>
  <param>
    <backgroundColor>4294967295</backgroundColor>
    <fontSize>0</fontSize>
    <fontFamily/>
    <guideLines/>
  </param>
</mockup>