﻿<mockup version="5.1" minAllowVersion="5.1" ID="CF04A20C-5B9D-4815-BBD3-4AC951038AAE" platform="MtMobile" defaultW="360" defaultH="640" measureW="360" measureH="640" screenOrientation="MoPortrait" mobileScreenScale="1.77777779102325" clipArea="(0,0,0,0)">
  <controls controlCount="1">
    <control controlID="BB017BF4-BCC9-45DE-9475-4F7D1B764220" controlTypeID="List" x="49" y="69" w="219" h="312" zOrder="0">
      <font family="Segoe+UI" displayName="Segoe+UI" postScript="" weightStyle="Regular" weight="400" isBold="False" isItalic="False"/>
      <text>list+of+users+on+the+network%0D%0Auser+1%0D%0Auser+2%0D%0Auser+3%0D%0Auser+4%0D%0Auser+5%0D%0Auser+6%0D%0Auser+7</text>
      <textSize>14</textSize>
      <lineSpacing>0</lineSpacing>
      <itemHeight>48</itemHeight>
    </control>
  </controls>
  <param>
    <backgroundColor>4294967295</backgroundColor>
    <fontSize>0</fontSize>
    <fontFamily/>
    <guideLines/>
  </param>
</mockup>