﻿<mockup version="5.1" minAllowVersion="5.1" ID="DEB1B3FD-EF8B-4F67-82F4-9E5BC60DF71E" platform="MtMobile" defaultW="360" defaultH="640" measureW="360" measureH="640" screenOrientation="MoPortrait" mobileScreenScale="1.77777779102325" clipArea="(0,0,0,0)">
  <controls controlCount="7">
    <control controlID="4510643F-E478-4A3F-ADD8-619725B4B0FB" controlTypeID="__group__" x="-1" y="-5" w="361" h="645" zOrder="0">
      <groupChildrenDescriptors>
        <control controlID="5F4243F0-BBB7-44E7-AEBA-B21244C9A51B" controlTypeID="TitleWindow" x="0" y="0" w="361" h="645" zOrder="0">
          <font family="Segoe+UI" displayName="Segoe+UI" postScript="" weightStyle="Regular" weight="400" isBold="False" isItalic="False"/>
          <text>SIGN+IN</text>
          <textSize>14</textSize>
          <textVAlign>VaTop</textVAlign>
          <lineSpacing>0</lineSpacing>
          <selectedIndex>-1</selectedIndex>
        </control>
        <control controlID="F1ABD8D4-9CB6-4467-B5F8-39CD2D92FE26" controlTypeID="Button" x="41" y="307" w="120" h="48" zOrder="1">
          <font family="Segoe+UI" displayName="Segoe+UI" postScript="" weightStyle="Regular" weight="400" isBold="False" isItalic="False"/>
          <text>SIGN+IN</text>
          <lineSpacing>0</lineSpacing>
          <selectedIndex>-1</selectedIndex>
        </control>
        <control controlID="8584A749-E0F4-4E11-8A06-FFBE29352773" controlTypeID="Button" x="196" y="307" w="120" h="48" zOrder="2">
          <font family="Segoe+UI" displayName="Segoe+UI" postScript="" weightStyle="Regular" weight="400" isBold="False" isItalic="False"/>
          <text>FORGOT+PASSWORD</text>
          <lineSpacing>0</lineSpacing>
          <selectedIndex>-1</selectedIndex>
        </control>
        <control controlID="7FC1DB55-08FA-4DCC-ACE8-A429D4FE2203" controlTypeID="LabelTextInput" x="44" y="101" w="280" h="39" zOrder="3">
          <font family="Segoe+UI" displayName="Segoe+UI" postScript="" weightStyle="Regular" weight="400" isBold="False" isItalic="False"/>
          <text>USERNAME%2C+Matt</text>
          <textSize>14</textSize>
          <textVAlign>VaMiddle</textVAlign>
          <lineSpacing>0</lineSpacing>
        </control>
        <control controlID="CE5C0412-9F58-4282-B096-4892F0CDCBD7" controlTypeID="LabelTextInput" x="43" y="163" w="280" h="39" zOrder="4">
          <font family="Segoe+UI" displayName="Segoe+UI" postScript="" weightStyle="Regular" weight="400" isBold="False" isItalic="False"/>
          <text>PASSWORD%2C+Matt</text>
          <textSize>14</textSize>
          <textVAlign>VaMiddle</textVAlign>
          <lineSpacing>0</lineSpacing>
        </control>
        <control controlID="1B43DF8B-37B7-4812-A95A-ED9492A6DB4F" controlTypeID="LabelTextInput" x="44" y="231" w="280" h="39" zOrder="5">
          <font family="Segoe+UI" displayName="Segoe+UI" postScript="" weightStyle="Regular" weight="400" isBold="False" isItalic="False"/>
          <text>ENTER+EMAIL%2C+Matt</text>
          <textSize>14</textSize>
          <textVAlign>VaMiddle</textVAlign>
          <lineSpacing>0</lineSpacing>
        </control>
      </groupChildrenDescriptors>
    </control>
  </controls>
  <param>
    <backgroundColor>4294967295</backgroundColor>
    <fontSize>0</fontSize>
    <fontFamily/>
    <guideLines/>
  </param>
</mockup>