﻿<mockup version="5.1" minAllowVersion="5.1" ID="D6DF3855-CE48-44A3-959A-D1C5DE6007AC" platform="MtMobile" defaultW="360" defaultH="640" measureW="360" measureH="640" screenOrientation="MoPortrait" mobileScreenScale="1.77777779102325" clipArea="(0,0,0,0)">
  <controls controlCount="12">
    <control controlID="4510643F-E478-4A3F-ADD8-619725B4B0FB" controlTypeID="__group__" x="0" y="-5" w="361" h="645" zOrder="0">
      <groupChildrenDescriptors>
        <control controlID="5F4243F0-BBB7-44E7-AEBA-B21244C9A51B" controlTypeID="TitleWindow" x="0" y="0" w="361" h="645" zOrder="0">
          <font family="Segoe+UI" displayName="Segoe+UI" postScript="" weightStyle="Regular" weight="400" isBold="False" isItalic="False"/>
          <text>SIGN+UP</text>
          <textSize>14</textSize>
          <textVAlign>VaTop</textVAlign>
          <lineSpacing>0</lineSpacing>
          <selectedIndex>-1</selectedIndex>
        </control>
        <control controlID="F1ABD8D4-9CB6-4467-B5F8-39CD2D92FE26" controlTypeID="Button" x="115" y="472" w="120" h="48" zOrder="1">
          <font family="Segoe+UI" displayName="Segoe+UI" postScript="" weightStyle="Regular" weight="400" isBold="False" isItalic="False"/>
          <text>SIGN+UP</text>
          <lineSpacing>0</lineSpacing>
          <selectedIndex>-1</selectedIndex>
        </control>
        <control controlID="7FC1DB55-08FA-4DCC-ACE8-A429D4FE2203" controlTypeID="LabelTextInput" x="44" y="101" w="280" h="39" zOrder="2">
          <font family="Segoe+UI" displayName="Segoe+UI" postScript="" weightStyle="Regular" weight="400" isBold="False" isItalic="False"/>
          <text>USERNAME%2C+Matt</text>
          <textSize>14</textSize>
          <textVAlign>VaMiddle</textVAlign>
          <lineSpacing>0</lineSpacing>
          <selectedIndex>-1</selectedIndex>
        </control>
        <control controlID="CE5C0412-9F58-4282-B096-4892F0CDCBD7" controlTypeID="LabelTextInput" x="43" y="163" w="280" h="39" zOrder="3">
          <font family="Segoe+UI" displayName="Segoe+UI" postScript="" weightStyle="Regular" weight="400" isBold="False" isItalic="False"/>
          <text>PASSWORD%2C+Matt</text>
          <textSize>14</textSize>
          <textVAlign>VaMiddle</textVAlign>
          <lineSpacing>0</lineSpacing>
          <selectedIndex>-1</selectedIndex>
        </control>
        <control controlID="1B43DF8B-37B7-4812-A95A-ED9492A6DB4F" controlTypeID="LabelTextInput" x="44" y="231" w="280" h="39" zOrder="4">
          <font family="Segoe+UI" displayName="Segoe+UI" postScript="" weightStyle="Regular" weight="400" isBold="False" isItalic="False"/>
          <text>ENTER+EMAIL%2C+Matt</text>
          <textSize>14</textSize>
          <textVAlign>VaMiddle</textVAlign>
          <lineSpacing>0</lineSpacing>
          <selectedIndex>-1</selectedIndex>
        </control>
        <control controlID="6C86BBAF-6DF6-4DA8-A382-B9B6D6682405" controlTypeID="LabelTextInput" x="46" y="293" w="280" h="39" zOrder="5">
          <font family="Segoe+UI" displayName="Segoe+UI" postScript="" weightStyle="Regular" weight="400" isBold="False" isItalic="False"/>
          <text>COUNTRY%2C+Matt</text>
          <textSize>14</textSize>
          <textVAlign>VaMiddle</textVAlign>
          <lineSpacing>0</lineSpacing>
          <selectedIndex>-1</selectedIndex>
        </control>
        <control controlID="E0BF3680-174D-4E60-9C61-746400A8F543" controlTypeID="CompositeComboBox" x="176" y="364" w="148" h="39" zOrder="6">
          <groupChildrenDescriptors>
            <control controlID="80CBF625-73AA-4B7B-8BD9-4035719C6145" controlTypeID="TextInput" x="0" y="0" w="125" h="39" zOrder="0">
              <locked>True</locked>
              <canMove>False</canMove>
              <alias>input</alias>
              <font family="Segoe+UI" displayName="Segoe+UI" postScript="" weightStyle="Regular" weight="400" isBold="False" isItalic="False"/>
              <text>USER</text>
              <lineSpacing>0</lineSpacing>
              <selectedIndex>-1</selectedIndex>
            </control>
            <control controlID="A01240D7-111C-4D10-82B0-1A8CB6D6FB2E" controlTypeID="Button" x="124" y="0" w="24" h="39" zOrder="1">
              <locked>True</locked>
              <canMove>False</canMove>
              <alias>button</alias>
              <font family="Segoe+UI" displayName="Segoe+UI" postScript="" weightStyle="Regular" weight="400" isBold="False" isItalic="False"/>
              <lineSpacing>0</lineSpacing>
              <selectedIndex>-1</selectedIndex>
              <radius>0</radius>
            </control>
            <control controlID="735B5E28-04B9-40C6-BA9B-3B34BA369B92" controlTypeID="List" x="0" y="39" w="148" h="80" zOrder="2">
              <isShow>False</isShow>
              <canMove>False</canMove>
              <alias>dropDown</alias>
              <font family="Segoe+UI" displayName="Segoe+UI" postScript="" weightStyle="Regular" weight="400" isBold="False" isItalic="False"/>
              <text>USER%0D%0AARTIST</text>
              <textSize>14</textSize>
              <lineSpacing>0</lineSpacing>
              <itemHeight>39</itemHeight>
              <interlaceColor>4294967295</interlaceColor>
            </control>
          </groupChildrenDescriptors>
          <font family="Segoe+UI"/>
          <textSize>14</textSize>
        </control>
        <control controlID="908C29CE-FB72-467B-9AE5-6EB40E11758F" controlTypeID="Shape" x="35" y="363" w="124" h="41" zOrder="7">
          <borderVisible>False</borderVisible>
          <font family="Segoe+UI" displayName="Segoe+UI" postScript="" weightStyle="Regular" weight="400" isBold="False" isItalic="False"/>
          <text>ACCOUNT+TYPE</text>
          <textSize>14</textSize>
          <selectedIndex>-1</selectedIndex>
        </control>
      </groupChildrenDescriptors>
    </control>
  </controls>
  <param>
    <backgroundColor>4294967295</backgroundColor>
    <fontSize>0</fontSize>
    <fontFamily/>
    <guideLines/>
  </param>
</mockup>