﻿<mockup version="5.1" minAllowVersion="5.1" ID="DC82554D-2385-453B-8686-A83FADB4DD7A" platform="MtMobile" defaultW="360" defaultH="640" measureW="360" measureH="640" screenOrientation="MoPortrait" mobileScreenScale="1.77777779102325" clipArea="(0,0,0,0)">
  <controls controlCount="18">
    <control controlID="2657C92B-8095-47BC-930E-DC3975DF0B62" controlTypeID="__group__" x="-3" y="-2" w="363" h="644" zOrder="0">
      <groupChildrenDescriptors>
        <control controlID="297B3330-3161-430F-99F1-F51C8247CB74" controlTypeID="TitleWindow" x="0" y="0" w="363" h="644" zOrder="0">
          <font family="Segoe+UI" displayName="Segoe+UI" postScript="" weightStyle="Regular" weight="400" isBold="False" isItalic="False"/>
          <text>Media+player</text>
          <textSize>14</textSize>
          <textVAlign>VaTop</textVAlign>
          <lineSpacing>0</lineSpacing>
          <selectedIndex>-1</selectedIndex>
        </control>
        <control controlID="E3541CDB-D988-47AA-A7F1-923A1C0BE438" controlTypeID="Shape" x="2" y="31" w="360" h="341" zOrder="1">
          <font family="Segoe+UI" displayName="Segoe+UI" postScript="" weightStyle="Regular" weight="400" isBold="False" isItalic="False"/>
          <textSize>14</textSize>
          <selectedIndex>-1</selectedIndex>
        </control>
        <control controlID="A89AEFCA-5D3D-4CA4-ACA6-BEE8DF3F8CAE" controlTypeID="Icon" x="135" y="131" w="113" h="113" zOrder="2">
          <icon>
            <ID/>
            <iconFontName>jdIonicons</iconFontName>
            <iconCode>62600</iconCode>
          </icon>
          <URL>F1A083532284A2F27691E1826CCF3A21.svg</URL>
        </control>
        <control controlID="08BF53D2-B6B1-456C-9B62-2F76E274FF68" controlTypeID="__group__" x="111" y="323" w="166" h="24" zOrder="3">
          <groupChildrenDescriptors>
            <control controlID="A65022C5-07AA-4706-9FBC-63E9082EFBF7" controlTypeID="Icon" x="0" y="0" w="24" h="24" zOrder="0">
              <icon>
                <ID/>
                <iconFontName>jdIonicons</iconFontName>
                <iconCode>62584</iconCode>
              </icon>
              <URL>9C5D54E8152D0F872A2374FC975D8975.svg</URL>
            </control>
            <control controlID="42AF9A51-0F4B-42CD-93BD-46003C8E50FD" controlTypeID="Icon" x="142" y="0" w="24" h="24" zOrder="1">
              <icon>
                <ID/>
                <iconFontName>jdIonicons</iconFontName>
                <iconCode>62632</iconCode>
              </icon>
              <URL>6D7EF64763513FFA388134F688FAFB91.svg</URL>
            </control>
            <control controlID="6316E9AF-FA0A-44CF-9218-2CD157734D7A" controlTypeID="Icon" x="38" y="0" w="24" h="24" zOrder="2">
              <icon>
                <ID/>
                <iconFontName>jdIonicons</iconFontName>
                <iconCode>62635</iconCode>
              </icon>
              <URL>16B5071B42504985CFBDE708BB381A3F.svg</URL>
            </control>
            <control controlID="3D26D3BA-0FDF-4577-97C0-1D7ECA39819F" controlTypeID="Icon" x="77" y="0" w="24" h="24" zOrder="3">
              <icon>
                <ID/>
                <iconFontName>jdIonicons</iconFontName>
                <iconCode>62637</iconCode>
              </icon>
              <URL>1ADDD662F0862C7053E639D064FCA264.svg</URL>
            </control>
            <control controlID="51F7BCB1-4FBD-41A2-A586-EC4B49FB1BA3" controlTypeID="Icon" x="111" y="0" w="24" h="24" zOrder="4">
              <icon>
                <ID/>
                <iconFontName>jdIonicons</iconFontName>
                <iconCode>62670</iconCode>
              </icon>
              <URL>13D986C888731CDE4A08CE83532A7F40.svg</URL>
            </control>
          </groupChildrenDescriptors>
        </control>
        <control controlID="D35270F9-E087-454B-A787-EA94A1AB375B" controlTypeID="Shape" x="4" y="367" w="357" h="120" zOrder="4">
          <borderVisible>False</borderVisible>
          <font family="Segoe+UI" displayName="Segoe+UI" postScript="" weightStyle="Regular" weight="400" isBold="False" isItalic="False"/>
          <text>artist+name%0D%0Atitle%0D%0Acontent+type%0D%0Alabel%0D%0Aproducer%0D%0Ayear</text>
          <textSize>14</textSize>
          <textAlign>HaLeft</textAlign>
        </control>
        <control controlID="463A1A6C-D631-4E0C-9F0C-E5F0099BF192" controlTypeID="Image" x="218" y="377" w="131" h="108" zOrder="5"/>
        <control controlID="915B547F-0F93-44B2-9B5B-61A3E9ADD3EF" controlTypeID="Shape" x="2" y="492" w="359" h="127" zOrder="6">
          <font family="Segoe+UI" displayName="Segoe+UI" postScript="" weightStyle="Regular" weight="400" isBold="False" isItalic="False"/>
          <textSize>14</textSize>
        </control>
        <control controlID="61862DE7-B083-40D0-B6C7-2297E098E645" controlTypeID="TextArea" x="91" y="501" w="156" h="21" zOrder="7">
          <font family="Segoe+UI" displayName="Segoe+UI" postScript="" weightStyle="Regular" weight="400" isBold="False" isItalic="False"/>
          <text>Playlist</text>
          <textAlign>HaCenter</textAlign>
        </control>
        <control controlID="97C59E7A-5608-48DD-BF2A-D73B2F23AA3E" controlTypeID="__group__" x="3" y="523" w="357" h="97" zOrder="8">
          <groupChildrenDescriptors>
            <control controlID="9668705B-2224-4ACE-8ED3-F7AF49C5A4A2" controlTypeID="Shape" x="0" y="0" w="357" h="33" zOrder="0">
              <font family="Segoe+UI" displayName="Segoe+UI" postScript="" weightStyle="Regular" weight="400" isBold="False" isItalic="False"/>
              <text>artist+name+-+title</text>
              <textSize>14</textSize>
              <textAlign>HaLeft</textAlign>
            </control>
            <control controlID="CABF9644-4EED-4101-A690-3FE4C0B44687" controlTypeID="Shape" x="0" y="32" w="357" h="33" zOrder="1">
              <font family="Segoe+UI" displayName="Segoe+UI" postScript="" weightStyle="Regular" weight="400" isBold="False" isItalic="False"/>
              <text>artist+name+-+title</text>
              <textSize>14</textSize>
              <textAlign>HaLeft</textAlign>
              <selectedIndex>-1</selectedIndex>
            </control>
            <control controlID="866C9CE3-B9A0-491F-B368-25111EB46C24" controlTypeID="Shape" x="0" y="64" w="357" h="33" zOrder="2">
              <font family="Segoe+UI" displayName="Segoe+UI" postScript="" weightStyle="Regular" weight="400" isBold="False" isItalic="False"/>
              <text>artist+name+-+title</text>
              <textSize>14</textSize>
              <textAlign>HaLeft</textAlign>
              <selectedIndex>-1</selectedIndex>
            </control>
          </groupChildrenDescriptors>
        </control>
      </groupChildrenDescriptors>
    </control>
  </controls>
  <param>
    <backgroundColor>4294967295</backgroundColor>
    <fontSize>0</fontSize>
    <fontFamily/>
    <guideLines/>
  </param>
</mockup>