﻿<mockup version="5.1" minAllowVersion="5.1" ID="DEB1B3FD-EF8B-4F67-82F4-9E5BC60DF71E" platform="MtMobile" defaultW="360" defaultH="640" measureW="360" measureH="640" screenOrientation="MoPortrait" mobileScreenScale="1.77777779102325" clipArea="(0,0,0,0)">
  <controls controlCount="7">
    <control controlID="4510643F-E478-4A3F-ADD8-619725B4B0FB" controlTypeID="__group__" x="-1" y="-3" w="361" h="643" zOrder="0">
      <groupChildrenDescriptors>
        <control controlID="5F4243F0-BBB7-44E7-AEBA-B21244C9A51B" controlTypeID="TitleWindow" x="0" y="0" w="361" h="643" zOrder="0">
          <font family="Segoe+UI" displayName="Segoe+UI" postScript="" weightStyle="Regular" weight="400" isBold="False" isItalic="False"/>
          <text>Window</text>
          <textSize>14</textSize>
          <textVAlign>VaTop</textVAlign>
          <lineSpacing>0</lineSpacing>
          <selectedIndex>-1</selectedIndex>
        </control>
        <control controlID="A1AE158F-770D-456C-B313-A0493E142422" controlTypeID="Shape" x="129" y="49" w="120" h="120" zOrder="1">
          <font family="Segoe+UI" displayName="Segoe+UI" postScript="" weightStyle="Regular" weight="400" isBold="False" isItalic="False"/>
          <text>LOGO</text>
          <textSize>14</textSize>
          <selectedIndex>-1</selectedIndex>
        </control>
        <control controlID="B42502BC-1A15-49A6-A55F-2BC0659C014D" controlTypeID="Button" x="128" y="246" w="120" h="48" zOrder="2">
          <links eventType="AtClick" animate="AmSlideRight" animateAutoDelay="0" animateDuration="500">
            <link targetPageID="D2DD6C4F-0336-4518-8E33-C728674AA441" linkType="ltPageLink" isApplyIncludePage="False" title="Sign+in">
              <area shape="0" alt="" ID="{3D3BEEF1-7D66-45B7-A22A-2FF15EFF10A5}" coords="(0,0,120,48)"/>
            </link>
          </links>
          <font family="Segoe+UI" displayName="Segoe+UI" postScript="" weightStyle="Regular" weight="400" isBold="False" isItalic="False"/>
          <text>SIGN+IN</text>
          <lineSpacing>0</lineSpacing>
          <selectedIndex>-1</selectedIndex>
        </control>
        <control controlID="F1ABD8D4-9CB6-4467-B5F8-39CD2D92FE26" controlTypeID="Button" x="130" y="313" w="120" h="48" zOrder="3">
          <links eventType="AtClick" animate="AmSlideRight" animateAutoDelay="0" animateDuration="500">
            <link targetPageID="D6DF3855-CE48-44A3-959A-D1C5DE6007AC" linkType="ltPageLink" isApplyIncludePage="False" title="Sign+Up">
              <area shape="0" alt="" ID="{29310872-4891-4E21-8FC0-720B4632BF1E}" coords="(0,0,120,48)"/>
            </link>
          </links>
          <font family="Segoe+UI" displayName="Segoe+UI" postScript="" weightStyle="Regular" weight="400" isBold="False" isItalic="False"/>
          <text>SIGN+UP</text>
          <lineSpacing>0</lineSpacing>
          <selectedIndex>-1</selectedIndex>
        </control>
        <control controlID="8584A749-E0F4-4E11-8A06-FFBE29352773" controlTypeID="Button" x="129" y="375" w="120" h="48" zOrder="4">
          <links eventType="AtClick" animate="AmSlideRight" animateAutoDelay="0" animateDuration="500">
            <link targetPageID="7D82D108-6C3C-4B41-8F46-37468D75CF35" linkType="ltPageLink" isApplyIncludePage="False" title="News+Feed">
              <area shape="0" alt="" ID="{E47B6110-3C69-42FE-8CD3-9E8A65EC201C}" coords="(0,0,120,48)"/>
            </link>
          </links>
          <font family="Segoe+UI" displayName="Segoe+UI" postScript="" weightStyle="Regular" weight="400" isBold="False" isItalic="False"/>
          <text>CONTINUE</text>
          <lineSpacing>0</lineSpacing>
          <selectedIndex>-1</selectedIndex>
        </control>
        <control controlID="FE306C32-1C7C-4EE8-8583-D66AA11A48F7" controlTypeID="Button" x="297" y="576" w="42" h="27" zOrder="5">
          <font family="Segoe+UI" displayName="Segoe+UI" postScript="" weightStyle="Regular" weight="400" isBold="False" isItalic="False"/>
          <text>EN</text>
          <lineSpacing>0</lineSpacing>
          <selectedIndex>-1</selectedIndex>
        </control>
      </groupChildrenDescriptors>
    </control>
  </controls>
  <param>
    <backgroundColor>4294967295</backgroundColor>
    <fontSize>0</fontSize>
    <fontFamily/>
    <guideLines/>
  </param>
</mockup>