﻿<mockup version="5.1" minAllowVersion="5.1" ID="E1787FA4-D975-43D9-A1CF-5899AF72778F" platform="MtMobile" defaultW="360" defaultH="640" measureW="360" measureH="640" screenOrientation="MoPortrait" mobileScreenScale="1.77777779102325">
  <controls controlCount="9">
    <control controlID="CC1CC983-7568-465A-909B-248EA7791226" controlTypeID="__group__" x="30" y="187" w="309" h="234" zOrder="0">
      <groupChildrenDescriptors>
        <control controlID="5222E71A-5726-4C67-8985-AB2D4564F8A9" controlTypeID="Shape" x="0" y="1" w="309" h="233" zOrder="0">
          <font family="Segoe+UI" displayName="Segoe+UI" postScript="" weightStyle="Regular" weight="400" isBold="False" isItalic="False"/>
          <textSize>14</textSize>
          <selectedIndex>-1</selectedIndex>
        </control>
        <control controlID="50A787E1-0BD7-4A36-9A4D-F0E9A97D8F9A" controlTypeID="Shape" x="1" y="0" w="307" h="33" zOrder="1">
          <borderVisible>False</borderVisible>
          <font family="Segoe+UI" displayName="Segoe+UI" postScript="" weightStyle="Regular" weight="400" isBold="False" isItalic="False"/>
          <text>join+a+network</text>
          <textSize>14</textSize>
          <selectedIndex>-1</selectedIndex>
        </control>
        <control controlID="AB88C3E2-CEE5-4842-9D02-F6F9A8B989C9" controlTypeID="TextArea" x="108" y="50" w="101" h="22" zOrder="2">
          <font family="Segoe+UI" displayName="Segoe+UI" postScript="" weightStyle="Regular" weight="400" isBold="False" isItalic="False"/>
          <text>send+a+request+</text>
          <selectedIndex>-1</selectedIndex>
        </control>
        <control controlID="520A9358-6A69-448E-96E5-81B5048DD9F3" controlTypeID="CompositeComboBox" x="68" y="104" w="200" h="39" zOrder="3">
          <groupChildrenDescriptors>
            <control controlID="8EC06696-C233-484F-969E-CFF40B0BD727" controlTypeID="TextInput" x="0" y="0" w="177" h="39" zOrder="0">
              <locked>True</locked>
              <canMove>False</canMove>
              <alias>input</alias>
              <font family="Segoe+UI" displayName="Segoe+UI" postScript="" weightStyle="Regular" weight="400" isBold="False" isItalic="False"/>
              <text>Item1</text>
              <lineSpacing>0</lineSpacing>
              <selectedIndex>-1</selectedIndex>
            </control>
            <control controlID="8292B4C3-F449-4D2C-9D9A-60CE5EFA219A" controlTypeID="Button" x="176" y="0" w="24" h="39" zOrder="1">
              <locked>True</locked>
              <canMove>False</canMove>
              <alias>button</alias>
              <font family="Segoe+UI" displayName="Segoe+UI" postScript="" weightStyle="Regular" weight="400" isBold="False" isItalic="False"/>
              <lineSpacing>0</lineSpacing>
              <selectedIndex>-1</selectedIndex>
              <radius>0</radius>
            </control>
            <control controlID="2822D164-D828-48C5-BEE9-D09EEC3CF8D5" controlTypeID="List" x="0" y="39" w="200" h="158" zOrder="2">
              <isShow>False</isShow>
              <canMove>False</canMove>
              <alias>dropDown</alias>
              <font family="Segoe+UI" displayName="Segoe+UI" postScript="" weightStyle="Regular" weight="400" isBold="False" isItalic="False"/>
              <text>Item1%0D%0AItem2%0D%0AItem3%0D%0AItem4</text>
              <textSize>14</textSize>
              <lineSpacing>0</lineSpacing>
              <itemHeight>39</itemHeight>
              <interlaceColor>4294967295</interlaceColor>
            </control>
          </groupChildrenDescriptors>
          <font family="Segoe+UI"/>
          <textSize>14</textSize>
        </control>
        <control controlID="AA089131-F914-4032-84E8-B52BB31E8A83" controlTypeID="Button" x="96" y="174" w="120" h="48" zOrder="4">
          <font family="Segoe+UI" displayName="Segoe+UI" postScript="" weightStyle="Regular" weight="400" isBold="False" isItalic="False"/>
          <text>send</text>
          <lineSpacing>0</lineSpacing>
          <selectedIndex>-1</selectedIndex>
        </control>
      </groupChildrenDescriptors>
    </control>
  </controls>
  <param>
    <backgroundColor>4294967295</backgroundColor>
    <fontSize>0</fontSize>
    <fontFamily/>
    <guideLines/>
  </param>
</mockup>