﻿<mockup version="5.1" minAllowVersion="5.1" ID="E35DCA7C-F3D0-40A5-B3F2-5E3D2F2BAA33" platform="MtMobile" defaultW="360" defaultH="640" measureW="360" measureH="640" screenOrientation="MoPortrait" mobileScreenScale="1.77777779102325">
  <controls controlCount="22">
    <control controlID="75F64DF6-380F-4A17-ABDB-597A4601A28B" controlTypeID="__group__" x="27" y="193" w="296" h="252" zOrder="0">
      <groupChildrenDescriptors>
        <control controlID="F6FBFA6F-F55D-48B4-8149-80740074F731" controlTypeID="Shape" x="4" y="6" w="290" h="197" zOrder="0">
          <font family="Segoe+UI" displayName="Segoe+UI" postScript="" weightStyle="Regular" weight="400" isBold="False" isItalic="False"/>
          <textSize>14</textSize>
          <selectedIndex>-1</selectedIndex>
        </control>
        <control controlID="A6A969AA-F4A4-44AA-A5FD-9BF898992E02" controlTypeID="__group__" x="0" y="0" w="296" h="252" zOrder="1">
          <groupChildrenDescriptors>
            <control controlID="3F051AA2-D580-4870-BB7C-BBB54DC19F63" controlTypeID="__group__" x="1" y="0" w="294" h="252" zOrder="0">
              <groupChildrenDescriptors>
                <control controlID="C5896458-AA78-4B93-9FD3-764184535824" controlTypeID="__group__" x="1" y="0" w="293" h="110" zOrder="0">
                  <groupChildrenDescriptors>
                    <control controlID="75C05072-435C-4C81-921F-6766024EE57C" controlTypeID="__group__" x="0" y="0" w="292" h="45" zOrder="0">
                      <groupChildrenDescriptors>
                        <control controlID="7B907930-5A53-493D-8B23-B67B8C3BD12A" controlTypeID="Shape" x="0" y="0" w="292" h="44" zOrder="0">
                          <borderVisible>False</borderVisible>
                          <font family="Segoe+UI" displayName="Segoe+UI" postScript="" weightStyle="Regular" weight="400" isBold="False" isItalic="False"/>
                          <text>upload+file</text>
                          <textSize>14</textSize>
                          <selectedIndex>-1</selectedIndex>
                        </control>
                        <control controlID="5FA0239D-6CA5-4640-AD91-52D92667AE04" controlTypeID="IconButton2" x="12" y="7" w="38" h="38" zOrder="1">
                          <groupChildrenDescriptors>
                            <control controlID="11CB3A51-0297-4A44-9304-B3A21E814F8A" controlTypeID="Shape" x="0" y="0" w="38" h="38" zOrder="0">
                              <canMove>False</canMove>
                              <alias>shape</alias>
                              <font family="Segoe+UI" displayName="Segoe+UI" postScript="" weightStyle="Regular" weight="400" isBold="False" isItalic="False"/>
                              <textSize>14</textSize>
                              <selectedIndex>-1</selectedIndex>
                              <shapeBorderType>SbEllipse</shapeBorderType>
                            </control>
                            <control controlID="05B84DF0-E1D3-47D5-AE0B-C996210F7B4B" controlTypeID="Icon" x="7" y="7" w="24" h="24" zOrder="1">
                              <canMove>False</canMove>
                              <alias>icon</alias>
                              <icon>
                                <ID/>
                                <iconFontName>jdIonicons</iconFontName>
                                <iconCode>61732</iconCode>
                              </icon>
                              <URL>CFAC147583A1C602F91FE6F2C39DA488.svg</URL>
                            </control>
                            <control controlID="EF77FF84-B8A4-4E62-8A06-3857E1968916" controlTypeID="Label" x="0" y="2" w="32" h="16" zOrder="2">
                              <canMove>False</canMove>
                              <alias>label</alias>
                              <font family="Segoe+UI" displayName="Segoe+UI" postScript="" weightStyle="Regular" weight="400" isBold="False" isItalic="False"/>
                              <text>Label</text>
                              <textSize>12</textSize>
                              <textAlign>HaCenter</textAlign>
                              <lineSpacing>0</lineSpacing>
                              <selectedIndex>-1</selectedIndex>
                            </control>
                            <control controlID="8BC57558-733C-4399-8F97-EADE49B587DD" controlTypeID="Shape" x="25" y="0" w="13" h="13" zOrder="3">
                              <color>4294901760</color>
                              <borderVisible>False</borderVisible>
                              <canMove>False</canMove>
                              <alias>alarm</alias>
                              <font family="Segoe+UI" displayName="Segoe+UI" postScript="" weightStyle="Regular" weight="400" isBold="False" isItalic="False"/>
                              <text>2</text>
                              <textColor>4294967295</textColor>
                              <textSize>8</textSize>
                              <selectedIndex>-1</selectedIndex>
                              <radius>100</radius>
                              <radiusIsPercent>True</radiusIsPercent>
                            </control>
                          </groupChildrenDescriptors>
                        </control>
                      </groupChildrenDescriptors>
                    </control>
                    <control controlID="2FCEA007-F655-40B5-8E75-0967DACDB279" controlTypeID="Shape" x="0" y="45" w="293" h="65" zOrder="1">
                      <borderVisible>False</borderVisible>
                      <font family="Segoe+UI" displayName="Segoe+UI" postScript="" weightStyle="Regular" weight="400" isBold="False" isItalic="False"/>
                      <text>choose+the+file+you+want+to+upload+and+then+add+new+users+to+your+network+to+automatically+expand+your+network.</text>
                      <textSize>14</textSize>
                      <selectedIndex>-1</selectedIndex>
                    </control>
                  </groupChildrenDescriptors>
                </control>
                <control controlID="DB7FE72B-0529-4D93-8440-394660B1452D" controlTypeID="__group__" x="0" y="162" w="294" h="44" zOrder="1">
                  <groupChildrenDescriptors>
                    <control controlID="9522358A-039B-477D-B4AC-31DB25A690F5" controlTypeID="Shape" x="0" y="0" w="294" h="44" zOrder="0">
                      <borderVisible>False</borderVisible>
                      <font family="Segoe+UI" displayName="Segoe+UI" postScript="" weightStyle="Regular" weight="400" isBold="False" isItalic="False"/>
                      <text>upload</text>
                      <textSize>14</textSize>
                      <selectedIndex>-1</selectedIndex>
                    </control>
                    <control controlID="8CA59D3C-E95B-4172-B34B-4DDC36C5CC5F" controlTypeID="Icon" x="89" y="11" w="24" h="24" zOrder="1">
                      <icon>
                        <ID/>
                        <iconFontName>jdIonicons</iconFontName>
                        <iconCode>62151</iconCode>
                      </icon>
                      <URL>D08755C22A9B40B6BF65036DEC8B44B4.svg</URL>
                    </control>
                  </groupChildrenDescriptors>
                </control>
                <control controlID="ECCF54FA-9031-4DF0-BB91-1F2A6D65929E" controlTypeID="__group__" x="3" y="208" w="288" h="44" zOrder="2">
                  <groupChildrenDescriptors>
                    <control controlID="41EE73EB-582D-4DD7-AEC1-732773AE1F27" controlTypeID="Shape" x="0" y="0" w="288" h="44" zOrder="0">
                      <borderVisible>False</borderVisible>
                      <font family="Segoe+UI" displayName="Segoe+UI" postScript="" weightStyle="Regular" weight="400" isBold="False" isItalic="False"/>
                      <text>invite</text>
                      <textSize>14</textSize>
                      <selectedIndex>-1</selectedIndex>
                    </control>
                    <control controlID="BB8C5963-4C70-4592-AE2C-31F8044B35DF" controlTypeID="Icon" x="88" y="12" w="24" h="24" zOrder="1">
                      <icon>
                        <ID/>
                        <iconFontName>jdIonicons</iconFontName>
                        <iconCode>62169</iconCode>
                      </icon>
                      <URL>8FACD1A6DD0E0A1D0F90FF61845F4023.svg</URL>
                    </control>
                  </groupChildrenDescriptors>
                </control>
              </groupChildrenDescriptors>
            </control>
            <control controlID="337CBEC4-F022-472B-90BE-58A5E3F127CB" controlTypeID="__group__" x="0" y="110" w="296" h="52" zOrder="1">
              <groupChildrenDescriptors>
                <control controlID="475B719D-0568-48D3-9668-D9002CE0B1FC" controlTypeID="Shape" x="0" y="0" w="296" h="52" zOrder="0">
                  <borderVisible>False</borderVisible>
                  <font family="Segoe+UI" displayName="Segoe+UI" postScript="" weightStyle="Regular" weight="400" isBold="False" isItalic="False"/>
                  <text>choose+file+size+(0+-+400MB)</text>
                  <textSize>14</textSize>
                </control>
                <control controlID="DBFBB9D3-7773-42DE-992C-164E189A57F0" controlTypeID="HSlider" x="51" y="38" w="200" h="14" zOrder="1"/>
              </groupChildrenDescriptors>
            </control>
          </groupChildrenDescriptors>
        </control>
      </groupChildrenDescriptors>
    </control>
  </controls>
  <param>
    <backgroundColor>4294967295</backgroundColor>
    <fontSize>0</fontSize>
    <fontFamily/>
    <guideLines/>
  </param>
</mockup>