﻿<mockup version="5.1" minAllowVersion="5.1" ID="E974858F-826C-4F80-BCD6-A7EFA8A1BB0A" platform="MtMobile" defaultW="360" defaultH="640" measureW="360" measureH="640" screenOrientation="MoPortrait" mobileScreenScale="1.77777779102325" clipArea="(0,0,0,0)">
  <controls controlCount="13">
    <control controlID="6DF17CB3-B3AC-4F4A-8D19-B5AAEDF71542" controlTypeID="__group__" x="-1" y="0" w="363" h="642" zOrder="0">
      <groupChildrenDescriptors>
        <control controlID="CAE504AA-C62C-49D9-B004-D6B940D42E75" controlTypeID="TitleWindow" x="0" y="0" w="363" h="642" zOrder="0">
          <font family="Segoe+UI" displayName="Segoe+UI" postScript="" weightStyle="Regular" weight="400" isBold="False" isItalic="False"/>
          <text>237First</text>
          <textSize>14</textSize>
          <textVAlign>VaTop</textVAlign>
          <lineSpacing>0</lineSpacing>
          <selectedIndex>-1</selectedIndex>
        </control>
        <control controlID="8D01B745-C38D-4194-8CB9-6356AA922BA4" controlTypeID="Top ActionBar" x="2" y="31" w="359" h="32" zOrder="1">
          <color>4292730333</color>
          <font family="Segoe+UI" displayName="Segoe+UI" postScript="" weightStyle="Regular" weight="400" isBold="False" isItalic="False"/>
          <text>Notifications</text>
          <textSize>14</textSize>
          <lineSpacing>0</lineSpacing>
        </control>
        <control controlID="E33C1001-2CF3-44B5-A519-1590267C002D" controlTypeID="List" x="2" y="63" w="360" h="517" zOrder="2">
          <font family="Segoe+UI" displayName="Segoe+UI" postScript="" weightStyle="Regular" weight="400" isBold="False" isItalic="False"/>
          <text>only+update+via+wifi%0D%0Anew+feedback%0D%0Anew+share+on+your+content%0D%0Anew+like%0D%0Anew+download%0D%0Anew+post+%0D%0Ainvestment+feedback%0D%0Apromotion+feedback%0D%0Anew+request%0D%0Anew+invitation%0D%0A</text>
          <textSize>14</textSize>
          <lineSpacing>0</lineSpacing>
          <itemHeight>48</itemHeight>
        </control>
        <control controlID="D46212B4-DF0E-4FB9-B1D1-1167C7B3947E" controlTypeID="Switch" x="282" y="122" w="78" h="24" zOrder="3">
          <color>4292730333</color>
        </control>
        <control controlID="364DDE5F-8832-4FB2-B3F1-3249E9715C26" controlTypeID="Switch" x="282" y="174" w="78" h="24" zOrder="4">
          <color>4292730333</color>
        </control>
        <control controlID="2830DB08-0E53-49C4-BEC8-974AB599522F" controlTypeID="Switch" x="282" y="222" w="78" h="24" zOrder="5">
          <color>4292730333</color>
        </control>
        <control controlID="A666653A-C263-4B7F-B388-1953C536AB5A" controlTypeID="Switch" x="282" y="269" w="78" h="24" zOrder="6">
          <color>4292730333</color>
        </control>
        <control controlID="ECA828DD-D5D0-45FB-A4B2-12C02797D8D5" controlTypeID="Switch" x="282" y="319" w="78" h="24" zOrder="7">
          <color>4292730333</color>
        </control>
        <control controlID="CBF15D6C-16CB-456B-BAE6-320CDE42D488" controlTypeID="Switch" x="282" y="368" w="78" h="24" zOrder="8">
          <color>4292730333</color>
        </control>
        <control controlID="457C0720-9682-4907-B864-6FC072023136" controlTypeID="Switch" x="282" y="415" w="78" h="24" zOrder="9">
          <color>4292730333</color>
        </control>
        <control controlID="9B6D17DE-7C8F-4C1E-917C-624917BB7CCD" controlTypeID="Switch" x="282" y="465" w="78" h="24" zOrder="10">
          <color>4292730333</color>
        </control>
        <control controlID="E5355487-1678-4E17-9B93-060555C1E076" controlTypeID="Switch" x="282" y="513" w="78" h="24" zOrder="11">
          <color>4292730333</color>
        </control>
      </groupChildrenDescriptors>
    </control>
  </controls>
  <param>
    <backgroundColor>4294967295</backgroundColor>
    <fontSize>0</fontSize>
    <fontFamily/>
    <guideLines/>
  </param>
</mockup>