﻿<mockup version="5.1" minAllowVersion="5.1" ID="ED944DED-EF11-4469-A389-32072FCFD2BA" platform="MtMobile" defaultW="360" defaultH="640" measureW="360" measureH="640" screenOrientation="MoPortrait" mobileScreenScale="1.77777779102325">
  <controls controlCount="11">
    <control controlID="380129E7-74E9-4513-9654-4B694577E361" controlTypeID="__group__" x="34" y="214" w="288" h="170" zOrder="0">
      <groupChildrenDescriptors>
        <control controlID="C17EEE24-E7BB-49DF-8DAE-9A5DC82B3708" controlTypeID="Shape" x="0" y="0" w="288" h="43" zOrder="0">
          <borderVisible>False</borderVisible>
          <font family="Segoe+UI" displayName="Segoe+UI" postScript="" weightStyle="Regular" weight="400" isBold="False" isItalic="False"/>
          <text>share</text>
          <textSize>14</textSize>
          <selectedIndex>-1</selectedIndex>
        </control>
        <control controlID="657D2961-F526-44E5-8335-05788E6DF555" controlTypeID="IconButton2" x="10" y="6" w="38" h="38" zOrder="1">
          <groupChildrenDescriptors>
            <control controlID="871F4450-614F-4989-83C6-5F72D7FF1C7E" controlTypeID="Shape" x="0" y="0" w="38" h="38" zOrder="0">
              <canMove>False</canMove>
              <alias>shape</alias>
              <font family="Segoe+UI" displayName="Segoe+UI" postScript="" weightStyle="Regular" weight="400" isBold="False" isItalic="False"/>
              <textSize>14</textSize>
              <selectedIndex>-1</selectedIndex>
              <shapeBorderType>SbEllipse</shapeBorderType>
            </control>
            <control controlID="75C35D62-2959-4572-AC5F-3A84DF0B2F31" controlTypeID="Icon" x="7" y="7" w="24" h="24" zOrder="1">
              <canMove>False</canMove>
              <alias>icon</alias>
              <icon>
                <ID/>
                <iconFontName>jdIonicons</iconFontName>
                <iconCode>61732</iconCode>
              </icon>
              <URL>CFAC147583A1C602F91FE6F2C39DA488.svg</URL>
            </control>
            <control controlID="0AA4726D-D7AD-461F-A7FD-6A87F6B34765" controlTypeID="Label" x="0" y="2" w="32" h="16" zOrder="2">
              <canMove>False</canMove>
              <alias>label</alias>
              <font family="Segoe+UI" displayName="Segoe+UI" postScript="" weightStyle="Regular" weight="400" isBold="False" isItalic="False"/>
              <text>Label</text>
              <textSize>12</textSize>
              <textAlign>HaCenter</textAlign>
              <lineSpacing>0</lineSpacing>
              <selectedIndex>-1</selectedIndex>
            </control>
            <control controlID="5BCC2B8F-0542-4F25-91EB-31DA0ABAC352" controlTypeID="Shape" x="25" y="0" w="13" h="13" zOrder="3">
              <color>4294901760</color>
              <borderVisible>False</borderVisible>
              <canMove>False</canMove>
              <alias>alarm</alias>
              <font family="Segoe+UI" displayName="Segoe+UI" postScript="" weightStyle="Regular" weight="400" isBold="False" isItalic="False"/>
              <text>2</text>
              <textColor>4294967295</textColor>
              <textSize>8</textSize>
              <selectedIndex>-1</selectedIndex>
              <radius>100</radius>
              <radiusIsPercent>True</radiusIsPercent>
            </control>
          </groupChildrenDescriptors>
        </control>
        <control controlID="18B7BCF5-2A32-4E5B-ADA9-D059486B98DC" controlTypeID="Shape" x="0" y="42" w="288" h="43" zOrder="2">
          <borderVisible>False</borderVisible>
          <font family="Segoe+UI" displayName="Segoe+UI" postScript="" weightStyle="Regular" weight="400" isBold="False" isItalic="False"/>
          <text>contacts</text>
          <textSize>14</textSize>
          <selectedIndex>-1</selectedIndex>
        </control>
        <control controlID="87BDF6E0-CF48-46A8-842F-E922D29F45A8" controlTypeID="Icon" x="84" y="55" w="24" h="24" zOrder="3">
          <icon>
            <ID/>
            <iconFontName>jdIonicons</iconFontName>
            <iconCode>62168</iconCode>
          </icon>
          <URL>A4BBA5CCC7880CC1D7108AAE4A99AB6E.svg</URL>
        </control>
        <control controlID="D29E34F7-82F5-4835-85FD-AF17C6B5C291" controlTypeID="Shape" x="0" y="84" w="288" h="43" zOrder="4">
          <borderVisible>False</borderVisible>
          <font family="Segoe+UI" displayName="Segoe+UI" postScript="" weightStyle="Regular" weight="400" isBold="False" isItalic="False"/>
          <text>whasapp</text>
          <textSize>14</textSize>
          <selectedIndex>-1</selectedIndex>
        </control>
        <control controlID="D67929B5-52C4-422C-8DCF-77C23C369F57" controlTypeID="Shape" x="0" y="127" w="288" h="43" zOrder="5">
          <borderVisible>False</borderVisible>
          <font family="Segoe+UI" displayName="Segoe+UI" postScript="" weightStyle="Regular" weight="400" isBold="False" isItalic="False"/>
          <text>facebook</text>
          <textSize>14</textSize>
          <selectedIndex>-1</selectedIndex>
        </control>
      </groupChildrenDescriptors>
    </control>
  </controls>
  <param>
    <backgroundColor>4294967295</backgroundColor>
    <fontSize>0</fontSize>
    <fontFamily/>
    <guideLines/>
  </param>
</mockup>