﻿<mockup version="5.1" minAllowVersion="5.1" ID="3B8E14CC-E4E4-4D0D-819D-D4665FEEE478" platform="MtMobile" defaultW="360" defaultH="640" measureW="360" measureH="640" screenOrientation="MoPortrait" mobileScreenScale="1.77777779102325" clipArea="(0,0,0,0)">
  <controls controlCount="32">
    <control controlID="99D6960A-9328-4344-947E-BD75A967DE3A" controlTypeID="__group__" x="-3" y="0" w="368" h="643" zOrder="0">
      <groupChildrenDescriptors>
        <control controlID="113AAB8F-3955-49FE-904C-F3AA8D98A508" controlTypeID="TitleWindow" x="1" y="0" w="367" h="643" zOrder="0">
          <borderVisible>False</borderVisible>
          <font family="Segoe+UI" displayName="Segoe+UI" postScript="" weightStyle="Regular" weight="400" isBold="False" isItalic="False"/>
          <text>237First</text>
          <textSize>14</textSize>
          <textVAlign>VaTop</textVAlign>
          <lineSpacing>0</lineSpacing>
          <selectedIndex>-1</selectedIndex>
        </control>
        <control controlID="21BBD339-2C21-4701-8956-33B2825DA0F5" controlTypeID="Top ActionBar" x="1" y="28" w="367" h="32" zOrder="1">
          <color>4292730333</color>
          <font family="Segoe+UI" displayName="Segoe+UI" postScript="" weightStyle="Regular" weight="400" isBold="False" isItalic="False"/>
          <text>ONE-TO-+MANY+INVESTMENT</text>
          <textSize>14</textSize>
          <lineSpacing>0</lineSpacing>
        </control>
        <control controlID="FA27CCDF-0DA3-4394-9BBD-C27E7A9F0FBD" controlTypeID="TextArea" x="0" y="58" w="368" h="73" zOrder="2">
          <font family="Segoe+UI" displayName="Segoe+UI" postScript="" weightStyle="Regular" weight="400" isBold="False" isItalic="False"/>
          <text>with+this+module+one+investor+choses+a+number+of+artists+to+invest+in+...</text>
          <textAlign>HaCenter</textAlign>
          <textVAlign>VaMiddle</textVAlign>
          <selectedIndex>-1</selectedIndex>
        </control>
        <control controlID="32EF418B-F3F1-4D7C-A4B7-5B2037CDCE7A" controlTypeID="Shape" x="1" y="140" w="367" h="487" zOrder="3">
          <font family="Segoe+UI" displayName="Segoe+UI" postScript="" weightStyle="Regular" weight="400" isBold="False" isItalic="False"/>
          <textSize>14</textSize>
          <selectedIndex>-1</selectedIndex>
        </control>
        <control controlID="B345CE68-406E-4507-93D6-8E9BA7735053" controlTypeID="TextArea" x="7" y="146" w="145" h="20" zOrder="4">
          <font family="Segoe+UI" displayName="Segoe+UI" postScript="" weightStyle="Regular" weight="400" isBold="False" isItalic="False"/>
          <text>enter+your+information</text>
          <selectedIndex>-1</selectedIndex>
        </control>
        <control controlID="4BDD20F8-40DF-42B4-BA69-96BD38375CB4" controlTypeID="LabelTextInput" x="8" y="175" w="149" h="28" zOrder="5">
          <font family="Segoe+UI" displayName="Segoe+UI" postScript="" weightStyle="Regular" weight="400" isBold="False" isItalic="False"/>
          <text>Name</text>
          <textSize>14</textSize>
          <lineSpacing>0</lineSpacing>
          <selectedIndex>-1</selectedIndex>
        </control>
        <control controlID="D7CF793B-4C0D-4FDA-BEF4-1AB9D1CB5920" controlTypeID="LabelTextInput" x="176" y="173" w="182" h="29" zOrder="6">
          <font family="Segoe+UI" displayName="Segoe+UI" postScript="" weightStyle="Regular" weight="400" isBold="False" isItalic="False"/>
          <text>Company</text>
          <textSize>14</textSize>
          <lineSpacing>0</lineSpacing>
          <selectedIndex>-1</selectedIndex>
        </control>
        <control controlID="DBED13E4-9468-4E17-B5BA-325A494A3BE0" controlTypeID="LabelTextInput" x="8" y="209" w="149" h="28" zOrder="7">
          <font family="Segoe+UI" displayName="Segoe+UI" postScript="" weightStyle="Regular" weight="400" isBold="False" isItalic="False"/>
          <text>Job</text>
          <textSize>14</textSize>
          <lineSpacing>0</lineSpacing>
          <selectedIndex>-1</selectedIndex>
        </control>
        <control controlID="E0D54454-998F-443F-832E-6C7987EC3639" controlTypeID="LabelTextInput" x="176" y="208" w="182" h="29" zOrder="8">
          <font family="Segoe+UI" displayName="Segoe+UI" postScript="" weightStyle="Regular" weight="400" isBold="False" isItalic="False"/>
          <text>Country%2C+Matt</text>
          <textSize>14</textSize>
          <lineSpacing>0</lineSpacing>
          <selectedIndex>-1</selectedIndex>
        </control>
        <control controlID="D8F1C31F-08FE-416E-B369-64F70811C327" controlTypeID="LabelTextInput" x="7" y="242" w="149" h="28" zOrder="9">
          <font family="Segoe+UI" displayName="Segoe+UI" postScript="" weightStyle="Regular" weight="400" isBold="False" isItalic="False"/>
          <text>Address%2C+Matt</text>
          <textSize>14</textSize>
          <lineSpacing>0</lineSpacing>
          <selectedIndex>-1</selectedIndex>
        </control>
        <control controlID="FA6464A3-74FD-40FB-8443-BBA3A7E8975E" controlTypeID="LabelTextInput" x="175" y="243" w="182" h="29" zOrder="10">
          <font family="Segoe+UI" displayName="Segoe+UI" postScript="" weightStyle="Regular" weight="400" isBold="False" isItalic="False"/>
          <text>Mobile+Number%2C+Matt</text>
          <textSize>14</textSize>
          <lineSpacing>0</lineSpacing>
          <selectedIndex>-1</selectedIndex>
        </control>
        <control controlID="983AA696-49A6-4E44-A24C-98A30C4DFF79" controlTypeID="LabelTextInput" x="8" y="280" w="149" h="28" zOrder="11">
          <font family="Segoe+UI" displayName="Segoe+UI" postScript="" weightStyle="Regular" weight="400" isBold="False" isItalic="False"/>
          <text>Office+number%2C+Matt</text>
          <textSize>14</textSize>
          <lineSpacing>0</lineSpacing>
          <selectedIndex>-1</selectedIndex>
        </control>
        <control controlID="C49EB6AA-99CC-488E-95E0-2F2169C6C42F" controlTypeID="LabelTextInput" x="176" y="278" w="182" h="29" zOrder="12">
          <font family="Segoe+UI" displayName="Segoe+UI" postScript="" weightStyle="Regular" weight="400" isBold="False" isItalic="False"/>
          <text>Email%2C+Matt</text>
          <textSize>14</textSize>
          <lineSpacing>0</lineSpacing>
          <selectedIndex>-1</selectedIndex>
        </control>
        <control controlID="E26138E6-D02A-4F5B-9EA2-891BC33129A8" controlTypeID="LabelTextInput" x="9" y="317" w="149" h="28" zOrder="13">
          <font family="Segoe+UI" displayName="Segoe+UI" postScript="" weightStyle="Regular" weight="400" isBold="False" isItalic="False"/>
          <text>Website%2C+Matt</text>
          <textSize>14</textSize>
          <lineSpacing>0</lineSpacing>
          <selectedIndex>-1</selectedIndex>
        </control>
        <control controlID="A823A4B3-B38E-46BA-A9EC-208C35B7CDA6" controlTypeID="DateTimePicker" x="103" y="353" w="144" h="36" zOrder="14">
          <font family="Segoe+UI" displayName="Segoe+UI" postScript="" weightStyle="Regular" weight="400" isBold="False" isItalic="False"/>
          <text>03+%2F+10+%2F+2014</text>
          <textSize>14</textSize>
          <lineSpacing>0</lineSpacing>
          <selectedIndex>-1</selectedIndex>
        </control>
        <control controlID="AE55790C-4E16-4BC0-9D75-3FAC135A614B" controlTypeID="Shape" x="10" y="368" w="90" h="21" zOrder="15">
          <borderVisible>False</borderVisible>
          <font family="Segoe+UI" displayName="Segoe+UI" postScript="" weightStyle="Regular" weight="400" isBold="False" isItalic="False"/>
          <text>date+of+birth</text>
          <textSize>14</textSize>
          <textAlign>HaLeft</textAlign>
          <textVAlign>VaTop</textVAlign>
          <selectedIndex>-1</selectedIndex>
        </control>
        <control controlID="842668EC-9C69-4CD8-BB91-EEFF741B50D6" controlTypeID="CompositeComboBox" x="218" y="315" w="139" h="27" zOrder="16">
          <groupChildrenDescriptors>
            <control controlID="87907482-44AB-4554-A838-9571CD111BDC" controlTypeID="TextInput" x="0" y="0" w="116" h="27" zOrder="0">
              <locked>True</locked>
              <canMove>False</canMove>
              <alias>input</alias>
              <font family="Segoe+UI" displayName="Segoe+UI" postScript="" weightStyle="Regular" weight="400" isBold="False" isItalic="False"/>
              <text>Item1</text>
              <lineSpacing>0</lineSpacing>
              <selectedIndex>-1</selectedIndex>
            </control>
            <control controlID="FE665A36-3094-426C-A350-5062A88D5BA8" controlTypeID="Button" x="115" y="0" w="24" h="27" zOrder="1">
              <locked>True</locked>
              <canMove>False</canMove>
              <alias>button</alias>
              <font family="Segoe+UI" displayName="Segoe+UI" postScript="" weightStyle="Regular" weight="400" isBold="False" isItalic="False"/>
              <lineSpacing>0</lineSpacing>
              <selectedIndex>-1</selectedIndex>
              <radius>0</radius>
            </control>
            <control controlID="11E05663-7245-4641-838F-87AE9AE57D04" controlTypeID="List" x="0" y="27" w="139" h="122" zOrder="2">
              <isShow>False</isShow>
              <canMove>False</canMove>
              <alias>dropDown</alias>
              <font family="Segoe+UI" displayName="Segoe+UI" postScript="" weightStyle="Regular" weight="400" isBold="False" isItalic="False"/>
              <text>Item1%0D%0AItem2%0D%0AItem3%0D%0AItem4</text>
              <textSize>14</textSize>
              <lineSpacing>0</lineSpacing>
              <itemHeight>27</itemHeight>
              <interlaceColor>4294967295</interlaceColor>
            </control>
          </groupChildrenDescriptors>
          <baseHeight>27</baseHeight>
          <font family="Segoe+UI"/>
          <textSize>14</textSize>
        </control>
        <control controlID="65CCAEE2-7F71-4BF5-813A-17E03B01F94D" controlTypeID="Shape" x="177" y="318" w="39" h="21" zOrder="17">
          <borderVisible>False</borderVisible>
          <font family="Segoe+UI" displayName="Segoe+UI" postScript="" weightStyle="Regular" weight="400" isBold="False" isItalic="False"/>
          <text>sex</text>
          <textSize>14</textSize>
          <textAlign>HaLeft</textAlign>
          <textVAlign>VaTop</textVAlign>
          <selectedIndex>-1</selectedIndex>
        </control>
        <control controlID="F225DA20-10CD-427C-96E9-5A546AF06784" controlTypeID="TextArea" x="10" y="398" w="348" h="63" zOrder="18">
          <borderVisible>True</borderVisible>
          <font family="Segoe+UI" displayName="Segoe+UI" postScript="" weightStyle="Regular" weight="400" isBold="False" isItalic="False"/>
          <text>purpose+of+investment+(1000-1500+words)</text>
          <textAlign>HaCenter</textAlign>
          <textVAlign>VaMiddle</textVAlign>
          <selectedIndex>-1</selectedIndex>
        </control>
        <control controlID="495BCFD9-80CD-41A1-8362-F818414B4C18" controlTypeID="TextArea" x="10" y="465" w="348" h="57" zOrder="19">
          <borderVisible>True</borderVisible>
          <font family="Segoe+UI" displayName="Segoe+UI" postScript="" weightStyle="Regular" weight="400" isBold="False" isItalic="False"/>
          <text>goal+of+investment+(750+-1000words)</text>
          <textAlign>HaCenter</textAlign>
          <textVAlign>VaMiddle</textVAlign>
          <selectedIndex>-1</selectedIndex>
        </control>
        <control controlID="16A42E0A-4670-4878-B959-60E0B5EF732A" controlTypeID="Button" x="139" y="593" w="89" h="25" zOrder="20">
          <font family="Segoe+UI" displayName="Segoe+UI" postScript="" weightStyle="Regular" weight="400" isBold="False" isItalic="False"/>
          <text>submit</text>
          <lineSpacing>0</lineSpacing>
          <selectedIndex>-1</selectedIndex>
        </control>
        <control controlID="4E1FAA1F-5506-4EE3-9A9A-AA604E3282EA" controlTypeID="CompositeComboBox" x="136" y="558" w="219" h="22" zOrder="21">
          <groupChildrenDescriptors>
            <control controlID="7831A569-D14A-484F-8A6F-FDCE446404F5" controlTypeID="TextInput" x="0" y="0" w="196" h="22" zOrder="0">
              <canMove>False</canMove>
              <alias>input</alias>
              <font family="Segoe+UI" displayName="Segoe+UI" postScript="" weightStyle="Regular" weight="400" isBold="False" isItalic="False"/>
              <text>Item1</text>
              <lineSpacing>0</lineSpacing>
            </control>
            <control controlID="1A5F3125-7CAC-45C0-A508-DD38A9F3765E" controlTypeID="Button" x="195" y="0" w="24" h="22" zOrder="1">
              <canMove>False</canMove>
              <alias>button</alias>
              <font family="Segoe+UI" displayName="Segoe+UI" postScript="" weightStyle="Regular" weight="400" isBold="False" isItalic="False"/>
              <lineSpacing>0</lineSpacing>
              <radius>0</radius>
            </control>
            <control controlID="D0FB016F-C910-4D75-895D-837207F62D3C" controlTypeID="List" x="0" y="22" w="219" h="252" zOrder="2">
              <isShow>False</isShow>
              <canMove>False</canMove>
              <alias>dropDown</alias>
              <font family="Segoe+UI" displayName="Segoe+UI" postScript="" weightStyle="Regular" weight="400" isBold="False" isItalic="False"/>
              <text>Item1%0D%0AItem2%0D%0AItem3%0D%0AItem4</text>
              <textSize>14</textSize>
              <lineSpacing>0</lineSpacing>
              <itemHeight>22</itemHeight>
              <interlaceColor>4294967295</interlaceColor>
            </control>
          </groupChildrenDescriptors>
          <baseHeight>22</baseHeight>
          <font family="Segoe+UI"/>
          <textSize>14</textSize>
        </control>
        <control controlID="20D4F98A-465F-4B64-B8F9-9604C34C8E88" controlTypeID="Shape" x="7" y="527" w="120" h="24" zOrder="22">
          <borderVisible>False</borderVisible>
          <font family="Segoe+UI" displayName="Segoe+UI" postScript="" weightStyle="Regular" weight="400" isBold="False" isItalic="False"/>
          <text>Number+of+artists</text>
          <textSize>14</textSize>
        </control>
        <control controlID="805E7F48-C995-4A79-BE6F-71BEAAA8BA28" controlTypeID="NumericStepper" x="137" y="529" w="75" h="21" zOrder="23">
          <font family="Segoe+UI" displayName="Segoe+UI" postScript="" weightStyle="Regular" weight="400" isBold="False" isItalic="False"/>
          <text>3</text>
          <textSize>14</textSize>
          <lineSpacing>0</lineSpacing>
        </control>
        <control controlID="7A95E69B-137F-432A-ACC6-F18DE424BE31" controlTypeID="Shape" x="7" y="559" w="120" h="24" zOrder="24">
          <borderVisible>False</borderVisible>
          <font family="Segoe+UI" displayName="Segoe+UI" postScript="" weightStyle="Regular" weight="400" isBold="False" isItalic="False"/>
          <text>choose+artists</text>
          <textSize>14</textSize>
          <selectedIndex>-1</selectedIndex>
        </control>
      </groupChildrenDescriptors>
    </control>
  </controls>
  <param>
    <backgroundColor>4294967295</backgroundColor>
    <fontSize>0</fontSize>
    <fontFamily/>
    <guideLines/>
  </param>
</mockup>