﻿<project version="2.9" name="237First_UI_Android" ID="F2B5CA40-4342-49A7-B1C0-B04660DE3522">
  <params>
    <pageParam version="5.1" minAllowVersion="5.1"/>
    <projectParam version="2.9" minAllowVersion="2.9" platform="MtMobile" orientation="MoPortrait" mobileScreenScale="1.77777779102325" mobileType="mmtAndroid" pageSize="(360,640)" backgroundColor="4294967295" fontSize="0" fontFamily="" projectType="ptPersonalProject" isShowTitleIndex="False"/>
    <previewParam version="1.0"/>
    <colorParam version="1.0"/>
  </params>
  <pages>
    <page name="Login" ID="DEB1B3FD-EF8B-4F67-82F4-9E5BC60DF71E" expanded="True" code="cuUWXeLbpS" thumbCode="cuUWXeLbpS" status="psWhite" isfolder="False" isshownode="True"/>
    <page name="Sign in" ID="D2DD6C4F-0336-4518-8E33-C728674AA441" expanded="True" code="FBDTuZXFFe" thumbCode="K3CkCPRomx" status="psWhite" isfolder="False" isshownode="True"/>
    <page name="Sign Up" ID="D6DF3855-CE48-44A3-959A-D1C5DE6007AC" expanded="True" code="ZR1iuLuGBR" thumbCode="VcXvev8ZU8" status="psWhite" isfolder="False" isshownode="True"/>
    <page name="News Feed" ID="7D82D108-6C3C-4B41-8F46-37468D75CF35" expanded="True" code="MSdpxEMyrC" thumbCode="MSdpxEMyrC" status="psWhite" isfolder="False" isshownode="True">
      <images>
        <image key="EE04925DDE4EB9BF58D807978ECA60CB.svg"/>
        <image key="97D42F84AB1ACA7B3DB71E8D7DA90BF0.svg"/>
        <image key="D6859759E093AABA6D618DD6AA733504.svg"/>
        <image key="C0D30DA94924EE91FA29621C8DF1B032.svg"/>
      </images>
    </page>
    <page name="Browse List" ID="4B619D6A-FDC5-40C1-8DC3-3BB202EB5EB4" expanded="True" code="YC589LYwsL" thumbCode="YC589LYwsL" status="psWhite" isfolder="False" isshownode="True">
      <images>
        <image key="EE04925DDE4EB9BF58D807978ECA60CB.svg"/>
        <image key="92A37C37F1C55861F795B008D0D7225E.svg"/>
      </images>
    </page>
    <page name="Media player" ID="DC82554D-2385-453B-8686-A83FADB4DD7A" expanded="True" code="Z2lI6IKkCH" thumbCode="Z2lI6IKkCH" status="psWhite" isfolder="False" isshownode="True">
      <images>
        <image key="F1A083532284A2F27691E1826CCF3A21.svg"/>
        <image key="16B5071B42504985CFBDE708BB381A3F.svg"/>
        <image key="13D986C888731CDE4A08CE83532A7F40.svg"/>
        <image key="9C5D54E8152D0F872A2374FC975D8975.svg"/>
        <image key="6D7EF64763513FFA388134F688FAFB91.svg"/>
        <image key="1ADDD662F0862C7053E639D064FCA264.svg"/>
      </images>
    </page>
    <page name="Timeline" ID="4B8D6AE2-1812-48CE-B9CF-E0AE995490FA" expanded="True" code="m9R7jIQUHF" thumbCode="m9R7jIQUHF" status="psWhite" isfolder="False" isshownode="True">
      <images>
        <image key="EE04925DDE4EB9BF58D807978ECA60CB.svg"/>
      </images>
    </page>
    <page name="Blog" ID="ABAB764A-F1DD-4AF7-B8D1-AC9DE244C844" expanded="True" code="9wClbvUTcH" thumbCode="9wClbvUTcH" status="psWhite" isfolder="False" isshownode="True">
      <images>
        <image key="EE04925DDE4EB9BF58D807978ECA60CB.svg"/>
        <image key="CFAC147583A1C602F91FE6F2C39DA488.svg"/>
        <image key="2D780716D3D89B2EFB0155599BA0A89F.svg"/>
      </images>
    </page>
    <page name="My Page" ID="B421D244-1F5E-46CC-B11B-CDAED1A66D80" expanded="True" code="xiJrUA8p6j" thumbCode="YnkUMtXYlL" status="psWhite" isfolder="False" isshownode="True">
      <images>
        <image key="92A37C37F1C55861F795B008D0D7225E.svg"/>
        <image key="CFAC147583A1C602F91FE6F2C39DA488.svg"/>
        <image key="2D780716D3D89B2EFB0155599BA0A89F.svg"/>
      </images>
    </page>
    <page name="My page - my library" ID="0BD5AFB8-8819-4F07-A08F-43A30A4BA1CB" expanded="True" code="mDHJALYTr5" thumbCode="mDHJALYTr5" status="psWhite" isfolder="False" isshownode="True">
      <images>
        <image key="92A37C37F1C55861F795B008D0D7225E.svg"/>
        <image key="CFAC147583A1C602F91FE6F2C39DA488.svg"/>
        <image key="2D780716D3D89B2EFB0155599BA0A89F.svg"/>
      </images>
    </page>
    <page name="My page - network" ID="B3223A31-70F0-4E7D-B578-FD248C50D114" expanded="True" code="8hEIEZCFNl" thumbCode="8hEIEZCFNl" status="psWhite" isfolder="False" isshownode="True">
      <images>
        <image key="92A37C37F1C55861F795B008D0D7225E.svg"/>
      </images>
    </page>
    <page name="My page - statistics" ID="6EB601A7-083B-461C-813A-BDB239B468CC" expanded="True" code="riguWCeM8w" thumbCode="riguWCeM8w" status="psWhite" isfolder="False" isshownode="True">
      <images>
        <image key="92A37C37F1C55861F795B008D0D7225E.svg"/>
      </images>
    </page>
    <page name="Marketing" ID="0F7E7BBC-58A9-4967-85E4-1BB821695E79" expanded="True" code="JSTWTU6BQ3" thumbCode="JSTWTU6BQ3" status="psWhite" isfolder="False" isshownode="True"/>
    <page name="Region Based Campaign" ID="89E3A6C9-1EE9-4853-94AB-A901A111AE50" expanded="True" code="6TnsYyJPpN" thumbCode="6TnsYyJPpN" status="psWhite" isfolder="False" isshownode="True"/>
    <page name="Invitation" ID="2E996C29-BEAB-4E6B-B834-294BBACD4BEA" expanded="True" code="wKsWMvJAWA" thumbCode="wKsWMvJAWA" status="psWhite" isfolder="False" isshownode="True">
      <images>
        <image key="E7D27E7A00FA7023CB70F7694DE9F06F.svg"/>
      </images>
    </page>
    <page name="Investment" ID="41A165FE-99F9-4672-B394-703188EA514A" expanded="True" code="LAsN1YhI4b" thumbCode="LAsN1YhI4b" status="psWhite" isfolder="False" isshownode="True"/>
    <page name="One-to-One investment" ID="3B8E14CC-E4E4-4D0D-819D-D4665FEEE478" expanded="True" code="C2PEEZQjrg" thumbCode="C2PEEZQjrg" status="psWhite" isfolder="False" isshownode="True"/>
    <page name="One-to- Many investment" ID="FA897061-9E55-4F76-B0C9-C6D96CC77A1E" expanded="True" code="u2CQdTcPlS" thumbCode="u2CQdTcPlS" status="psWhite" isfolder="False" isshownode="True"/>
    <page name="Many-to-One investment" ID="4BE2CE61-4B4D-4757-8960-99028F8C11B1" expanded="True" code="mzylwAJTgJ" thumbCode="mzylwAJTgJ" status="psWhite" isfolder="False" isshownode="True"/>
    <page name="Many-to- Many investment" ID="8797C893-12B2-40D1-B089-D0379251F13A" expanded="True" code="Knx9qZsizB" thumbCode="Knx9qZsizB" status="psWhite" isfolder="False" isshownode="True"/>
    <page name="Promotion" ID="0AF04F2E-5877-4A36-90BC-C8E72C1F03CC" expanded="True" code="SekxZ4xqXY" thumbCode="bgfOA6CKiD" status="psWhite" isfolder="False" isshownode="True">
      <images>
        <image key="F1A083532284A2F27691E1826CCF3A21.svg"/>
      </images>
    </page>
    <page name="Start Promoting" ID="0C8D73B4-2842-4C50-BA32-6691E1BB58AA" expanded="True" code="pN8oHYAfZm" thumbCode="pN8oHYAfZm" status="psWhite" isfolder="False" isshownode="True"/>
    <page name="Settings" ID="C183388E-E4EF-4DBA-BA1E-091C7B3334B6" expanded="True" code="pW6ZWTYZzn" thumbCode="pW6ZWTYZzn" status="psWhite" isfolder="False" isshownode="True"/>
    <page name="Dashboard" ID="8C9178B0-E91D-4A99-9E17-CA6F352678A7" expanded="True" code="pMqeG42BOC" thumbCode="pMqeG42BOC" status="psWhite" isfolder="False" isshownode="True">
      <images>
        <image key="CFAC147583A1C602F91FE6F2C39DA488.svg"/>
        <image key="2D780716D3D89B2EFB0155599BA0A89F.svg"/>
      </images>
    </page>
    <page name="Notifications" ID="E974858F-826C-4F80-BCD6-A7EFA8A1BB0A" expanded="True" code="pLtaij9WKb" thumbCode="pLtaij9WKb" status="psWhite" isfolder="False" isshownode="True"/>
    <page name="About us" ID="3536D2D3-B4B2-4440-81F7-D6D5E1F28C6E" expanded="True" code="EZjUJ7dBpn" thumbCode="EZjUJ7dBpn" status="psWhite" isfolder="False" isshownode="True"/>
    <page name="My Account Settings" ID="85B9936F-F7FC-4D72-9B30-84D3E4202B70" expanded="True" code="eDestn66am" thumbCode="eDestn66am" status="psWhite" isfolder="False" isshownode="True"/>
    <page name="Storage Settings" ID="B293EB83-DE46-4ECB-AD9C-8B0E61D4DA86" expanded="True" code="LdeVTwBGIb" thumbCode="LdeVTwBGIb" status="psWhite" isfolder="False" isshownode="True"/>
    <page name="Drawer" ID="063F464A-96AC-44FA-B83B-0D7767AD986B" expanded="True" code="aKjoBKfdpm" thumbCode="aKjoBKfdpm" status="psWhite" isfolder="False" isshownode="True"/>
    <page name="User list" ID="5FE4FDE9-FA85-446B-A135-7ACA8CB36CA9" expanded="True" code="AzkmP9sQQj" thumbCode="AzkmP9sQQj" status="psWhite" isfolder="False" isshownode="True"/>
    <page name="web view" ID="BB805237-3C0D-48A6-AFB5-624B6A844F1A" expanded="True" code="2vWq7oEEhR" thumbCode="2vWq7oEEhR" status="psWhite" isfolder="False" isshownode="True"/>
    <page name="My account options" ID="129A7476-250C-4225-A26B-BEC34948C1AE" expanded="True" code="ehoKnMBR25" thumbCode="ehoKnMBR25" status="psWhite" isfolder="False" isshownode="True"/>
    <page name="reset email" ID="58FB975F-C2DA-4B7B-8E06-AE5FF67ABA18" expanded="True" code="EBTekaOwBa" thumbCode="EBTekaOwBa" status="psWhite" isfolder="False" isshownode="True"/>
    <page name="reset password" ID="AF3B573E-9649-458B-B112-E600287D2A89" expanded="True" code="uP6yoQeDBi" thumbCode="uP6yoQeDBi" status="psWhite" isfolder="False" isshownode="True"/>
    <page name="account details" ID="472FCEAF-FED9-4F9B-B63F-41A88013F422" expanded="True" code="UKnSG2356Y" thumbCode="UKnSG2356Y" status="psWhite" isfolder="False" isshownode="True"/>
    <page name="upgrade account" ID="76A4134C-8E18-40B6-9CCC-6307C1565A5A" expanded="True" code="hDRyx8r4Us" thumbCode="zfS8TUtkwf" isLastOpen="True" status="psWhite" isfolder="False" isshownode="True"/>
    <page name="delete account" ID="ADFD2C6A-BFD2-4BD0-B37F-C69A258AB47C" expanded="True" code="JEIzEfQ5Ua" thumbCode="JEIzEfQ5Ua" status="psWhite" isfolder="False" isshownode="True"/>
    <page name="rate us" ID="B0C01994-97E2-4005-B919-C9DD5AFE1D46" expanded="True" code="a1CQTD9gxl" thumbCode="a1CQTD9gxl" status="psWhite" isfolder="False" isshownode="True">
      <images>
        <image key="7368E932054EB35095B123FCB5C28A31.svg"/>
      </images>
    </page>
    <page name="List of users" ID="CF04A20C-5B9D-4815-BBD3-4AC951038AAE" expanded="True" code="N1ycH8ydGc" thumbCode="N1ycH8ydGc" status="psWhite" isfolder="False" isshownode="True"/>
    <page name="PayPal Payment" ID="A92FA5FF-178D-4AE2-88DC-7244E16190A7" expanded="True" code="vDnnExCwHd" thumbCode="vDnnExCwHd" status="psWhite" isfolder="False" isshownode="True"/>
    <page name="join a network" ID="E1787FA4-D975-43D9-A1CF-5899AF72778F" expanded="True" code="3W1slpW2Eu" thumbCode="3W1slpW2Eu" status="psWhite" isfolder="False" isshownode="True"/>
    <page name="share" ID="7068EA60-E55E-4438-9B17-DF7E566C47E0" expanded="True" code="CgjtoeiKqp" thumbCode="CgjtoeiKqp" status="psWhite" isfolder="False" isshownode="True">
      <images>
        <image key="A4BBA5CCC7880CC1D7108AAE4A99AB6E.svg"/>
        <image key="CFAC147583A1C602F91FE6F2C39DA488.svg"/>
      </images>
    </page>
    <page name="my page settings" ID="86913C8E-8E0B-4AC8-B4E5-7F882B7495EE" expanded="True" code="WZfJZxZWHk" thumbCode="WZfJZxZWHk" status="psWhite" isfolder="False" isshownode="True"/>
    <page name="content settings" ID="61E89ADF-7E36-43FB-95EE-C3882B533EC1" expanded="True" code="wXvcNTkp5M" thumbCode="wXvcNTkp5M" status="psWhite" isfolder="False" isshownode="True"/>
    <page name="my page - share" ID="ED944DED-EF11-4469-A389-32072FCFD2BA" expanded="True" code="llyFjN7Nm6" thumbCode="llyFjN7Nm6" status="psWhite" isfolder="False" isshownode="True">
      <images>
        <image key="A4BBA5CCC7880CC1D7108AAE4A99AB6E.svg"/>
        <image key="CFAC147583A1C602F91FE6F2C39DA488.svg"/>
      </images>
    </page>
    <page name="upload file" ID="E35DCA7C-F3D0-40A5-B3F2-5E3D2F2BAA33" expanded="True" code="GQ5CGL2K7c" thumbCode="GQ5CGL2K7c" status="psWhite" isfolder="False" isshownode="True">
      <images>
        <image key="CFAC147583A1C602F91FE6F2C39DA488.svg"/>
        <image key="D08755C22A9B40B6BF65036DEC8B44B4.svg"/>
        <image key="8FACD1A6DD0E0A1D0F90FF61845F4023.svg"/>
      </images>
    </page>
  </pages>
  <trash>
    <page name="Page" ID="9C3B3DED-6385-4FC6-A387-A2652F189C7B" expanded="False" code="VJxEx13RcC" thumbCode="sjpXZx5adD" isLastOpen="True" status="psWhite" isfolder="False" isshownode="True"/>
    <page name="Targe" ID="BBC3C20A-127D-49D7-B349-F230C7C8F1A5" expanded="False" code="shxhnAiTRV" thumbCode="BIO2HZnXgK" isLastOpen="True" status="psWhite" isfolder="False" isshownode="True"/>
    <page name="Page" ID="97E22E67-D67C-4DCC-8B1F-2F09BD3B44DF" expanded="False" code="v3ZwxuZ8SB" thumbCode="H4ocqhvFCi" isLastOpen="True" status="psWhite" isfolder="False" isshownode="True"/>
  </trash>
  <deletes/>
  <masters/>
  <images>
    <image key="F1A083532284A2F27691E1826CCF3A21.svg"/>
    <image key="16B5071B42504985CFBDE708BB381A3F.svg"/>
    <image key="A4BBA5CCC7880CC1D7108AAE4A99AB6E.svg"/>
    <image key="92A37C37F1C55861F795B008D0D7225E.svg"/>
    <image key="6D7EF64763513FFA388134F688FAFB91.svg"/>
    <image key="8FACD1A6DD0E0A1D0F90FF61845F4023.svg"/>
    <image key="9C5D54E8152D0F872A2374FC975D8975.svg"/>
    <image key="2D780716D3D89B2EFB0155599BA0A89F.svg"/>
    <image key="E7D27E7A00FA7023CB70F7694DE9F06F.svg"/>
    <image key="C0D30DA94924EE91FA29621C8DF1B032.svg"/>
    <image key="EE04925DDE4EB9BF58D807978ECA60CB.svg"/>
    <image key="97D42F84AB1ACA7B3DB71E8D7DA90BF0.svg"/>
    <image key="13D986C888731CDE4A08CE83532A7F40.svg"/>
    <image key="CFAC147583A1C602F91FE6F2C39DA488.svg"/>
    <image key="D6859759E093AABA6D618DD6AA733504.svg"/>
    <image key="D08755C22A9B40B6BF65036DEC8B44B4.svg"/>
    <image key="7368E932054EB35095B123FCB5C28A31.svg"/>
    <image key="1ADDD662F0862C7053E639D064FCA264.svg"/>
  </images>
</project>